{"type":"FeatureCollection","features":[{"type":"Feature","properties":{"type":"damaged","subtype":"ruined","desc":"Tuzla, crkva Uspenja Presvete Bogorodice osvećena 28.8.1882, oštećen krov i fasada tokom 1992 od strane muslimanske vojske","object":"crkva","time0":"1.1.1992","koor":"","date0":"ne"},"geometry":{"type":"Point","coordinates":[18.68004083633423,44.537838780951034]}},{"type":"Feature","properties":{"desc":"Tuzla, eparhijski dvor je granatiran od strane muslimanske vojske 1992 godine i odnnijet je dio crkvenih dragocjenosti","object":"dom","time0":"1.1.1992","koor":"","date0":"ne","subtype":"mined","type":"damaged"},"geometry":{"type":"Point","coordinates":[18.679336756467816,44.537969742172855]}},{"type":"Feature","properties":{"type":"damaged","subtype":"mined","desc":"Tuzla, crkva Svetog velikomučenika Georgija, osvećena 14.10.1900, oštećena granatama","object":"crkva","time0":"1.1.1992","date0":"ne"},"geometry":{"type":"Point","coordinates":[18.689058423042297,44.53815614632362]}},{"type":"Feature","properties":{"type":"damaged","desc":"Ajdinovići, crkva Svetog velikomučenika Prokopija u periodu 91-95 zapaljena granatama","object":"crkva","time0":"1.1.1992","koor":"","date0":"ne","subtype":"burned"},"geometry":{"type":"Point","coordinates":[18.554052114486694,44.0761246844085]}},{"type":"Feature","properties":{"type":"damaged","subtype":"mined","desc":"Boljanić, crkva Svete Trojice (Silazak Svetog Duha), osvećena je 1905 godine a u periodu 92-95 oštečena gelerima od granata","object":"crkva","time0":"1.1.1992","date0":"ne"},"geometry":{"type":"Point","coordinates":[18.22208046913147,44.68167612394233]}},{"type":"Feature","properties":{"desc":"Blatnica, crkva Svetog velikomučenika Kneza Lazara Srbskog, osvećena 28.6.1973 oćtećena gelerima granata između 91-95","object":"crkva","time0":"1.1.1992","koor":"","date0":"ne","type":"damaged","subtype":"ruined"},"geometry":{"type":"Point","coordinates":[17.816235423088074,44.48524696714878]}},{"type":"Feature","properties":{"desc":"Bijela, crkva Vaznesenja Gospodnjeg, osvećena 14.10.1936, zapaljena pa srušena.","object":"crkva","time0":"1.1.1992","koor":"","date0":"ne","type":"destroyed","subtype":"mined"},"geometry":{"type":"Point","coordinates":[18.563319146633148,44.78771182464668]}},{"type":"Feature","properties":{"type":"destoyed","object":"dom","time0":"1.1.1992","subtype":"mined","desc":"Bijela, parohijski dom srušen","date0":"ne"},"geometry":{"type":"Point","coordinates":[18.56351226568222,44.78758428181005]}},{"type":"Feature","properties":{"desc":"Brod, crkva Pokrova Presvete Bogorodice, osvećena 1890 godine uništena do temelja","subtype":"mined","type":"destroyed","object":"crkva","time0":"1.1.1992","date0":"ne"},"geometry":{"type":"Point","coordinates":[17.99525946378708,45.14587571731588]}},{"type":"Feature","properties":{"type":"demaged","subtype":"mined","desc":"Brod, parohijski dom posle plaške granatiran","object":"dom","time0":"1.1.1992","koor":"","date0":"ne"},"geometry":{"type":"Point","coordinates":[17.995570600032806,45.14574896836692]}},{"type":"Feature","properties":{"type":"destroyed","subtype":"mined","desc":"Lužani, crkva Svih Svetih, podignuta 1982 godine na temeljima stare iz 1883 godine, minirana i srušena do temelja za pravoslavni Vaskrs","object":"crkva","time0":"1.1.1992","date0":"ne"},"geometry":{"type":"Point","coordinates":[17.996034622192383,45.02370489563228]}},{"type":"Feature","properties":{"desc":"Lužani, stari hram Crkva Svetih apostola Petra i Pavla sagrađena 1928 godin , Hrvati porušili za Vasrks 1992 godine","object":"crkva","time0":"1.1.1992","date0":"ne","subtype":"mined","type":"destroyed"},"geometry":{"type":"Point","coordinates":[17.995828092098236,45.0238243323781]}},{"type":"Feature","properties":{"desc":"Lužani - Polje, crkva Svetih apostola Petra i Pavla, podignuta 1935 na Božić 1993 goodine","object":"crkva","time0":"1.1.1993","date0":"ne","subtype":"mined","type":"destroyed"},"geometry":{"type":"Point","coordinates":[17.95565128326416,44.98642846396161]}},{"type":"Feature","properties":{"desc":"Lužani, parohijski dom uništen, ostali samo zidovi","object":"dom","time0":"1.1.1992","koor":"ne","date0":"ne","type":"damaged","subtype":"ruined"},"geometry":{"type":"Point","coordinates":[17.995718121528625,45.023701103985466]}},{"type":"Feature","properties":{"desc":"Miloševac, crkva Svetog Nikole sagrađena 1906 godine oštećena granatama u periodu 1991-1993","time0":"1.1.1992","object":"crkva","date0":"ne","subtype":"mined","type":"damaged"},"geometry":{"type":"Point","coordinates":[18.3940851688385,44.992225578138196]}},{"type":"Feature","properties":{"desc":"Šamac, crkva Svetog velikomučenika Dimitrija sagrađena 1937 godine, u periodu 91-92 oštećena gelerima granata","object":"crkva","time0":"1.1.1992","koor":"","date0":"ne","type":"damaged","subtype":"mined"},"geometry":{"type":"Point","coordinates":[18.4654238820076,45.06040005913832]}},{"type":"Feature","properties":{"type":"damaged","subtype":"mined","desc":"Šamac, parohijski dom oštećen gelerima granata u vremenu 91-95","object":"dom","time0":"1.1.1992","koor":"","date0":"ne"},"geometry":{"type":"Point","coordinates":[18.465584814548492,45.06070319557684]}},{"type":"Feature","properties":{"desc":"Šamac, crkva Svetog kneza Lazara u proleđe 1992 srušena. Prva crkva koja je srušena u bivšoj Bosni i Hercegovini","object":"crkva","time0":"1.1.1992","date0":"ne","type":"destroyed","subtype":"mined"},"geometry":{"type":"Point","coordinates":[18.46041351556778,45.05215413161462]}},{"type":"Feature","properties":{"type":"destroyed","subtype":"mined","desc":"Bukvik, crkva Svetog proroka Ilije, sagrađena 1903 godine srušena u periodu 91-93","object":"crkva","time0":"1.1.1992","date0":"ne"},"geometry":{"type":"Point","coordinates":[18.669966459274292,44.841066616279136]}},{"type":"Feature","properties":{"type":"destroyed","subtype":"mined","desc":"Bukvik, parohijski dom podignut 1971, srušen u periodu 91-93","object":"dom","time0":"1.1.1992","koor":"","date0":"ne"},"geometry":{"type":"Point","coordinates":[18.670006692409515,44.841338581889126]}},{"type":"Feature","properties":{"type":"damaged","subtype":"mined","desc":"Brčko, crkva Uspenja Presvete Bogorodice osvećena 26.9.1971 godine, oštećena fasada od metaka i gelera granata tokom 92-95 godine","object":"crkva","time0":"1.1.1992","date0":"ne"},"geometry":{"type":"Point","coordinates":[18.807896375656124,44.86449659257454]}},{"type":"Feature","properties":{"koor":"ne","date0":"ne","time0":"1.1.1992","object":"dom","desc":"Brčko, parohijski dom sagrađen 1973. godine, oštećen krov tokom 92-95","subtype":"mined","type":"damaged"},"geometry":{"type":"Point","coordinates":[18.80881905555725,44.8642646593327]}},{"type":"Feature","properties":{"type":"damaged","subtype":"mined","desc":"Vinska, crkva Rođenja Presvete Bogorodice, osvećena 21.9.1933, teško oštećena granatamau vremenu 91-95","object":"crkva","time0":"1.1.1992","koor":"","date0":"ne"},"geometry":{"type":"Point","coordinates":[18.094768077135086,45.064623931113545]}},{"type":"Feature","properties":{"type":"destroyed","subtype":"mined","desc":"Vinska, parohijski dom sagrađen 1971. godine sapqen i porušen","object":"dom","time0":"1.1.1992","koor":"","date0":"ne"},"geometry":{"type":"Point","coordinates":[18.094557523727413,45.06471202379798]}},{"type":"Feature","properties":{"type":"destroyed","subtype":"ruined","desc":"Vinksa, crkva Svetog proroka Ilije, osvećena 1974. godine uništena u razdoblju 91-95","object":"crkva","time0":"1.1.1992","date0":"ne"},"geometry":{"type":"Point","coordinates":[18.09345781803131,45.06775255905524]}},{"type":"Feature","properties":{"type":"damaged","desc":"Visočnik, crkva Uspenja Presvete Bogorodice osvećena 9.8.1939 godine, teško oštećena od strane muslimana","object":"crkva","time0":"16.11.1993","koor":"ne","subtype":"ruined"},"geometry":{"type":"Point","coordinates":[19.381942749023438,44.081912936473316]}},{"type":"Feature","properties":{"type":"damaged","subtype":"ruined","desc":"Visočnik, oštećen je parohijski dom u periodu 92-95 godine","object":"dom","time0":"1.1.1992","koor":"ne","date0":"ne"},"geometry":{"type":"Point","coordinates":[19.381513595581055,44.08182045221025]}},{"type":"Feature","properties":{"desc":"Vučilovac, crkva Svetog velikomučenika Pantelejmona uništena u periodu 1991-1995","object":"crkva","time0":"1.1.1992","date0":"ne","subtype":"mined","type":"damaged"},"geometry":{"type":"Point","coordinates":[18.7638920545578,44.94912397950689]}},{"type":"Feature","properties":{"desc":"Vučilovac, uništen Svetosavski dom","object":"dom","time0":"1.1.1992","date0":"ne","type":"damaged","subtype":"mined"},"geometry":{"type":"Point","coordinates":[18.764095902442932,44.94895313301437]}},{"type":"Feature","properties":{"subtype":"mined","type":"destroyed","desc":"Gnionica, crkva Svetog velikomučenima Lazara Srbskog, osvećena 27.7.1991, porušena do temelja u vremenu 1991-1993","object":"crkva","time0":"1.1.1992","date0":"ne"},"geometry":{"type":"Point","coordinates":[18.268595337867733,45.008337185368134]}},{"type":"Feature","properties":{"subtype":"mined","type":"damaged","desc":"Gornje Krečane, crkva Svetog jevangeliste Marka iz 1991 godine, granatirawem oštećena","object":"crkva","time0":"1.1.1992","date0":"ne"},"geometry":{"type":"Point","coordinates":[18.3546781539917,44.87491361387959]}},{"type":"Feature","properties":{"type":"damaged","desc":"Gornja Jasenica, crkva Svetih apostola Petra i Pavla iz 1900. godine oštećena 1993 godine","subtype":"ruined","object":"crkva","time0":"1.1.1993","date0":"ne"},"geometry":{"type":"Point","coordinates":[18.584704399108887,44.666028031365244]}},{"type":"Feature","properties":{"koor":"ne","date0":"ne","desc":"Gornja Jasenica, parohijski dom sagrađen 1976 godine zapaljen u razdoblju 1991-1995","object":"dom","time0":"1.1.1992","subtype":"burned","type":"damaged"},"geometry":{"type":"Point","coordinates":[18.585047721862793,44.665860159588895]}},{"type":"Feature","properties":{"koor":"ne","date0":"ne","time0":"1.1.1992","object":"crkva","desc":"Grk, hrvatska vojska razorila crkvu","subtype":"mined","type":"destroyed"},"geometry":{"type":"Point","coordinates":[18.037405014038086,45.03371396774147]}},{"type":"Feature","properties":{"type":"damaged","subtype":"burned","desc":"Gradačac, crkva Svetog proroka Ilije iz 1887 godine, muslimani granatirali i zapalili","time0":"1.1.1992","object":"crkva","date0":"ne"},"geometry":{"type":"Point","coordinates":[18.419893383979797,44.882173998953064]}},{"type":"Feature","properties":{"subtype":"ruined","koor":"ne","date0":"ne","time0":"1.1.1992","object":"dom","type":"destroyed","desc":"Gradačac, razrušen parohijski dom"},"geometry":{"type":"Point","coordinates":[18.4200382232666,44.8819307338688]}},{"type":"Feature","properties":{"type":"damaged","desc":"Gračanica, crkva Vaznesenja Gospodnjeg, osvećena 1925 godine, oštećena od starne muslimana granatiranjem","object":"crkva","time0":"1.1.1993","koor":"","date0":"ne","subtype":"mined"},"geometry":{"type":"Point","coordinates":[18.310770392417904,44.70760709628317]}},{"type":"Feature","properties":{"object":"dom","time0":"1.1.1993","koor":"ne","date0":"ne","desc":"Gračanica, parohijski dom podignut 1926 miniran i dignut u vazduh","subtype":"mined","type":"destroyed"},"geometry":{"type":"Point","coordinates":[18.31118881702423,44.70762997142565]}},{"type":"Feature","properties":{"type":"destroyed","time0":"4.6.1992","object":"crkva","subtype":"mined","desc":"Derventa, crkva Uspenja Presvete Bogorodice iz 1885 godine, muslimani i hrvati porušili do temelja"},"geometry":{"type":"Point","coordinates":[17.90614441037178,44.97722794598078]}},{"type":"Feature","properties":{"koor":"","time0":"4.6.1992","object":"dom","type":"destroyed","subtype":"mined","desc":"Derventa, parohijski dom iz 1936. godine uništen"},"geometry":{"type":"Point","coordinates":[17.906715720891953,44.97712169361958]}},{"type":"Feature","properties":{"desc":"Dubnica, crkva Cetih Joakima i ane, osvećena 1912 godine, spaljena od strane muslimana ","object":"crkva","time0":"1.1.1992","subtype":"burned","type":"destroyed","koor":"","date0":"ne"},"geometry":{"type":"Point","coordinates":[18.864437341690063,44.4560998329985]}},{"type":"Feature","properties":{"desc":"Dubnica, parohijski dom, spaljen","object":"dom","time0":"1.1.1992","subtype":"burned","type":"destroyed","koor":"ne","date0":"ne"},"geometry":{"type":"Point","coordinates":[18.864142298698425,44.4560079356459]}},{"type":"Feature","properties":{"desc":"Dubnica, svetosavski dom, spaljen","object":"dom","time0":"1.1.1992","subtype":"burned","type":"destroyed","date0":"ne","koor":"ne"},"geometry":{"type":"Point","coordinates":[18.864839673042297,44.455732242720444]}},{"type":"Feature","properties":{"desc":"Drinjača, crkva Svetog mučenika đakona Avakima Srbskog, oštećena granatiranjem u periodu 1991-1995","object":"crkva","time0":"1.1.1992","date0":"ne","subtype":"mined","type":"damaged"},"geometry":{"type":"Point","coordinates":[19.14346218109131,44.28195597713221]}},{"type":"Feature","properties":{"date0":"ne","type":"damaged","subtype":"mined","desc":"Drinjača, parohijski dom. oštećen granatiranjem","object":"dom","time0":"1.1.1992"},"geometry":{"type":"Point","coordinates":[19.143510460853577,44.281829241989755]}},{"type":"Feature","properties":{"desc":"Donja Dubica, crkva Uspenja Presvete Bogorodice podignuta 1968 godine na temeljima stare crkve koja je osvećena 1911 godine, zapaljena","subtype":"burned","type":"damaged","object":"crkva","time0":"21.6.1992","date0":""},"geometry":{"type":"Point","coordinates":[18.388385474681854,45.0696772005861]}},{"type":"Feature","properties":{"desc":"Donja Dubica, parohijski dom znatno oštećen","type":"damaged","subtype":"ruined","object":"dom","time0":"21.6.1992"},"geometry":{"type":"Point","coordinates":[18.388162851333618,45.06953891649528]}},{"type":"Feature","properties":{"desc":"Donja Jasenica, crkva Svetih apostola Petra i Pavla, opljačaka i oštećena","time0":"1.1.1992","object":"crkva","type":"damaged","subtype":"ruined","date0":"ne"},"geometry":{"type":"Point","coordinates":[18.617963790893555,44.66480713463005]}},{"type":"Feature","properties":{"type":"destroyed","subtype":"mined","desc":"Donji Klakar, crkva Svetih vrača Kozme i Damjana, iz 1972 godine, razrušena od strane Hrvata u periodu 1991-1995","object":"crkva","time0":"1.1.1992","date0":"ne"},"geometry":{"type":"Point","coordinates":[18.14503937959671,45.059072870996694]}},{"type":"Feature","properties":{"type":"damaged","subtype":"burned","desc":"Donji Klakar, Svetosavski dom je zapaljen","time0":"1.1.1992","object":"dom","date0":"ne"},"geometry":{"type":"Point","coordinates":[18.145290166139603,45.05912828953328]}},{"type":"Feature","properties":{"type":"damaged","subtype":"ruined","desc":"Erići, kapela na pravoslavnom groblju oštećena","object":"kapela","time0":"1.1.1992","koor":"ne","date0":"ne"},"geometry":{"type":"Point","coordinates":[17.92764902114868,44.84560808349495]}},{"type":"Feature","properties":{"type":"damaged","subtype":"robbed","desc":"Živinice, kapela Presvete Bogorodice u parohijskom domu opljačkana i oskrnavljena","object":"kapela","time0":"1.1.1992","koor":"ne","date0":"ne"},"geometry":{"type":"Point","coordinates":[18.650150299072266,44.45182645311108]}},{"type":"Feature","properties":{"type":"damaged","subtype":"mined","desc":"Žlijebac, crkva Pokrova Presvete Bogorodice iz 1912 godine, ošteđena granatiranjem","object":"crkva","time0":"1.1.1992","koor":"","date0":"ne"},"geometry":{"type":"Point","coordinates":[19.582207202911377,44.04408637823786]}},{"type":"Feature","properties":{"desc":"Zovik, crkva Uspenja Presvete Bogorodice, osvećena 1973, srušena","object":"crkva","subtype":"mined","type":"destroyed","time0":"1.1.1992","date0":"ne"},"geometry":{"type":"Point","coordinates":[18.70332509279251,44.75852953585861]}},{"type":"Feature","properties":{"object":"dom","type":"destroyed","subtype":"mined","desc":"Zovik, svetosavski dom, srušen","time0":"1.1.1992","date0":"ne","koor":"ne"},"geometry":{"type":"Point","coordinates":[18.703024685382843,44.75858095961683]}},{"type":"Feature","properties":{"koor":"ne","date0":"ne","desc":"Zolje, kapela na groblju oštećena","object":"kapela","time0":"1.1.1992","subtype":"ruined","type":"damaged"},"geometry":{"type":"Point","coordinates":[18.898045420646667,44.45565183203869]}},{"type":"Feature","properties":{"type":"destroyed","subtype":"mined","desc":"Zborište, crkva Uspenja Presvete Bogorodice iz 1969 godine, potpuno uništena u periodu 1991-1995","object":"crkva","time0":"1.1.1992","koor":"ne","date0":"ne"},"geometry":{"type":"Point","coordinates":[18.003673553466797,45.06106316801011]}},{"type":"Feature","properties":{"type":"destroyed","subtype":"mined","desc":"Jeginov lug, neosvećena crkva srušena u periodu 91-93 van ratnih dejstava","object":"crkva","time0":"1.1.1992","koor":"","date0":"ne"},"geometry":{"type":"Point","coordinates":[18.78038763999939,44.43977812725249]}},{"type":"Feature","properties":{"type":"damaged","subtype":"burned","desc":"Karna, crkva Pokrova Presvete Bogorodice iz 1896, zapaljena u periodu 91-95","object":"crkva","time0":"1.1.1992","date0":"ne"},"geometry":{"type":"Point","coordinates":[19.363888800144196,44.00583051431148]}},{"type":"Feature","properties":{"type":"damaged","subtype":"ruined","time0":"1.4.1992","date0":"ne","object":"crkva","desc":"Kladanj, crkva Svetog velikomučenika Dimitrija, opljačkana i oštećena od strane muslimana u aprilu 1992"},"geometry":{"type":"Point","coordinates":[18.702748417854306,44.240466346828605]}},{"type":"Feature","properties":{"type":"destroyed","subtype":"mined","desc":"Kladanj, Svetosavsko-parohijski dom, razoren u aprilu 1992 od strane muslimana","object":"dom","time0":"1.4.1992","date0":"ne"},"geometry":{"type":"Point","coordinates":[18.70244801044464,44.240345286979526]}},{"type":"Feature","properties":{"type":"damaged","subtype":"mined","desc":"Kozluk, crkva Svetih apostola Petra i Pavla iz 1903 godine oštećena gelerima granata","date0":"ne","time0":"1.1.1992","object":"crkva"},"geometry":{"type":"Point","coordinates":[19.114054441452026,44.498915915089384]}},{"type":"Feature","properties":{"type":"damaged","subtype":"mined","desc":"Kozluk, parohijski dom iz 1960 godine, oštećen od gelera granata","time0":"1.1.1992","date0":"ne","object":"dom"},"geometry":{"type":"Point","coordinates":[19.11367893218994,44.49896183000785]}},{"type":"Feature","properties":{"type":"destroyed","subtype":"mined","desc":"Kostreš, crkva Svete velikomučenice Marine, iz 1940 godine, potpuno razorena u periodu 91-93","object":"crkva","time0":"1.1.1992","koor":"","date0":"ne"},"geometry":{"type":"Point","coordinates":[17.941306829452515,45.034813342456346]}},{"type":"Feature","properties":{"desc":"Kostreš, grobljanska kapela do temelja srušena miniranjem van ratnih dejstava u periodu 91-93","type":"destroyed","subtype":"mined","object":"kapela","time0":"1.1.1992","koor":"","date0":"ne"},"geometry":{"type":"Point","coordinates":[17.931009829044342,45.03066404008293]}},{"type":"Feature","properties":{"desc":"Kravica, crkva Svetih apostola Petra i Pavla iz 1909 godin, oštećena od strane muslimana","object":"crkva","time0":"7.1.1993","type":"damaged","subtype":"ruined"},"geometry":{"type":"Point","coordinates":[19.199783205986023,44.21711640425712]}},{"type":"Feature","properties":{"time0":"7.1.1993","object":"dom","desc":"Kravica, parohijski dom podignut 1939 zapaljen od strane muslimana","type":"damaged","subtype":"burned"},"geometry":{"type":"Point","coordinates":[19.199134111404415,44.217708483659514]}},{"type":"Feature","properties":{"desc":"Krnjići, crkva Svetog proroka Ilije osvećena 1921 godine, oštećena ","subtype":"ruined","type":"damaged","object":"crkva","time0":"1.1.1992","date0":"ne"},"geometry":{"type":"Point","coordinates":[19.47135418653488,44.01721187973962]}},{"type":"Feature","properties":{"type":"destroyed","subtype":"mined","desc":"Liješće, crkva Svete Trojice iz 1869 godine, Hrvati srušili do temelja 1992 godine","object":"crkva","time0":"1.1.1992","date0":"ne"},"geometry":{"type":"Point","coordinates":[18.07313472032547,45.09646579796388]}},{"type":"Feature","properties":{"type":"damaged","subtype":"burned","desc":"Liješće, parohijski dom iz 1940 godine spaljen od strane Hrvata","time0":"1.1.1992","object":"dom","date0":"ne"},"geometry":{"type":"Point","coordinates":[18.072874546051025,45.09633988590844]}},{"type":"Feature","properties":{"type":"damaged","subtype":"mined","desc":"Lončari, crkva Vozdviženja časnog Krsta iz 1980 godine oštećena granatama u peiodu 91-93","object":"crkva","time0":"1.1.1992","koor":"ne","date0":"ne"},"geometry":{"type":"Point","coordinates":[18.687915802001953,44.94116958687162]}},{"type":"Feature","properties":{"type":"damaged","subtype":"ruined","desc":"Lupljanica, oštećena crkva sagrađena sredinom 20og vijeka","object":"crkva","time0":"1.1.1992","koor":"ne","date0":"ne"},"geometry":{"type":"Point","coordinates":[17.859518229961395,44.92621652275457]}},{"type":"Feature","properties":{"desc":"Maglaj, crkva Svetog proroka Ilije, iz 1909 godinezapaljena i razrušena od strane muslimana 1992 godine","object":"crkva","time0":"1.1.1992","koor":"","date0":"ne","subtype":"mined","type":"destroyed"},"geometry":{"type":"Point","coordinates":[18.09747040271759,44.54987642312605]}},{"type":"Feature","properties":{"koor":"ne","date0":"ne","time0":"1.1.1992","object":"dom","desc":"Maglaj, parohijski dom opljačkan potpm razoren","subtype":"mined","type":"destroyed"},"geometry":{"type":"Point","coordinates":[18.0975803732872,44.55011726526705]}},{"type":"Feature","properties":{"type":"damaged","subtype":"ruined","desc":"Mala Brusnica, crkva Uspenja Presvete Bogorodice osvećena 1937 godine, od strane Hrvata prilično oštećena u periodu 91-93","object":"crkva","time0":"1.1.1992","koor":"","date0":"ne"},"geometry":{"type":"Point","coordinates":[18.205681443214417,45.077656383661164]}},{"type":"Feature","properties":{"object":"crkva","time0":"1.1.1992","koor":"ne","date0":"ne","desc":"Mali Prnjavor, oštećena crkva ","type":"damaged","subtype":"mined"},"geometry":{"type":"Point","coordinates":[17.984584271907806,44.8004684915242]}},{"type":"Feature","properties":{"type":"damaged","date0":"ne","time0":"1.1.1992","object":"crkva","desc":"Mačkovac, crkva Rođenja Presvete Bogorodice, oštećena gelerima granata u periodu 91-95","subtype":"mined"},"geometry":{"type":"Point","coordinates":[18.831124305725098,44.64807062724558]}},{"type":"Feature","properties":{"koor":"ne","date0":"ne","time0":"1.1.1992","object":"dom","desc":"Mačkovac, parohijski dom oštećen gelerima granata","subtype":"mined","type":"damaged"},"geometry":{"type":"Point","coordinates":[18.830795735120773,44.648003839439994]}},{"type":"Feature","properties":{"type":"damaged","subtype":"ruined","desc":"Mladikovine, oštečen deo crkve u izgradnji","object":"crkva","time0":"1.1.1992","koor":"ne","date0":"ne"},"geometry":{"type":"Point","coordinates":[17.802751958370205,44.50330253962673]}},{"type":"Feature","properties":{"desc":"Modriča, crkva Uspenja Presvete Bogorodice, sagrađena 1868 godine, obnovljena 1984. Zapaljena izvan ratnih dejstava tokom 1992","object":"crkva","time0":"1.1.1992","date0":"ne","subtype":"burned","type":"damaged"},"geometry":{"type":"Point","coordinates":[18.302916884422302,44.95344812473031]}},{"type":"Feature","properties":{"koor":"ne","date0":"ne","time0":"1.1.1992","object":"dom","desc":"Modriča, parohijsko-svetosavski dom posle pljačke spaljen tokom 1992 godine","subtype":"burned","type":"damaged"},"geometry":{"type":"Point","coordinates":[18.302796185016632,44.953601874554465]}},{"type":"Feature","properties":{"type":"damaged","subtype":"ruined","desc":"Mionica, crkva je demolirana i oškrnavljena","object":"crkva","time0":"1.1.1992","koor":"ne","date0":"ne"},"geometry":{"type":"Point","coordinates":[18.492436408996582,44.85796027991251]}},{"type":"Feature","properties":{"type":"damaged","subtype":"mined","desc":"Novi Grad, crkva Svetih apostola Petra i Pavla iz 1939 godine, oštećena granatam tokom 1992 godine, a unutrašnjost teško oštećena","object":"crkva","time0":"1.1.1992","date0":"ne"},"geometry":{"type":"Point","coordinates":[18.317905068397522,45.08958472319488]}},{"type":"Feature","properties":{"object":"dom","time0":"1.1.1992","date0":"ne","desc":"Novi Grad, parohijski dom iz 1937 godine oštećen i opljačkan u periodu 91-93 godine","subtype":"ruined","type":"damged"},"geometry":{"type":"Point","coordinates":[18.31784069538116,45.08936127318739]}},{"type":"Feature","properties":{"time0":"1.1.1992","koor":"ne","date0":"ne","object":"crkva","desc":"Orašje, crkva Svetog velikomučenika GEorgija iz 1991 godine, Hrvati potpuno uništili u periodu 91-93","subtype":"mined","type":"destoyed"},"geometry":{"type":"Point","coordinates":[18.692303895950317,45.03382769713964]}},{"type":"Feature","properties":{"date0":"ne","type":"damaged","subtype":"mined","desc":"Obudovac, crkva Rođenja Presvete Bogorodice, osvećena 14.10.1882 godine oštećena u granatama u vremenu 91-93","object":"crkva","time0":"1.1.1992","koor":""},"geometry":{"type":"Point","coordinates":[18.600057363510132,44.96902601294297]}},{"type":"Feature","properties":{"type":"damaged","subtype":"mined","desc":"Obudovac, Svetosavsko-parohijski dom je oštećen granatama u vremenu 91-93","object":"dom","time0":"1.1.1992","koor":"ne","date0":"ne"},"geometry":{"type":"Point","coordinates":[18.599789142608643,44.9687299813985]}},{"type":"Feature","properties":{"type":"damaged","subtype":"mined","desc":"Osmaci, crkva Presvete Trojice iz 1989 godine oštećena granatama u vremenu 91-95","object":"crkva","time0":"1.1.1992","koor":"","date0":"ne"},"geometry":{"type":"Point","coordinates":[18.902047276496887,44.3929897710737]}},{"type":"Feature","properties":{"type":"damaged","subtype":"ruined","desc":"Olovo, crkva Sabor Srbskih Svetitelja iz 1940 godine, znatno oštećena","object":"crkva","time0":"1.1.1992","koor":"","date0":"ne"},"geometry":{"type":"Point","coordinates":[18.582424521446228,44.12646774617108]}},{"type":"Feature","properties":{"type":"damaged","subtype":"burned","desc":"Olovo, parohijski dom spaljen u vremenu 91-93","object":"dom","time0":"1.1.1992","koor":"ne","date0":"ne"},"geometry":{"type":"Point","coordinates":[18.582478165626522,44.12677001786778]}},{"type":"Feature","properties":{"type":"damaged","subtype":"mined","desc":"Pelagićevo, crkva Svetog proroka Ilije, osvećena 1936, oštećena gelerima granata tokokm 1992 godine","object":"crkva","time0":"1.1.1992","koor":"","date0":"ne"},"geometry":{"type":"Point","coordinates":[18.610544800758362,44.905537855713035]}},{"type":"Feature","properties":{"type":"damaged","subtype":"mined","desc":"Pelagićevo, Svetosavski dom stradao od granata tokom 1992","object":"dom","time0":"1.1.1992","koor":"ne","date0":"ne"},"geometry":{"type":"Point","coordinates":[18.61029803752899,44.90554165517791]}},{"type":"Feature","properties":{"type":"damaged","subtype":"ruined","desc":"Podgajevi, crkva Silaske Svetog Duha oštećena u vremenu 91-95 godine","object":"crkva","time0":"1.1.1992","koor":"","date0":"ne"},"geometry":{"type":"Point","coordinates":[18.66997718811035,44.365930784826624]}},{"type":"Feature","properties":{"type":"damaged","subtype":"burned","desc":"Podgajevi, Svetosavski dom je spaljen","object":"dom","time0":"1.1.1992","koor":"ne","date0":"ne"},"geometry":{"type":"Point","coordinates":[18.67014616727829,44.3656930167481]}},{"type":"Feature","properties":{"desc":"Požarnica, crkva Vaznesenja Gospodnjeg iz 1896 godine uništena tokom 91-93","time0":"1.1.1992","date0":"ne","object":"crkva","type":"destroyed","subtype":"mined"},"geometry":{"type":"Point","coordinates":[18.78136396408081,44.53231711137484]}},{"type":"Feature","properties":{"desc":"Požarnica, parohijski dom iz 1975 spaljen tokom 91-93","time0":"1.1.1992","koor":"ne","date0":"ne","object":"dom","subtype":"burned","type":"damaged"},"geometry":{"type":"Point","coordinates":[18.780848979949948,44.53238594427353]}},{"type":"Feature","properties":{"desc":"Požarnica, Svetosavski dom spaljen tokom 91-93","time0":"1.1.1992","koor":"ne","date0":"ne","object":"dom","subtype":"burned","type":"damaged"},"geometry":{"type":"Point","coordinates":[18.780677318572998,44.532202389696224]}},{"type":"Feature","properties":{"desc":"Potpeć, neosvećena crkva oštećena u periodu 91-93 godine","object":"crkva","time0":"1.1.1992","koor":"","date0":"ne","type":"damaged","subtype":"ruined"},"geometry":{"type":"Point","coordinates":[18.548510670661926,44.64215483765591]}},{"type":"Feature","properties":{"type":"damaged","subtype":"mined","desc":"Podnovlje, crkva Silaska Svetog Duha (Svete Trojice), na temeljima stare podignuta nova 1991 godine, stradala od granata tokom 91-93 godine","object":"crkva","time0":"1.1.1992","koor":"","date0":"ne"},"geometry":{"type":"Point","coordinates":[18.110318183898926,44.94051648037781]}},{"type":"Feature","properties":{"type":"damaged","subtype":"mined","desc":"Piperi, crkva Rođenja Svetog Jovana Krstitelja, podignuta 1987 godine, oštećena granatiranjem","object":"crkva","time0":"1.1.1992","koor":"ne","date0":"ne"},"geometry":{"type":"Point","coordinates":[18.774218559265137,44.66312835963366]}},{"type":"Feature","properties":{"time0":"1.1.1992","koor":"ne","date0":"ne","object":"dom","type":"damaged","subtype":"mined","desc":"Piperi, parohijski dom pogođen projektilom znatno oštećen"},"geometry":{"type":"Point","coordinates":[18.774079084396362,44.66294903306706]}},{"type":"Feature","properties":{"type":"damaged","subtype":"ruined","desc":"Pribojevići, crkva Preobraženja Gospodnjeg, osvećena 1929 godine, oštećena u periodu 1991-1993","object":"crkva","time0":"1.1.1992","koor":"","date0":"ne"},"geometry":{"type":"Point","coordinates":[19.490550756454468,44.01981771219255]}},{"type":"Feature","properties":{"type":"damaged","subtype":"burned","desc":"Pribojevići, Svetosavski dom spaljen","object":"dom","time0":"1.1.1992","koor":"","date0":"ne"},"geometry":{"type":"Point","coordinates":[19.490800201892853,44.01993729612963]}},{"type":"Feature","properties":{"type":"damaged","subtype":"mined","desc":"Puračić, crkva Svetog proroka Ilije, osvećena 1903 godine, stradala na Božić 1993 godine od strane muslimana","object":"crkva","time0":"7.1.1993","koor":"","date0":""},"geometry":{"type":"Point","coordinates":[18.47701907157898,44.543073176729116]}},{"type":"Feature","properties":{"type":"damaged","subtype":"ruined","desc":"Puračić, parohijski dom, sagrađen 1925 godine, opljačkan i oštećen","object":"dom","time0":"7.1.1993","koor":"","date0":""},"geometry":{"type":"Point","coordinates":[18.476557731628418,44.543078911747635]}},{"type":"Feature","properties":{"type":"damaged","subtype":"ruined","desc":"Rastošnica, crkva Svetog velikomučenika Lazara, osvećena oktobra 1972, oštećena","object":"crkva","time0":"1.1.1993","koor":"","date0":"ne"},"geometry":{"type":"Point","coordinates":[18.97138774394989,44.55880603017292]}},{"type":"Feature","properties":{"type":"damaged","subtype":"ruined","desc":"Rastošnica, oštećen novi hram u izgradnji","object":"crkva","time0":"1.1.1993","koor":"ne","date0":"ne"},"geometry":{"type":"Point","coordinates":[18.96916151046753,44.56319196842218]}},{"type":"Feature","properties":{"desc":"Ritešić, crkva Svetog Jovana Krstitelja, srušena 1992 godine","type":"destroyed","subtype":"mined","object":"crkva","time0":"1.1.1992","koor":"","date0":"ne"},"geometry":{"type":"Point","coordinates":[18.062204718589783,44.87490220941281]}},{"type":"Feature","properties":{"desc":"Rosulje, crkva Velikomučenice Nedelje, oštećena tokom 91-95","object":"crkva","time0":"1.1.1992","koor":"ne","date0":"ne","subtype":"mined","type":"damaged"},"geometry":{"type":"Point","coordinates":[17.990005016326904,44.64942926533928]}},{"type":"Feature","properties":{"type":"damaged","subtype":"ruined","desc":"Sase, crkva Presvete Trojice u manastiru Sase teško oštećena od strane muslimana u vremenu 92-93 godine","object":"crkva","time0":"1.1.1992","koor":"","date0":"ne"},"geometry":{"type":"Point","coordinates":[19.3663939833641,44.12267477875957]}},{"type":"Feature","properties":{"type":"damaged","subtype":"burned","desc":"Sase, manastirski konak teško oštećen paljevinom u vremenu 92-93 godine od strane muslimana","object":"dom","time0":"1.1.1992","koor":"","date0":"ne"},"geometry":{"type":"Point","coordinates":[19.367209374904633,44.1228047448702]}},{"type":"Feature","properties":{"type":"damaged","date0":"ne","subtype":"burned","desc":"Srebrenica, crkva Pokrova Presvete Bogorodice, osvećena 1903 godine, zapaljena ","object":"crkva","time0":"1.1.1992"},"geometry":{"type":"Point","coordinates":[19.298774152994156,44.10422824433902]}},{"type":"Feature","properties":{"date0":"ne","koor":"ne","type":"damaged","subtype":"burned","desc":"Srebrenica, parohijski dom, podignut 1936, zapaljen","object":"dom","time0":"1.1.1992"},"geometry":{"type":"Point","coordinates":[19.298571646213528,44.10443240285659]}},{"type":"Feature","properties":{"date0":"ne","koor":"ne","time0":"1.1.1992","type":"damaged","subtype":"burned","desc":"Srebrenica, Svetosavski dom, zapaljen","object":"dom"},"geometry":{"type":"Point","coordinates":[19.29898738861084,44.104151203205745]}},{"type":"Feature","properties":{"type":"damaged","subtype":"ruined","desc":"Srebrenica, crkva Svetog arhangela Mihaila, podignuta 1971 godine na temeljima strae crkve, posle pljačke oštećena izvan ratnih dejstava u vremenu 91-93 godina","object":"crkva","time0":"1.1.1992","koor":"","date0":"ne"},"geometry":{"type":"Point","coordinates":[19.292652010917664,44.12092646610194]}},{"type":"Feature","properties":{"type":"damaged","subtype":"mined","desc":"Gornja Grapska, crkva Vaznesenja Gospodnjeg iz 1894 godine, grnatama naneta velika šteta a zvonik zapaljen u periodu 91-93","object":"crkva","time0":"1.1.1992","koor":"","date0":"ne"},"geometry":{"type":"Point","coordinates":[18.08422029018402,44.79198149159496]}},{"type":"Feature","properties":{"type":"damaged","subtype":"mined","desc":"Gornja Zelinja, crkva Uspenja Presvete Bogorodice, oštećena granatama u vremenu 91-93","object":"crkva","time0":"1.1.1992","koor":"","date0":"ne"},"geometry":{"type":"Point","coordinates":[18.306893929839134,44.821251990198164]}},{"type":"Feature","properties":{"type":"destroyed","subtype":"mined","desc":"Sijekovac, crkva Ognjene Marije, osvećena 1970 godine, srušena izvan ratnih dejstava u periodu 91-93","object":"crkva","time0":"1.1.1992","koor":"","date0":"ne"},"geometry":{"type":"Point","coordinates":[17.969529032707214,45.10634855472111]}},{"type":"Feature","properties":{"date0":"ne","koor":"ne","object":"crkva","time0":"1.1.1992","desc":"Solun, srušen zvonik sagrađen 1969 godine","subtype":"mined","type":"damaged"},"geometry":{"type":"Point","coordinates":[18.54193389415741,44.16778375249233]}},{"type":"Feature","properties":{"desc":"Skipovac, crkva Pokrova Presvete Bogorodice, osvećena 1975 godine, znatno oštećena granatama","object":"crkva","time0":"1.1.1992","koor":"ne","date0":"ne","subtype":"mined","type":"damaged"},"geometry":{"type":"Point","coordinates":[18.255640268325806,44.79186347562076]}},{"type":"Feature","properties":{"type":"damaged","subtype":"mined","desc":"Skugrić, crkva Rođenja Presvete Bogorodice, podignuta 1940 godine, oštećena granatama u razdoblju 91-95","object":"crkva","time0":"1.1.1992","koor":"","date0":"ne"},"geometry":{"type":"Point","coordinates":[18.336347937583923,44.90663779030437]}},{"type":"Feature","properties":{"type":"damaged","date0":"ne","subtype":"ruined","desc":"Srnice, crkva opljačkana i oštećena u periodu 1991-1993","object":"crkva","time0":"1.1.1992","koor":""},"geometry":{"type":"Point","coordinates":[18.477346301078796,44.784521265458025]}},{"type":"Feature","properties":{"subtype":"burned","type":"damaged","desc":"Srnice, parohijski dom, zapaljen","object":"dom","time0":"1.1.1992","koor":"ne","date0":"ne"},"geometry":{"type":"Point","coordinates":[18.477188050746918,44.78458028098171]}},{"type":"Feature","properties":{"type":"damaged","subtype":"mined","desc":"Tešanj, crkva Pokrova Presvete Bogorodice, iz 1971 godine, granatama oštećen krov u periodu 91-95","object":"crkva","time0":"1.1.1992","koor":"","date0":"ne"},"geometry":{"type":"Point","coordinates":[17.99141988158226,44.616632743202544]}},{"type":"Feature","properties":{"desc":"Unka, crkva, hrvatska vojsaka porušila hram u razdoblju 91-95","object":"crkva","time0":"1.1.1992","koor":"ne","date0":"ne","subtype":"mined","type":"destroyed"},"geometry":{"type":"Point","coordinates":[18.039636611938473,45.05666756002029]}},{"type":"Feature","properties":{"type":"damaged","date0":"ne","subtype":"ruined","desc":"Fakovići, crkva Svetog apostola Tome, iz 1891 godine, obnovljena 1972 godine stradala u razdoblju 91-93","object":"crkva","time0":"1.1.1992","koor":""},"geometry":{"type":"Point","coordinates":[19.51342061161995,44.07863158346152]}},{"type":"Feature","properties":{"type":"damaged","subtype":"burned","desc":"Fakovići, parohijski dom opljačkan i zapaljen","object":"dom","time0":"1.1.1992","koor":"","date0":"ne"},"geometry":{"type":"Point","coordinates":[19.513848423957825,44.078531386613186]}},{"type":"Feature","properties":{"type":"damaged","desc":"Cikote, crkva Svetog proroka Ilije iz 1892 godine oštećena","object":"crkva","time0":"1.1.1992","koor":"","date0":"ne","subtype":"ruined"},"geometry":{"type":"Point","coordinates":[18.93764019012451,44.17398625798081]}},{"type":"Feature","properties":{"type":"damaged","subtype":"burned","desc":"Cikote, parohijski dom iz 1956 godine, zapaljen","object":"dom","time0":"1.1.1992","koor":"ne","date0":"ne"},"geometry":{"type":"Point","coordinates":[18.93744707107544,44.1740324280323]}},{"type":"Feature","properties":{"type":"destroyed","subtype":"mined","desc":"Cerik, crkva Svetog Jovana Bogoslova, podignuta 1955 godine, porušila hrvatska vojska van ratnih dejstava u razdoblju 91-939 godine","object":"crkva","time0":"1.1.1992","koor":"","date0":"ne"},"geometry":{"type":"Point","coordinates":[18.53118896484375,44.80750419870372]}},{"type":"Feature","properties":{"type":"destroyed","subtype":"mined","desc":"Cerik, Svetosavski dom porušen od strane krvatske vojske","object":"dom","time0":"1.1.1992","koor":"","date0":"ne"},"geometry":{"type":"Point","coordinates":[18.531028032302856,44.807388117449015]}},{"type":"Feature","properties":{"object":"crkva","time0":"1.1.1992","date0":"ne","desc":"Cerovica, crkva Svetih apostola Petra i Pavla, osvećena 1892, granatirana u razdoblju 91-93","type":"damaged","subtype":"mined"},"geometry":{"type":"Point","coordinates":[17.907802015542984,44.71113071479911]}},{"type":"Feature","properties":{"object":"dom","time0":"1.1.1992","date0":"ne","koor":"ne","desc":"Cerovica, parohijski dom, podignut 1965 godine,  demoliran","subtype":"ruined","type":"damaged"},"geometry":{"type":"Point","coordinates":[17.907045632600784,44.711091638788716]}},{"type":"Feature","properties":{"type":"damaged","subtype":"mined","desc":"Crkvina, crkva Vaznesenja Gospodnjeg, osvećena 1889 godine, grnatiranjem znatno oštećena u vremenu 91-95","object":"crkva","time0":"1.1.1992","koor":"","date0":"ne"},"geometry":{"type":"Point","coordinates":[18.421513438224792,45.0246982984432]}},{"type":"Feature","properties":{"desc":"Šetići, rkva Svetog proroka Ilije, osvećena 1974 godine, granatiranjem znatno oštečena u vremenu 91-93","date0":"ne","time0":"1.1.1992","object":"crkva","subtype":"mined","type":"damaged"},"geometry":{"type":"Point","coordinates":[19.02479588985443,44.471601611818954]}},{"type":"Feature","properties":{"desc":"Šetići, parohijski dom, podignut 1974, znatno oštećen granatama","object":"dom","time0":"1.1.1992","koor":"","date0":"ne","subtype":"mined","type":"damaged"},"geometry":{"type":"Point","coordinates":[19.025098979473114,44.47146188831173]}},{"type":"Feature","properties":{"type":"damaged","subtype":"ruined","desc":"Špionica, crkva Uspenja Presvete Bogorodice, osvećena 1914 godine, znatno oštećena","object":"crkva","time0":"1.1.1992","koor":"","date0":"ne"},"geometry":{"type":"Point","coordinates":[18.48720073699951,44.75772008178268]}},{"type":"Feature","properties":{"type":"damaged","subtype":"ruined","desc":"Pakrac, crkva SveteTrojice, građena na temeljima starije u vremenu 1757'1768 godine,","object":"crkva","time0":"1.1.1992","koor":"","date0":"ne"},"geometry":{"type":"Point","coordinates":[17.195341587066647,45.435186398773645]}},{"type":"Feature","properties":{"type":"damaged","subtype":"ruined","desc":"Pakrac, vladičanski dvor, iz 1732 godine","object":"dom","time0":"1.1.1992","koor":"","date0":"ne"},"geometry":{"type":"Point","coordinates":[17.194794416427612,45.43492289743169]}},{"type":"Feature","properties":{"koor":"ne","date0":"ne","time0":"1.1.1992","object":"crkva","desc":"Batinjani, crkva Svetog velikomučenika Dimitrija, iz 1739 godine, uništena van ratnih dejstava","subtype":"mined","type":"destroyed"},"geometry":{"type":"Point","coordinates":[17.25751519203186,45.617286850150045]}},{"type":"Feature","properties":{"type":"damaged","subtype":"burned","desc":"Bijela, crkva Svetih arhangela Mihaila i Gavrila, iz 1751 godine","time0":"1.1.1992","object":"crkva","date0":"ne"},"geometry":{"type":"Point","coordinates":[17.300838232040405,45.56037758466717]}},{"type":"Feature","properties":{"type":"damaged","subtype":"burned","desc":"Bijela, parohijski dom","object":"dom","time0":"1.1.1992","koor":"ne","date0":"ne"},"geometry":{"type":"Point","coordinates":[17.301836013793945,45.560358804982876]}},{"type":"Feature","properties":{"desc":"Bebrina, crkva Svetog kneza Lazara, srušili Hrvati do temelja","time0":"1.8.1991","koor":"ne","date0":"ne","object":"crkva","subtype":"mined","type":"destroyed"},"geometry":{"type":"Point","coordinates":[17.828975915908813,45.096314324780586]}},{"type":"Feature","properties":{"type":"damaged","subtype":"ruined","desc":"Bodegraj, crkva Upenja Presvete Bogorodice, dozidan zvonik na nekadašnji parohijski dom,","object":"crkva","time0":"1.5.1995","koor":"","date0":"ne"},"geometry":{"type":"Point","coordinates":[17.173218727111816,45.27262329491032]}},{"type":"Feature","properties":{"subtype":"mined","type":"destroyed","desc":"Brodski zdenci, crkva Rođenja Presvete Bogorodice, sagrađena 1926 godine, Hrvati minirali tokom 93e godine","object":"crkva","time0":"1.1.1993","koor":"","date0":"ne"},"geometry":{"type":"Point","coordinates":[17.94794261455536,45.25678254909094]}},{"type":"Feature","properties":{"subtype":"ruined","object":"crkva","time0":"1.1.1992","date0":"ne","desc":"Veliki Bastaji, crkva Svetog velikomučenika Georgija, iz 1756 godine","type":"damaged"},"geometry":{"type":"Point","coordinates":[17.32116937637329,45.64520324979313]}},{"type":"Feature","properties":{"subtype":"mined","object":"dom","time0":"1.1.1992","koor":"ne","date0":"ne","desc":"Veliki Bastaji, parohijski dom","type":"destroyed"},"geometry":{"type":"Point","coordinates":[17.321011126041412,45.64445694275251]}},{"type":"Feature","properties":{"type":"damaged","subtype":"ruined","desc":"Vrbovljani, ,kapela Svetog Save ustanovljenu u parohijskom domu, Hrvati opljačkali i oštetili","time0":"1.5.1995","date0":"ne","object":"kapela"},"geometry":{"type":"Point","coordinates":[17.169200778007507,45.24790783676758]}},{"type":"Feature","properties":{"date0":"ne","time0":"1.1.1942","object":"crkva","subtype":"mined","type":"destroyed","desc":"Voćin, crkva Svetih 318 Bogonosnih otaca, iz 1790 godine, Hrvati spalili"},"geometry":{"type":"Point","coordinates":[17.539072036743164,45.61155893105435]}},{"type":"Feature","properties":{"date0":"","time0":"13.12.1991","koor":"","object":"crkva","subtype":"mined","type":"destroyed","desc":"Voćin, crkva Svetih 318 Bogonosnih otaca, obnovljena 1976, Hrvati minirali"},"geometry":{"type":"Point","coordinates":[17.539125680923462,45.61155330228406]}},{"type":"Feature","properties":{"koor":"ne","date0":"","object":"dom","subtype":"mined","type":"destroyed","desc":"Voćin, parohijski dom","time0":"13.12.1991"},"geometry":{"type":"Point","coordinates":[17.53928929567337,45.611729670151526]}},{"type":"Feature","properties":{"type":"damaged","subtype":"robbed","desc":"Gazije, crkva Svete Trojice, iz 1754 godine, nestalo 8 ikona, fasada oštećena vatrenim oružjem ","object":"crkva","time0":"1.1.1992","koor":"","date0":"ne"},"geometry":{"type":"Point","coordinates":[17.95178085565567,45.48930041708364]}},{"type":"Feature","properties":{"desc":"Gorice, crkva Vaznesenja Gospodnjeg, ","subtype":"burned","type":"destroyed","object":"crkva","time0":"1.1.1992","koor":"","date0":"ne"},"geometry":{"type":"Point","coordinates":[17.286424040794373,45.22002844754816]}},{"type":"Feature","properties":{"koor":"ne","date0":"ne","desc":"Gornji Rajić, crkva Svetog Save, opljačkana i izlomljena","time0":"1.5.1995","object":"crkva","subtype":"ruined","type":"damaged"},"geometry":{"type":"Point","coordinates":[17.10494041442871,45.313830798340405]}},{"type":"Feature","properties":{"koor":"ne","date0":"ne","time0":"1.1.1942","desc":"Gornja Bukovica, crkva Svetog proroka Ilija, iz 1795 godine, Hrvati srušili","object":"crkva","subtype":"mined","type":"destroyed"},"geometry":{"type":"Point","coordinates":[17.773196697235104,45.66134205057207]}},{"type":"Feature","properties":{"koor":"ne","date0":"ne","desc":"Gornja Bukovica, crkva Svetog proroka Ilija, obnovljena 1989 godine","object":"crkva","time0":"1.1.1992","subtype":"mined","type":"destroyed"},"geometry":{"type":"Point","coordinates":[17.764838933944702,45.661889428335094]}},{"type":"Feature","properties":{"object":"crkva","time0":"1.1.1992","desc":"Gornji Miholjac, crkva Silaska Svetog Duha, iz 1793 godine, na mestu starije crkve","subtype":"ruined","type":"damaged","koor":"","date0":"ne"},"geometry":{"type":"Point","coordinates":[17.65991896390915,45.76158960356045]}},{"type":"Feature","properties":{"object":"dom","time0":"1.1.1992","koor":"ne","date0":"ne","desc":"Gornji Miholjac, parohijski dom, hrvati srušili van ratnih dejstava","type":"destroyed","subtype":"mined"},"geometry":{"type":"Point","coordinates":[17.659336924552914,45.76172807449706]}},{"type":"Feature","properties":{"desc":"Donji Grahovljani, crkva Svetih apostola Petra i Pavla, Hrvati teško oštetili, ","object":"crkva","time0":"1.1.1992","koor":"","date0":"ne","subtype":"ruined","type":"damaged"},"geometry":{"type":"Point","coordinates":[17.26454794406891,45.49677052189719]}},{"type":"Feature","properties":{"desc":"Donji Grahovljani, parohijski dom","subtype":"mined","type":"destroyed","object":"dom","time0":"1.1.1992","koor":"ne","date0":"ne"},"geometry":{"type":"Point","coordinates":[17.254036366939545,45.49381493817879]}},{"type":"Feature","properties":{"type":"destroyed","subtype":"mined","desc":"Gradište, parohijski dom, sagrađen 1990, porušen van ratnih dejstava","object":"dom","time0":"1.1.1992","date0":"ne","koor":"ne"},"geometry":{"type":"Point","coordinates":[17.942991256713867,45.404062148851466]}},{"type":"Feature","properties":{"date0":"ne","desc":"Gređani, crkva Svete Paraskeve, sagrađena 1750 godine na temeljima starije, Hrvati srušili","type":"destroyed","subtype":"mined","object":"crkva","time0":"1.1.1942"},"geometry":{"type":"Point","coordinates":[17.17928320169449,45.21463798827234]}},{"type":"Feature","properties":{"date0":"ne","desc":"Gređani, crkva Svete paraskeve, obnovljena 1975 godine","object":"crkva","time0":"1.5.1992","subtype":"ruined","type":"damaged"},"geometry":{"type":"Point","coordinates":[17.17933416366577,45.21466444112526]}},{"type":"Feature","properties":{"object":"dom","koor":"ne","date0":"ne","time0":"1.5.1992","type":"damaged","desc":"Gređani, parohijski dom","subtype":"ruined"},"geometry":{"type":"Point","coordinates":[17.17965066432953,45.21452083977587]}},{"type":"Feature","properties":{"desc":"Daruvar, crkva Svetih otaca Prvog Vaseljenskog Sabora, sagrađena 1756 godine na temeljima ranije crkve, neznatno oštećena","type":"damaged","subtype":"ruined","object":"crkva","time0":"1.1.1992","koor":"","date0":"ne"},"geometry":{"type":"Point","coordinates":[17.224266529083252,45.59391371473447]}},{"type":"Feature","properties":{"desc":"Dobrović, crkva Vaznesenja Gospodnjeg, iz 1749 godine, Hrvati srušili","object":"crkva","time0":"1.1.1942","koor":"ne","date0":"ne","subtype":"mined","type":"destroyed"},"geometry":{"type":"Point","coordinates":[17.851468920707703,45.66149576678565]}},{"type":"Feature","properties":{"subtype":"mined","desc":"Dobrović, parohijski dom sa kapelom je miniran","object":"kapela","time0":"1.1.1992","koor":"ne","date0":"ne","type":"damaged"},"geometry":{"type":"Point","coordinates":[17.851431369781494,45.66134954893374]}},{"type":"Feature","properties":{"desc":"Doljani, crkva Svetog proroka Ilije, sagrađena 1805 godine, na temeljima starije crkve","object":"crkva","time0":"1.1.1992","koor":"","date0":"ne","subtype":"burned","type":"damaged"},"geometry":{"type":"Point","coordinates":[17.219175696372986,45.564484550825846]}},{"type":"Feature","properties":{"koor":"ne","date0":"ne","subtype":"mined","type":"damaged","desc":"Doljani, parohijski dom","object":"dom","time0":"1.1.1992"},"geometry":{"type":"Point","coordinates":[17.21906840801239,45.5641916084511]}},{"type":"Feature","properties":{"desc":"Dijelka, crkva Svetog velikomučenika kneza Lazara, srušili Hrvati","object":"crkva","time0":"1.1.1942","date0":"ne","type":"destroyed","subtype":"mined"},"geometry":{"type":"Point","coordinates":[17.48153328895569,45.9143455871076]}},{"type":"Feature","properties":{"desc":"Dijelka, parohijski dom sa kapelom i zvonikom, srušili Hrvati","object":"kapela","time0":"1.1.1992","koor":"ne","date0":"ne","subtype":"mined","type":"damaged"},"geometry":{"type":"Point","coordinates":[17.4818953871727,45.91360473996668]}},{"type":"Feature","properties":{"desc":"Donji Rajić, crkva Preobraženja Gospodnjeg, iz 1813 godine, srušili Hrvati tokom 1941","object":"crkva","time0":"1.1.1942","koor":"","date0":"ne","subtype":"mined","type":"destroyed"},"geometry":{"type":"Point","coordinates":[17.115438580513,45.302382346960286]}},{"type":"Feature","properties":{"desc":"Donji Rajić, crkva Preobraženja Gospodnjeg, obnovljena 1990 godine, oštećena pucnjavom tokom 1991 godine","object":"crkva","time0":"1.1.1992","date0":"ne","type":"damaged","subtype":"ruined"},"geometry":{"type":"Point","coordinates":[17.115489542484283,45.302414418680954]}},{"type":"Feature","properties":{"desc":"Donji Rajić, crkva Preobraženja Gospodnjeg, Hrvati izlomili crkvu i zapalili","object":"crkva","time0":"1.1.1992","date0":"ne","type":"damaged","subtype":"burned"},"geometry":{"type":"Point","coordinates":[17.115425169467926,45.30235782151457]}},{"type":"Feature","properties":{"desc":"Donji Bobićevci, crkva Svetog Haralampija, iz 18og vijeka, oštećena granatama","object":"crkva","time0":"1.1.1992","date0":"ne","subtype":"mined","type":"damaged"},"geometry":{"type":"Point","coordinates":[17.258888483047482,45.22825768987298]}},{"type":"Feature","properties":{"desc":"Donji Čaglić, crkva Svetog Nikole, iz 1757 godine, Hrvati spalili 1942 godine","object":"crkva","time0":"1.1.1942","koor":"","date0":"ne","subtype":"burned","type":"damaged"},"geometry":{"type":"Point","coordinates":[17.154829502105713,45.384096852183994]}},{"type":"Feature","properties":{"type":"damaged","subtype":"mined","desc":"Donji Čaglić, crkva Svetog Nikole, obnovljena 1990 godine, Hrvati teško oštetili granatiranjem","object":"crkva","time0":"1.1.1992","date0":"ne"},"geometry":{"type":"Point","coordinates":[17.15487778186798,45.384068594407964]}},{"type":"Feature","properties":{"type":"damaged","subtype":"mined","desc":"Donji Čaglić, crkva Svetog Nikole, obnovljena 1994 godine, Hrvati granatirali","object":"crkva","time0":"1.5.1995","date0":"ne"},"geometry":{"type":"Point","coordinates":[17.154754400253296,45.384110039141326]}},{"type":"Feature","properties":{"desc":"Dragović, crkva Svetog Save, podignuta 1940 godine","type":"damaged","subtype":"ruined","object":"crkva","time0":"1.1.1992","date0":"ne"},"geometry":{"type":"Point","coordinates":[17.276081442832947,45.470025491247604]}},{"type":"Feature","properties":{"date0":"ne","desc":"Jasenovac, crkva Rođenja Svetog Jovana Krstitelja, iz 1775 godine, srušili Hrvati 1941 godine","time0":"1.1.1942","type":"destroyed","subtype":"ruined","object":"crkva"},"geometry":{"type":"Point","coordinates":[16.911842823028564,45.27169083144666]}},{"type":"Feature","properties":{"date0":"ne","time0":"1.1.1992","desc":"Jasenovac, crkva Rođenja Svetog Jovana Krstitelja, obnovljena 1984, Hravti oštetili","object":"crkva","subtype":"ruined","type":"damaged"},"geometry":{"type":"Point","coordinates":[16.911889761686325,45.27170970737719]}},{"type":"Feature","properties":{"date0":"ne","time0":"1.1.1992","desc":"Jasenovac, crkva Rođenja Svetog Jovana Krstitelja, granatirana","object":"crkva","subtype":"mined","type":"damaged"},"geometry":{"type":"Point","coordinates":[16.91187635064125,45.27167667449463]}},{"type":"Feature","properties":{"koor":"ne","date0":"ne","time0":"1.5.1995","desc":"Jasenovac, parohijski dom","object":"dom","subtype":"burned","type":"damaged"},"geometry":{"type":"Point","coordinates":[16.911821365356445,45.27147187019357]}},{"type":"Feature","properties":{"desc":"Jazavica, kapela Svete Petke, iz 19og vijeka, opljačkana i izlomljena od strane Hrvata","object":"kapela","time0":"4.10.1991","koor":"","date0":"","subtype":"ruined","type":"damaged"},"geometry":{"type":"Point","coordinates":[17.054834067821503,45.31957961792968]}},{"type":"Feature","properties":{"desc":"Katinac, crkva Svetih apostola Petra i Pavla, podignuta 1750 godine, opljačkana i izlomljena krajem 91 godine","object":"crkva","time0":"1.1.1992","date0":"ne","subtype":"ruined","type":"damaged"},"geometry":{"type":"Point","coordinates":[17.40671843290329,45.65522492749224]}},{"type":"Feature","properties":{"desc":"Koreničani, crkva Svetog Nikole,","object":"crkva","time0":"1.1.1992","koor":"","date0":"ne","subtype":"mined","type":"damaged"},"geometry":{"type":"Point","coordinates":[17.37394854426384,45.637755672713844]}},{"type":"Feature","properties":{"desc":"Klokočevik, crkva Svete Trojice, sagrađena u vremenu 1756-1760 godine, Hrvati srušili","time0":"1.1.1942","date0":"ne","object":"crkva","subtype":"mined","type":"destroyed"},"geometry":{"type":"Point","coordinates":[18.144175708293915,45.22335164816069]}},{"type":"Feature","properties":{"time0":"1.11.1992","date0":"ne","object":"crkva","desc":"Klokočevik, crkva Svete Trojice, podignuta nova 1988 godine, Hrvati srušili van ratnih dejstava","subtype":"mined","type":"destroyed"},"geometry":{"type":"Point","coordinates":[18.14424142241478,45.22334975896027]}},{"type":"Feature","properties":{"desc":"Kreštelovac, crkva Uspenja Presvete Bogorodice, u narodu zvana Svetinja, sagrađenja 1754 godine, oskrnavljena","object":"crkva","time0":"1.1.1992","date0":"ne","subtype":"ruined","type":"damaged"},"geometry":{"type":"Point","coordinates":[17.07204043865204,45.57923860762162]}},{"type":"Feature","properties":{"desc":"Kusonje, crkva Svetog velikomučenika Georgija, iz 1734 godine, Hrvati zapalili zajedno sa 460 Srba u njoj","subtype":"burned","type":"damaged","time0":"13.8.1942","koor":"","date0":"","object":"crkva"},"geometry":{"type":"Point","coordinates":[17.226245999336243,45.461011086895525]}},{"type":"Feature","properties":{"desc":"Kusonje, crkva Svetog velikomučenika Georgija, pord zabrane obnovljena 1987, hram izlomljen i oskrnavljen","subtype":"ruined","type":"damaged","object":"crkva","time0":"1.1.1992","date0":"ne"},"geometry":{"type":"Point","coordinates":[17.2261843085289,45.460982867590396]}},{"type":"Feature","properties":{"object":"dom","time0":"1.1.1992","koor":"","date0":"ne","desc":"Kusonje, parohijski dom, oštećen granatama","subtype":"mined","type":"damaged"},"geometry":{"type":"Point","coordinates":[17.22530722618103,45.46092266635888]}},{"type":"Feature","properties":{"object":"crkva","time0":"1.12.1992","desc":"Kukunjevac, crkva Svete Petke, sagrađena 1782 godinem na temeljima starije crkve, grantirana pa minirana","subtype":"mined","type":"destroyed","date0":"ne"},"geometry":{"type":"Point","coordinates":[17.098987251520157,45.44461705450892]}},{"type":"Feature","properties":{"object":"dom","time0":"1.12.1992","desc":"Kukunjevac, parohijski dom, ,minirali Hrvati u decembru 1991 godine","subtype":"mined","type":"damaged","date0":"ne"},"geometry":{"type":"Point","coordinates":[17.09764078259468,45.445331205796734]}},{"type":"Feature","properties":{"type":"destroyed","desc":"Kućanci, crkva Svetih apostola Petra i Pavla, sagrađena 1828 godine na mjestu starije iz 1748 godine.","time0":"20.12.1991","object":"crkva","subtype":"mined"},"geometry":{"type":"Point","coordinates":[18.134007453918457,45.656002962156116]}},{"type":"Feature","properties":{"desc":"Bodegraj, crkva Uspenja Presvete Bogorodice, sagrađena 1790 godine, do temelja srušili Hrvati iz Borovca 1941 godine, da bi podigli sebi zgradu u Borovcu","object":"crkva","time0":"1.1.1942","date0":"ne","subtype":"ruined","type":"destroyed"},"geometry":{"type":"Point","coordinates":[17.1735768020153,45.27393230430724]}},{"type":"Feature","properties":{"desc":"Lovska, crkva Svetog Teodora Tirona, iz 17746 godine, granatirali Hrvati i teško oštećena","object":"crkva","time0":"1.10.1991","subtype":"mined","type":"damaged"},"geometry":{"type":"Point","coordinates":[17.040202617645264,45.40413747623496]}},{"type":"Feature","properties":{"date0":"ne","object":"dom","desc":"Lovska, parohijski dom, oštećen granatiranjem","subtype":"mined","type":"damaged","time0":"1.10.1991"},"geometry":{"type":"Point","coordinates":[17.03953742980957,45.40384934845043]}},{"type":"Feature","properties":{"desc":"Lisičine, crkva Svetog velikomučenika Georgija, sagrašena 1869 godine, na mjestu starije iz 1748 godine, obnovljena 1990 godine, porušena krajem 1991.","object":"crkva","time0":"1.1.1992","koor":"","date0":"ne","type":"destroyed","subtype":"mined"},"geometry":{"type":"Point","coordinates":[17.514899969100952,45.657622739403315]}},{"type":"Feature","properties":{"time0":"1.1.1992","object":"dom","desc":"Lisičine, parohijski dom, porušili Hrvati","type":"destroyed","subtype":"mined","date0":"ne"},"geometry":{"type":"Point","coordinates":[17.514425218105316,45.658057671610365]}},{"type":"Feature","properties":{"desc":"Londžica, parohijski dom, miniran","time0":"1.9.1993","date0":"ne","object":"dom","subtype":"mined","type":"damaged"},"geometry":{"type":"Point","coordinates":[18.038257956504822,45.412373919623974]}},{"type":"Feature","properties":{"desc":"Donji Bokri, crkva Vavedenja Presvete Bogorodice, u manastiru Pakra, osnovan 1556 godine, dok crkva potiče iz 1765 godine, Hrvati provalili, opljačkali i izlomili","object":"crkva","time0":"1.1.1992","date0":"ne","subtype":"ruined","type":"damaged"},"geometry":{"type":"Point","coordinates":[17.337074875831604,45.55380806816991]}},{"type":"Feature","properties":{"type":"damaged","subtype":"ruined","desc":"Donja Vrijeska, crkva Svete Ane, u manastiru Svete Ane, sagrađena 1412 godine kao pavlinski manastir, da bi u 17om vijeku bila dodeljena pravoslavnim monasima, manastir oštećen krajme 91 godine","object":"crkva","time0":"1.1.1992","koor":"","date0":"ne"},"geometry":{"type":"Point","coordinates":[17.269990146160126,45.65171520062707]}},{"type":"Feature","properties":{"desc":"Donja Vrijeska, crkva Svete Ane, u manastiru Svete Ane, u maju 95 hrvatska vojska izlomila crkvu","subtype":"ruined","type":"damaged","object":"crkva","time0":"1.5.1995","koor":"","date0":"ne"},"geometry":{"type":"Point","coordinates":[17.269896268844604,45.65171520062707]}},{"type":"Feature","properties":{"object":"crkva","subtype":"mined","desc":"Mašić, crkva Svetog Ilije, iz 19og vijeka, Hrvati granatirali pošetkom 91 godine","time0":"1.1.1992","koor":"","date0":"ne","type":"damaged"},"geometry":{"type":"Point","coordinates":[17.328035831451416,45.2666998151464]}},{"type":"Feature","properties":{"koor":"ne","date0":"ne","type":"damaged","subtype":"ruined","desc":"Mašićka Šagovina, kapela Vaznesenja Gospodnjeg, sa pošetka 20og vijeka, oštećena u avgustu/septembru 1991 godine","time0":"1.9.1991","object":"kapela"},"geometry":{"type":"Point","coordinates":[17.281333208084103,45.309714979391686]}},{"type":"Feature","properties":{"subtype":"ruined","type":"damaged","desc":"Mašićka Šagovina, kapela Svetog velikomučenika Georgija iz 19og vijeka, oštećena u avgustu/septembru 1991 godine","object":"kapela","time0":"1.9.1991","koor":"ne","date0":"ne"},"geometry":{"type":"Point","coordinates":[17.281191051006317,45.31031860124004]}},{"type":"Feature","properties":{"desc":"Medinci, crkva Svete Parskeve, iz 1747 godine, Hrvati srušili 1942 godine","time0":"1.1.1942","date0":"ne","object":"crkva","subtype":"mined","type":"destroyed"},"geometry":{"type":"Point","coordinates":[17.750011682510372,45.73710291468801]}},{"type":"Feature","properties":{"date0":"ne","object":"crkva","desc":"Medinci, crkva Svete Parskeve, ponovo sagrađena 1972 godine, oštećena granatiranjem","time0":"1.1.1992","subtype":"ruined","type":"damaged"},"geometry":{"type":"Point","coordinates":[17.750065326690674,45.73711040289666]}},{"type":"Feature","properties":{"object":"crkva","time0":"1.1.1942","date0":"ne","desc":"Medari, crkva Preobraženja Gospodnjeg, iz 1777 godine, Hrvati zapalili","type":"damaged","subtype":"burned"},"geometry":{"type":"Point","coordinates":[17.28906601667404,45.26638455845865]}},{"type":"Feature","properties":{"object":"crkva","time0":"1.1.1992","date0":"ne","desc":"Medari, crkva Preobraženja Gospodnjeg, teško oštećena granatama","type":"damaged","subtype":"ruined"},"geometry":{"type":"Point","coordinates":[17.289178669452667,45.266365680757104]}},{"type":"Feature","properties":{"type":"damaged","subtype":"ruined","desc":"Medari, parohijski dom, teško oštećen","object":"dom","time0":"1.1.1992","date0":"ne"},"geometry":{"type":"Point","coordinates":[17.2885724902153,45.26642986491672]}},{"type":"Feature","properties":{"desc":"Mikleuš, crkva Svete Trojice, sagrađena 1747 godine, Hrvati minirali ","time0":"1.4.1992","koor":"","date0":"ne","object":"crkva","subtype":"mined","type":"damaged"},"geometry":{"type":"Point","coordinates":[17.807762324810025,45.61338637527896]}},{"type":"Feature","properties":{"desc":"Mikleuš, parohijski dom, opljačkan i izlomljen","object":"dom","time0":"1.4.1992","date0":"ne","subtype":"ruined","type":"damaged"},"geometry":{"type":"Point","coordinates":[17.807365357875824,45.61334603706042]}},{"type":"Feature","properties":{"time0":"7.7.1941","date0":"","desc":"Nova Gradiška, crkva Svete Trojice, sagrađena 1738 godine, Hrati srušili do temelja","object":"crkva","subtype":"mined","type":"destroyed"},"geometry":{"type":"Point","coordinates":[17.38232910633087,45.259091635150945]}},{"type":"Feature","properties":{"time0":"1.4.1992","type":"destroyed","date0":"ne","desc":"Nova Gradiška, crkva Svete Trojice, sagrađena 1982 godine, mineri iz ZAgreba morali čak devet puta da je miniraju da bi uklonili i najmanji trag njenog postojanja","object":"crkva","subtype":"mined"},"geometry":{"type":"Point","coordinates":[17.382296919822693,45.259093523163266]}},{"type":"Feature","properties":{"desc":"Nova Gradiška, crkva Prenosa moštiju Svetog Nikole , sagrađena na groblju 1818 godine, Hrvati srušili","object":"crkva","time0":"1.1.1992","date0":"ne","subtype":"mined","type":"destroyed"},"geometry":{"type":"Point","coordinates":[17.3733651638031,45.26368498339995]}},{"type":"Feature","properties":{"desc":"Novo Topolje, crkva Svetog proroka Ilije, Hrvati srušili 1941 godine","object":"crkva","time0":"1.1.1942","date0":"ne","subtype":"mined","type":"destroyed"},"geometry":{"type":"Point","coordinates":[18.240981996059418,45.20746692189949]}},{"type":"Feature","properties":{"desc":"Novo Topolje, crkva Svetog proroka Ilije. nova crkva podignuta 1988 godine, znatno oštećena","object":"crkva","time0":"1.1.1992","date0":"ne","subtype":"ruined","type":"damaged"},"geometry":{"type":"Point","coordinates":[18.24096590280533,45.20744991434329]}},{"type":"Feature","properties":{"type":"destroyed","desc":"Obradovci, crkva Svete Paraskeve, sagrađena 1774 godine, gotovo uništena","object":"crkva","time0":"1.1.1942","date0":"ne","subtype":"mined"},"geometry":{"type":"Point","coordinates":[17.946856319904327,45.619444283444444]}},{"type":"Feature","properties":{"date0":"","time0":"27.11.1991","desc":"Obradovci, crkva Svete Paraskeve, Hrvati opljačkali pa minirali i teško oštetili","object":"crkva","subtype":"mined","type":"damaged"},"geometry":{"type":"Point","coordinates":[17.946907281875607,45.619442407451565]}},{"type":"Feature","properties":{"object":"crkva","time0":"1.1.1942","date0":"ne","desc":"Okučani, crkva Svetog velikomučenika Dimitrija, ","subtype":"ruined","type":"destroyed"},"geometry":{"type":"Point","coordinates":[17.201841920614243,45.25988742678171]}},{"type":"Feature","properties":{"object":"crkva","time0":"1.1.1992","date0":"ne","desc":"Okučani, crkva Svetog velikomučenika Dimitrija, novi hram podignut 1969 godine, oštećen 1991 godine ","type":"damaged","subtype":"ruined"},"geometry":{"type":"Point","coordinates":[17.201855331659317,45.25995445024134]}},{"type":"Feature","properties":{"object":"crkva","time0":"1.1.1995","date0":"ne","desc":"Okučani, crkva Svetog velikomučenika Dimitrija, provaljena i izlomljena ","type":"damaged","subtype":"ruined"},"geometry":{"type":"Point","coordinates":[17.201862037181854,45.25992801846389]}},{"type":"Feature","properties":{"object":"crkva","time0":"1.1.1997","date0":"ne","desc":"Okučani, crkva Svetog velikomučenika Dimitrija, oskrnavljena","type":"damaged","subtype":"ruined"},"geometry":{"type":"Point","coordinates":[17.201876789331436,45.25990253066682]}},{"type":"Feature","properties":{"desc":"Okučani, parohijski dom","subtype":"burned","type":"damaged","object":"dom","time0":"1.1.1997","date0":"ne"},"geometry":{"type":"Point","coordinates":[17.201414108276367,45.25956930026745]}},{"type":"Feature","properties":{"desc":"Gornja Obrijež, crkva Svetog Jovana Bogoslova, iz 1747 godine, provaljena i izlomljena 1991 godine","time0":"1.1.1992","date0":"ne","object":"crkva","type":"damaged","subtype":"ruined"},"geometry":{"type":"Point","coordinates":[17.159375846385952,45.48940007514108]}},{"type":"Feature","properties":{"desc":"Orahovica, konake manastira zapalili partizani 1943","object":"dom","time0":"1.1.1943","koor":"","date0":"ne","subtype":"burned","type":"damaged"},"geometry":{"type":"Point","coordinates":[17.877910137176514,45.4876325287077]}},{"type":"Feature","properties":{"date0":"","koor":"ne","desc":"Orahovica, crkva Svetog Rođenja Presvete Bogorodice, građena u vremenu 1758-17762 godine, Hrvati je srušili na Božić 1942 godine","object":"crkva","subtype":"mined","type":"destroyed","time0":"7.1.1942"},"geometry":{"type":"Point","coordinates":[17.88227140903473,45.532052567230465]}},{"type":"Feature","properties":{"date0":"ne","koor":"ne","desc":"Orahovica, kapela u parohijskom domu, minirana","time0":"1.1.1992","object":"kapela","type":"damaged","subtype":"mined"},"geometry":{"type":"Point","coordinates":[17.882236540317535,45.53246216912796]}},{"type":"Feature","properties":{"desc":"Oljasi, parohijski dom i kapelaSvete Petke uređena u domu, oštečeni granatama","object":"kapela","time0":"1.1.1992","koor":"ne","date0":"ne","subtype":"mined","type":"damaged"},"geometry":{"type":"Point","coordinates":[17.578811645507812,45.41153413607668]}},{"type":"Feature","properties":{"type":"destroyed","subtype":"mined","desc":"Podravska Slatina, crkva Svetih apostola Petra i Pavla, Hrvati srušili 1941 godine","object":"crkva","date0":"ne","time0":"1.1.1942"},"geometry":{"type":"Point","coordinates":[17.699299156665802,45.70190847988677]}},{"type":"Feature","properties":{"type":"damaged","subtype":"mined","desc":"Podravska Slatina, oštećena u granatiranju","object":"crkva","date0":"ne","time0":"1.1.1992"},"geometry":{"type":"Point","coordinates":[17.699419856071472,45.701904733422985]}},{"type":"Feature","properties":{"type":"damaged","subtype":"ruined","desc":"Podravska Slatina, provaljena i izlomljena","object":"crkva","date0":"ne","time0":"1.1.1995"},"geometry":{"type":"Point","coordinates":[17.699344754219055,45.701904733422985]}},{"type":"Feature","properties":{"type":"damaged","subtype":"mined","desc":"Podravska Slatina, parohijski dom , oštećen granatama","object":"dom","date0":"ne","time0":"1.1.1992","koor":"ne"},"geometry":{"type":"Point","coordinates":[17.699425220489502,45.701736142292624]}},{"type":"Feature","properties":{"desc":"Poljane, kapela, teško oštećena tokom 1991 godine","object":"kapela","time0":"1.1.1992","date0":"ne","subtype":"mined","type":"damaged"},"geometry":{"type":"Point","coordinates":[17.314681112766266,45.238786208815775]}},{"type":"Feature","properties":{"desc":"Pušina, ošteđen zvonik","object":"kapela","time0":"1.1.1992","koor":"","date0":"ne","subtype":"ruined","type":"damaged"},"geometry":{"type":"Point","coordinates":[17.761199176311493,45.55899913916082]}},{"type":"Feature","properties":{"desc":"Ratkovac, crkva Pokrova Presvete Bogorodice, iz 1800 godine, sagrađena na mestu starije crkve, granatirana pa opljačkana i izlomljena","time0":"1.5.1995","object":"crkva","koor":"","date0":"ne","subtype":"ruined","type":"damaged"},"geometry":{"type":"Point","coordinates":[17.2530198097229,45.27920861786138]}},{"type":"Feature","properties":{"desc":"Ratkovica, crkva Svetog Velikomučenika Dimitrija, sagrađena 1874 godine, Hrvati srušili 1941 godine ","type":"destroyed","subtype":"mined","object":"crkva","time0":"1.1.1942","date0":"ne"},"geometry":{"type":"Point","coordinates":[17.720129191875454,45.22917953262609]}},{"type":"Feature","properties":{"desc":"Ratkovica, crkva Svetog Velikomučenika Dimitrija, noovi hram podignut na mjestu stare crkve 1980 godine, miniran u decembru 1991 godine","object":"crkva","time0":"1.1.1992","date0":"ne","subtype":"mined","type":"damaged"},"geometry":{"type":"Point","coordinates":[17.72011175751686,45.22917858812272]}},{"type":"Feature","properties":{"desc":"Donji Rogolji, crkva Svetog Velikomučenika Georgija, iz 19og vijeka, opljačkana i oštećena ","time0":"1.5.1995","object":"crkva","type":"damaged","subtype":"ruined","date0":"ne"},"geometry":{"type":"Point","coordinates":[17.21381664276123,45.35185119823829]}},{"type":"Feature","properties":{"desc":"Donji Rogolji, crkva Svetog Velikomučenika Georgija, iz 19og vijeka, opljačkana","time0":"1.1.1997","object":"crkva","type":"damaged","subtype":"robbed","date0":"ne"},"geometry":{"type":"Point","coordinates":[17.21382737159729,45.35184931331279]}},{"type":"Feature","properties":{"date0":"ne","desc":"Slavonska Požega, crkva Svetog velikomučenika Georgija, iz 1730 godine, Hrvati srušili 1941 godine","object":"crkva","time0":"1.1.1942","subtype":"mined","type":"destroyed"},"geometry":{"type":"Point","coordinates":[17.672493159770966,45.331469600081725]}},{"type":"Feature","properties":{"date0":"ne","object":"crkva","time0":"1.1.1992","desc":"Slavonska Požega, crkva Svetog velikomučenika Georgija, nova crkva na temelju stare sagrađena 1990 godine","subtype":"mined","type":"damaged"},"geometry":{"type":"Point","coordinates":[17.672570943832394,45.33147148568586]}},{"type":"Feature","properties":{"koor":"ne","date0":"ne","object":"kapela","time0":"1.1.1992","desc":"Slavonska Požega, kapela u parohijskom domu, ","subtype":"burned","type":"damaged"},"geometry":{"type":"Point","coordinates":[17.67278015613556,45.331573308216655]}},{"type":"Feature","properties":{"koor":"ne","date0":"ne","time0":"1.1.1942","type":"destroyed","subtype":"mined","desc":"Slavonski Brod, crkva Svetog velikomučenika Georgija, iz 1802 godine, Hrvati srušili 1941 godine","object":"crkva"},"geometry":{"type":"Point","coordinates":[18.024498224258423,45.15681100943612]}},{"type":"Feature","properties":{"date0":"ne","time0":"1.1.1992","type":"destroyed","subtype":"mined","desc":"Slavonski Brod, crkva Svetog velikomučenika Georgija, podignutu 50ak metara dalje od prethodne1990 godine, Hrvati minirali","object":"crkva"},"geometry":{"type":"Point","coordinates":[18.024302423000336,45.157274403080116]}},{"type":"Feature","properties":{"type":"destroyed","subtype":"mined","desc":"Slavonski Kobaš, crkva Svetog velikomučenika Georgija, sagrađena 1779 godine, Hrvati uništili 1941 godine","object":"crkva","time0":"1.1.1942","date0":"ne"},"geometry":{"type":"Point","coordinates":[17.73543655872345,45.100447505160204]}},{"type":"Feature","properties":{"type":"destroyed","subtype":"mined","desc":"Slavonski Kobaš, crkva Svetog velikomučenika Georgija, sagrađena na mestu stare 1962 godine, Hrvati u jesen 1993 godine minirali, ostao samo deo zidova","object":"crkva","time0":"1.1.1993","date0":"ne"},"geometry":{"type":"Point","coordinates":[17.735476791858673,45.10042478579266]}},{"type":"Feature","properties":{"time0":"1.1.1992","koor":"ne","date0":"ne","desc":"Sirač, crkva Uspenja Presvete Bogorodice, sagrađenu 1751 godine, Hrvati srušili do temelja u vremenu 91-92","object":"crkva","subtype":"mined","type":"destroyed"},"geometry":{"type":"Point","coordinates":[17.25704044103622,45.52818186990797]}},{"type":"Feature","properties":{"type":"destroyed","subtype":"mined","desc":"Stari Slatnik, crkva Svetog kneza Lazara, Hrvati srušili do temelja 1941 godine","object":"crkva","time0":"1.1.1942","date0":"ne"},"geometry":{"type":"Point","coordinates":[17.842605561017987,45.17440881000147]}},{"type":"Feature","properties":{"subtype":"mined","type":"damaged","time0":"1.1.1992","date0":"ne","desc":"Stari Slatnik, crkva Svetog kneza Lazara. na mestu stare podignuta nova 1985 godine, minirana u lelto 1991 godine kada je teško oštećena","object":"crkva"},"geometry":{"type":"Point","coordinates":[17.84265249967575,45.17440975541453]}},{"type":"Feature","properties":{"koor":"ne","date0":"ne","desc":"Subotska, crkva Svetog arhangela Gavrila, iz 18og vijeka, Hrvati teško oštetili","time0":"1.1.1992","object":"crkva","subtype":"mined","type":"damaged"},"geometry":{"type":"Point","coordinates":[17.12902396917343,45.3804100350466]}},{"type":"Feature","properties":{"type":"damaged","subtype":"mined","desc":"Toranj, crkva Svetog Pantelejmona, podignuta 1931 godine, Hrvati znatno oštetili","object":"crkva","time0":"1.1.1992","date0":"ne"},"geometry":{"type":"Point","coordinates":[17.11617887020111,45.484403792727605]}},{"type":"Feature","properties":{"type":"damaged","subtype":"ruined","desc":"Toranj, stara crkva Svetog Pantelejmona, oštećena tokom 91-92","object":"crkva","time0":"1.1.1992","koor":"","date0":"ne"},"geometry":{"type":"Point","coordinates":[17.08450734615326,45.48772278774177]}},{"type":"Feature","properties":{"desc":"Trnava, crkva Vaznesenja Gospodnjeg, Hrvati granatirali tokom 91-92 godine i znatno oštetili","object":"crkva","time0":"1.1.1992","date0":"ne","subtype":"mined","type":"damaged"},"geometry":{"type":"Point","coordinates":[18.254725635051727,45.26102492688781]}},{"type":"Feature","properties":{"time0":"1.1.1942","date0":"ne","desc":"Trnjani, crkva Rođenja Presvete Bogorodice, Hrvati srušili 1941 godine","object":"crkva","type":"destroyed","subtype":"mined"},"geometry":{"type":"Point","coordinates":[18.143762648105618,45.18700882642796]}},{"type":"Feature","properties":{"time0":"27.8.1992","object":"crkva","type":"destroyed","subtype":"mined","desc":"Trnjani, crkva Rođenja Presvete Bogorodice, Hrvati srušili"},"geometry":{"type":"Point","coordinates":[18.143727779388428,45.186980470305194]}},{"type":"Feature","properties":{"desc":"Uljanik, crkva Rođenja Svetog Jovana Preteče, iz 1760 godine, provaljena i avgustu 1991","object":"crkva","subtype":"robbed","type":"damaged","time0":"1.8.1991","date0":"ne"},"geometry":{"type":"Point","coordinates":[17.023921608924866,45.53321748223577]}},{"type":"Feature","properties":{"desc":"Uljanik, opljačkan i izlomljen","object":"dom","time0":"1.8.1991","date0":"ne","subtype":"robbed","type":"damaged"},"geometry":{"type":"Point","coordinates":[17.023149132728577,45.5337567169796]}},{"type":"Feature","properties":{"type":"destroyed","subtype":"mined","desc":"Uštica, crkva Svetog cara Konstantina i Jelene, iz 1810 godine, Hrvati minirali i teško oštetili 1941 godine","object":"crkva","time0":"1.1.1941","date0":"ne","koor":"ne"},"geometry":{"type":"Point","coordinates":[16.910372972488403,45.26400969432481]}},{"type":"Feature","properties":{"date0":"ne","koor":"ne","desc":"Uštica, parohijski dom i kapelu Svetog cara Konstantina i carice Jelene, oštećeni granatama","time0":"1.1.1992","object":"kapela","subtype":"mined","type":"damaged"},"geometry":{"type":"Point","coordinates":[16.91043198108673,45.26399081583351]}},{"type":"Feature","properties":{"desc":"Crkveni Vrhovci, crkva Uspenja Presvete Bogorodice, iz 1778 godine, Hrvati srušili 91-92 godine","time0":"1.1.1992","date0":"ne","type":"destroyed","subtype":"mined","object":"crkva","koor":""},"geometry":{"type":"Point","coordinates":[17.654327899217606,45.28915498889424]}},{"type":"Feature","properties":{"desc":"Širinci, kapela Svetog jevanđeliste Marka, sagrađena u 19om vijeku, porušena 1991 godine od strane Hrvata","object":"kapela","time0":"1.1.1992","koor":"ne","date0":"ne","subtype":"mined","type":"destroyed"},"geometry":{"type":"Point","coordinates":[17.252545058727264,45.322138862118464]}},{"type":"Feature","properties":{"desc":"Šnjegavić, crkva pokrova Presvete Bogorodice, sagređena 1764 godine, hrvati potpuno uništili","object":"crkva","time0":"1.1.1992","koor":"ne","date0":"ne","subtype":"mined","type":"destroyed"},"geometry":{"type":"Point","coordinates":[17.44019776582718,45.37681906635008]}},{"type":"Feature","properties":{"koor":"ne","date0":"ne","time0":"1.1.1992","desc":"Šnjegavić, parohijski dom uništen paljevinom","object":"dom","subtype":"burned","type":"destroyed"},"geometry":{"type":"Point","coordinates":[17.440494149923325,45.376708846757175]}},{"type":"Feature","properties":{"type":"damaged","subtype":"ruined","desc":"Babići, crkva Svetog velikomučenika Prokopija j eoštećena, crkvena zvona ukradena ","object":"crkva","time0":"1.1.1992","koor":"ne","date0":"ne"},"geometry":{"type":"Point","coordinates":[17.196215987205505,44.19127056780925]}},{"type":"Feature","properties":{"object":"dom","time0":"1.1.1992","koor":"ne","date0":"ne","desc":"Babići, parohijski dom oštećen i opljačkan","subtype":"ruined","type":"damaged"},"geometry":{"type":"Point","coordinates":[17.196323275566098,44.1912609518636]}},{"type":"Feature","properties":{"type":"damaged","subtype":"ruined","desc":"Bastasi, crkva Svetog proroka Ilije, 1995 godine od strane Hrvata provaljena i oštećena","object":"crkva","time0":"1.1.1992","date0":"ne"},"geometry":{"type":"Point","coordinates":[16.32197678089142,44.3967672572238]}},{"type":"Feature","properties":{"type":"damaged","subtype":"ruined","desc":"Baraći, crkva Svetih apostola Petra i Pavla, provaljena i oštećena od strane Hrvata 95/96 godine","object":"crkva","time0":"1.1.1996","koor":"","date0":"ne"},"geometry":{"type":"Point","coordinates":[16.9551819562912,44.32828814099866]}},{"type":"Feature","properties":{"subtype":"mined","desc":"Benakovac, crkva Svetog kneza Lazara, opljačkana i razorena 1995 godine","object":"crkva","time0":"1.1.1995","koor":"","date0":"ne","type":"destroyed"},"geometry":{"type":"Point","coordinates":[16.303389072418213,44.79966343164249]}},{"type":"Feature","properties":{"object":"crkva","time0":"1.1.1992","date0":"ne","subtype":"mined","type":"destroyed","desc":"Bihać, crka Svete Trojice, u izgradnji, muslimani potpuno razorili"},"geometry":{"type":"Point","coordinates":[15.870676338672638,44.80813407816054]}},{"type":"Feature","properties":{"koor":"ne","object":"dom","time0":"1.1.1992","date0":"ne","type":"damaged","subtype":"ruined","desc":"Bihać, parohijski dom, muslimani oštetili"},"geometry":{"type":"Point","coordinates":[15.87036520242691,44.808335790369384]}},{"type":"Feature","properties":{"koor":"ne","object":"kapela","time0":"1.1.1992","date0":"ne","type":"destroyed","subtype":"mined","desc":"Bihać, kapelu pri parohijskom domu uništili muslimani"},"geometry":{"type":"Point","coordinates":[15.870499312877655,44.80845567559326]}},{"type":"Feature","properties":{"type":"destroyed","subtype":"mined","desc":"Bjelaj, crkva Svetog velikomučenika Georgija, muslimani su uništili 1995 godine","object":"crkva","time0":"1.1.1995","koor":"","date0":"ne"},"geometry":{"type":"Point","coordinates":[16.196579486131668,44.59257304604501]}},{"type":"Feature","properties":{"time0":"1.1.1995","koor":"ne","date0":"ne","desc":"Bjelaj, parohijski dom, značajno oštećen od strane muslimana","subtype":"burned","type":"damaged","object":"dom"},"geometry":{"type":"Point","coordinates":[16.195902228355408,44.59245748809942]}},{"type":"Feature","properties":{"type":"damaged","subtype":"mined","desc":"Bosanska Bojna, crkva Svetog Preobraženja u Gradini, u više navrata granatirana i pretrpjela velika oštećenja","object":"crkva","time0":"1.1.1992","koor":"ne","date0":"ne"},"geometry":{"type":"Point","coordinates":[16.025919914245605,45.17226173647514]}},{"type":"Feature","properties":{"koor":"ne","date0":"ne","time0":"1.1.1992","object":"dom","desc":"Bosanska Bojna, parohijski dom spaljen pa potpuno uništen","subtype":"mined","type":"destroyed"},"geometry":{"type":"Point","coordinates":[16.02578043937683,45.171951628456966]}},{"type":"Feature","properties":{"type":"damaged","subtype":"ruined","desc":"Bosanski Doljani, crkva Svete Trojice, oštećena","object":"crkva","time0":"1.1.1992","koor":"","date0":"ne"},"geometry":{"type":"Point","coordinates":[15.98841726779938,44.68171235913561]}},{"type":"Feature","properties":{"type":"damaged","subtype":"ruined","desc":"Bosanski Milanovac, crkva Rođenja Presvete Bogorodice, od strane muslimana značajno oštećena tokom septembra, oktobra 1995","object":"crkva","time0":"1.10.1995.","koor":"","date0":"ne"},"geometry":{"type":"Point","coordinates":[16.540623754262924,44.76433822653531]}},{"type":"Feature","properties":{"subtype":"burned","type":"damaged","desc":"Bravsko, crkva Svetog proroka Ilije, spaljena od strane muslimana 1995. godine","object":"crkva","time0":"1.1.1995","koor":"","date0":"ne"},"geometry":{"type":"Point","coordinates":[16.580944061279297,44.55239757043476]}},{"type":"Feature","properties":{"subtype":"ruined","type":"damaged","desc":"Bukovača, crkva Rođenja Presvete Bogorodice, oštećena","object":"crkva","time0":"1.1.1995","koor":"","date0":"ne"},"geometry":{"type":"Point","coordinates":[16.42595797777176,44.51392051570827]}},{"type":"Feature","properties":{"subtype":"burned","desc":"Budimlić Japra, crkva Vaznesenja Gospodnjeg, muslimani spalili 1995 godine","object":"crkva","time0":"1.1.1995","koor":"","date0":"ne","type":"damaged"},"geometry":{"type":"Point","coordinates":[16.42769604921341,44.88705428737926]}},{"type":"Feature","properties":{"type":"damaged","subtype":"burned","desc":"Budimlić Japra, parohijski dom, oštećen","object":"dom","time0":"1.1,1995","koor":"ne","date0":"ne"},"geometry":{"type":"Point","coordinates":[16.42808496952057,44.88688895728057]}},{"type":"Feature","properties":{"type":"destroyed","subtype":"mined","desc":"Velika Rujiška, crkva Rođenja Presvete Bogorodice, uništena od strane muslimana 1995 godine","object":"crkva","time0":"1.1.1995","koor":"","date0":"ne"},"geometry":{"type":"Point","coordinates":[16.326370239257812,44.93582300822046]}},{"type":"Feature","properties":{"object":"dom","time0":"1.1.1995","koor":"ne","date0":"ne","subtype":"burned","desc":"Velika Rujiška, parohijski dom, spaljen od strane muslimana","type":"damaged"},"geometry":{"type":"Point","coordinates":[16.325243711471558,44.93633946083429]}},{"type":"Feature","properties":{"subtype":"ruined","desc":"Velika Kladuša, crka Svetog velikomučenika Georgija, oštećena","object":"crkva","time0":"1.1.1995","koor":"","date0":"ne","type":"damaged"},"geometry":{"type":"Point","coordinates":[15.805925130844116,45.18482536364232]}},{"type":"Feature","properties":{"type":"damaged","subtype":"ruined","desc":"Vođenica, crkva Uspenja Presvete Bogorodice, u razdoblju 91-95, skinut krov, zvona odneta, opljačkana i oštećena","object":"crkva","time0":"1.1.1995","koor":"","date0":"ne"},"geometry":{"type":"Point","coordinates":[16.276427507400513,44.638895170660525]}},{"type":"Feature","properties":{"object":"crkva","time0":"1.1.1995","koor":"ne","date0":"ne","desc":"Vranjska, crka, spaljena od strane muslimana u vremenu 91-95","subtype":"burned","type":"damaged"},"geometry":{"type":"Point","coordinates":[16.129775047302246,44.84305973307571]}},{"type":"Feature","properties":{"type":"damaged","object":"crkva","time0":"1.1.1995","date0":"ne","desc":"Vrbljani, crkva Uspenja Presvete Bogorodice, Hrvati su oštetili","subtype":"ruined"},"geometry":{"type":"Point","coordinates":[16.81560516357422,44.35183752487445]}},{"type":"Feature","properties":{"object":"dom","time0":"1.1.1995","date0":"ne","desc":"Vrbljani, parohijski dom, oštetili Hrvati","subtype":"ruined","type":"damaged"},"geometry":{"type":"Point","coordinates":[16.81552469730377,44.35170518673534]}},{"type":"Feature","properties":{"type":"damaged","subtype":"burned","desc":"Vrbica, crkva Svete Trojice, Hrvati spalili 1995 godine, nakon pljačke","object":"crkva","time0":"1.1.1995","koor":"","date0":"ne"},"geometry":{"type":"Point","coordinates":[16.704639494419098,43.99726604380042]}},{"type":"Feature","properties":{"type":"destroyed","subtype":"mined","desc":"Vrbica, parohijski dom su Hrvati uništili 1995 godine","object":"dom ","time0":"1.1.1995","koor":"","date0":"ne"},"geometry":{"type":"Point","coordinates":[16.70484870672226,43.996833832299615]}},{"type":"Feature","properties":{"type":"destroyed","subtype":"mined","desc":"Vrelo, crkva Vaznesenja Gospodnjeg, uništena","object":"crkva","time0":"1.1.1995","koor":"","date0":"ne"},"geometry":{"type":"Point","coordinates":[15.873701870441437,44.92461560214435]}},{"type":"Feature","properties":{"subtype":"ruined","desc":"Vrtoče, crkva Svetog proroka Ilije u vremenu 1991-1995, srušen zvonik i crkva oštećena","type":"damaged","object":"crkva","time0":"1.1.1995","date0":"ne"},"geometry":{"type":"Point","coordinates":[16.176965832710266,44.64151360615937]}},{"type":"Feature","properties":{"type":"damaged","subtype":"mined","desc":"Gata, crkva Svetih apostola Petra i Pavla, oštećena granatiranjem 1995","object":"crkva","time0":"1.1.1995","koor":"","date0":"ne"},"geometry":{"type":"Point","coordinates":[15.809838473796844,44.931998835887626]}},{"type":"Feature","properties":{"subtype":"ruined","desc":"Gerzovo, crkva Svetog Bogojavljenja, teško oštećena o strane Hrvata","date0":"ne","time0":"1.1.1996","object":"crkva","type":"damaged"},"geometry":{"type":"Point","coordinates":[17.002716064453125,44.31295946405676]}},{"type":"Feature","properties":{"date0":"ne","time0":"1.1.1996","koor":"ne","object":"dom","desc":"Gerzovo, parohijski dom uništen spaljivanjem od strane Hrvata","subtype":"burned","type":"destroyed"},"geometry":{"type":"Point","coordinates":[17.002064287662506,44.31313603145533]}},{"type":"Feature","properties":{"type":"damaged","subtype":"ruined","desc":"Glamoč, crkva Svete Trojice, Hrvati teško oštetili u periodu 95-95","object":"crkva","time0":"1.1.1995","koor":"","date0":"ne"},"geometry":{"type":"Point","coordinates":[16.855785995721817,44.04621483595597]}},{"type":"Feature","properties":{"type":"damaged","subtype":"ruined","desc":"Glamoč, Hrvati teško oštetili parohijski dom","object":"dom","time0":"1.1.1995","koor":"","date0":"ne"},"geometry":{"type":"Point","coordinates":[16.855213344097137,44.046189773040126]}},{"type":"Feature","properties":{"time0":"1.1.1995","koor":"","date0":"ne","object":"crkva","desc":"Glogovac, crkva Svetog velikomučenika Georgija, oštetili Hrvati 95-e godine","subtype":"ruined","type":"damaged"},"geometry":{"type":"Point","coordinates":[17.211759388446808,44.219617322492965]}},{"type":"Feature","properties":{"type":"damaged","subtype":"robbed","desc":"Graci, crkva Svetog Save, opljačkali Hrvati 1995 godine","object":"crkva","time0":"1.1.1995","koor":"","date0":"ne"},"geometry":{"type":"Point","coordinates":[16.942925602197647,44.43442959384036]}},{"type":"Feature","properties":{"type":"damaged","subtype":"ruined","desc":"Grahovo, crkva Svetih apostola Petra i Pavla, oštećena tokom 1995 od strane Hrvata","object":"crkva","time0":"1.1.1995","koor":"","date0":"ne"},"geometry":{"type":"Point","coordinates":[16.36274367570877,44.17916140711936]}},{"type":"Feature","properties":{"type":"damaged","subtype":"ruined","desc":"Grahovo, parohijski dom, Hrvati skroz uništili","object":"dom","time0":"1.1.1995","koor":"","date0":"ne"},"geometry":{"type":"Point","coordinates":[16.362460032105446,44.17935136074022]}},{"type":"Feature","properties":{"type":"damaged","subtype":"ruined","desc":"Grmuša, crkva Svetog Pantelejmona, oštećena","object":"crkva","time0":"1.1.1995","koor":"","date0":"ne"},"geometry":{"type":"Point","coordinates":[16.005513668060303,44.89510737819711]}},{"type":"Feature","properties":{"date0":"ne","time0":"1.1.1995","object":"crkva","subtype":"ruined","type":"destroyed","desc":"Gubin, crkva Uspenja Presvete Bogorodice, hrvati uništili tenkom"},"geometry":{"type":"Point","coordinates":[16.63965493440628,43.956844516343516]}},{"type":"Feature","properties":{"date0":"ne","koor":"ne","time0":"1.1.1995","object":"dom","type":"destroyed","subtype":"mined","desc":"Gubin, parohijski dom uništili Hrvati"},"geometry":{"type":"Point","coordinates":[16.639601290225983,43.95650082893816]}},{"type":"Feature","properties":{"type":"damaged","subtype":"burned","desc":"Dabar Donji, crkva Svetog Apostola i jevanđeliste Marka, muslimani spalili","object":"crkva","time0":"1.1.1995","koor":"","date0":"ne"},"geometry":{"type":"Point","coordinates":[16.588540077209473,44.72086553770511]}},{"type":"Feature","properties":{"date0":"ne","subtype":"ruined","type":"damaged","desc":"Dabar Donji, parohijski dom, muslimani uništili","object":"dom","time0":"1.1.1995"},"geometry":{"type":"Point","coordinates":[16.588497161865234,44.72130768754646]}},{"type":"Feature","properties":{"type":"damaged","subtype":"ruined","desc":"Drvar, crkva Svetog Save, oštećena od strane Hrvata","object":"crkva","time0":"1.1.1995","koor":"","date0":"ne"},"geometry":{"type":"Point","coordinates":[16.38429991900921,44.3750246893759]}},{"type":"Feature","properties":{"type":"damaged","subtype":"ruined","desc":"Drvar, crkva Vaznesenja Gospodnjeg, Hrvati opljačkali i oštetili","object":"crkva","time0":"1.1.1995","koor":"","date0":"ne"},"geometry":{"type":"Point","coordinates":[16.36240839958191,44.377887932052396]}},{"type":"Feature","properties":{"type":"damaged","subtype":"ruined","desc":"Drvar, parohijski dom, Hrvati oštetili","object":"dom","time0":"1.1.1995","koor":"ne","date0":"ne"},"geometry":{"type":"Point","coordinates":[16.384488344192505,44.37570720251501]}},{"type":"Feature","properties":{"type":"damaged","subtype":"burned","desc":"Jasenica, crkva Svetog arhangela Gavrila, muslimani opljačkali pa zapalili","object":"crkva","time0":"1.1.1995","koor":"","date0":"ne"},"geometry":{"type":"Point","coordinates":[16.257222890853882,44.803420281650965]}},{"type":"Feature","properties":{"type":"damaged","subtype":"burned","desc":"Janjila, crkva Pokrova Presvete Bogorodice, muslimani zapalili","object":"crkva","time0":"1.1.1995","koor":"ne","date0":"ne"},"geometry":{"type":"Point","coordinates":[16.493858098983765,44.57100366164214]}},{"type":"Feature","properties":{"type":"damaged","subtype":"burned","desc":"Jelašinovci, crkva Svetog Jovana Krstitelja, spaljena","object":"crkva","time0":"1.1.1995","koor":"","date0":"ne"},"geometry":{"type":"Point","coordinates":[16.53378278017044,44.68922971807154]}},{"type":"Feature","properties":{"type":"damaged","subtype":"ruined","desc":"Bosanska Krupa, crkva Rođenja Presvete Bogorodice, znatno oštećena","object":"crkva","time0":"1.1.1992","date0":"ne"},"geometry":{"type":"Point","coordinates":[16.15582600235939,44.8845600328134]}},{"type":"Feature","properties":{"type":"destroyed","subtype":"mined","desc":"Bosanska Krupa, parohijski dom potpuno spaljen pa uništen","object":"dom","time0":"1.1.1995","koor":"ne","date0":"ne"},"geometry":{"type":"Point","coordinates":[16.156259179115295,44.88456953494078]}},{"type":"Feature","properties":{"type":"destroyed","subtype":"mined","desc":"Bosanska Krupa, crkva  Rođenja Presvete Bogorodice, potpuno razorena","time0":"1.1.1995","date0":"ne","object":"crkva"},"geometry":{"type":"Point","coordinates":[16.155809238553047,44.884527250461936]}},{"type":"Feature","properties":{"type":"damaged","subtype":"burned","object":"crkva","time0":"1.1.1995","date0":"ne","desc":"Krnjeuša, crkva Uspenja Presvete Bogorodice, muslimani teško oštetili"},"geometry":{"type":"Point","coordinates":[16.22747451066971,44.68907335473616]}},{"type":"Feature","properties":{"subtype":"burned","type":"damaged","object":"dom","time0":"1.1.1995","date0":"ne","koor":"ne","desc":"Krnjeuša, parohijski dom, muslimani teško oštetili"},"geometry":{"type":"Point","coordinates":[16.22729480266571,44.68940705646545]}},{"type":"Feature","properties":{"koor":"ne","date0":"ne","desc":"Kopjenica, crkva Svte Trojice spaljena od strane muslimana","object":"crkva","time0":"1.1.1995","type":"damaged","subtype":"burned"},"geometry":{"type":"Point","coordinates":[16.695072054862976,44.56015337972047]}},{"type":"Feature","properties":{"type":"damaged","subtype":"ruined","desc":"Kolunić, crkva Preobraženja Gospodnjeg, oštećena od strane muslimana","object":"crkva","time0":"1.1.1995","koor":"","date0":"ne"},"geometry":{"type":"Point","coordinates":[16.336787939071655,44.525573961026026]}},{"type":"Feature","properties":{"type":"damaged","subtype":"ruined","desc":"Ključ, crkva Vaznesenja Gospodnjeg, oštećena od sstrane muslimana","object":"crkva","time0":"1.1.1995","koor":"","date0":"ne"},"geometry":{"type":"Point","coordinates":[16.77823930978775,44.53267083512794]}},{"type":"Feature","properties":{"type":"damaged","subtype":"ruined","desc":"Ključ,parohijski dom, oštećen","object":"dom","time0":"1.1.1995","koor":"ne","date0":"ne"},"geometry":{"type":"Point","coordinates":[16.778504848480225,44.53294520855955]}},{"type":"Feature","properties":{"desc":"Ključ,parohijski dom, oštećen","object":"dom","time0":"1.1.1995","koor":"ne","date0":"ne","subtype":"ruined","type":"damaged"},"geometry":{"type":"Point","coordinates":[16.77833452820778,44.53295954859884]}},{"type":"Feature","properties":{"desc":"Ključ,parohijski dom, oštećen","object":"dom","time0":"1.1.1995","type":"damaged","koor":"ne","date0":"ne","subtype":"ruined"},"geometry":{"type":"Point","coordinates":[16.778424382209778,44.533077136787725]}},{"type":"Feature","properties":{"type":"damaged","subtype":"ruined","desc":"Kljevci, crkva Svetog arhiđakona Stefana","object":"crkva","time0":"1.1.1995","koor":"","date0":"ne"},"geometry":{"type":"Point","coordinates":[16.684580594301224,44.69981091185445]}},{"type":"Feature","properties":{"type":"damaged","subtype":"ruined","desc":"Klisina, crkva Ognjene Marije, oštetili muslimani","object":"crkva","time0":"1.1.1995","koor":"","date0":"ne"},"geometry":{"type":"Point","coordinates":[16.71298384666443,44.8678927866665]}},{"type":"Feature","properties":{"type":"damaged","subtype":"burned","desc":"Kijevo, crkva Svete velikomučenice Nedelje, muslimani opljačkali i zapalili","object":"crkva","time0":"1.1.1995","koor":"","date0":"ne"},"geometry":{"type":"Point","coordinates":[16.727569699287415,44.74848197926255]}},{"type":"Feature","properties":{"date0":"ne","time0":"1.1.1992","object":"crkva","desc":"Livno,  crkva Uspenja Presvete Bogorodice, spaljena","subtype":"burned","type":"damaged"},"geometry":{"type":"Point","coordinates":[17.007383108139038,43.82799069453817]}},{"type":"Feature","properties":{"koor":"ne","date0":"ne","time0":"1.1.1992","object":"dom","desc":"Livno, parohijski dom, opljačkan i spaljen","subtype":"burned","type":"damaged"},"geometry":{"type":"Point","coordinates":[17.007805556058884,43.828056484658894]}},{"type":"Feature","properties":{"type":"damaged","subtype":"ruined","desc":"Lipa, crkva Vaznesenja Gospodnjeg, oštećena","object":"crkva","time0":"1.1.1992","koor":"","date0":"ne"},"geometry":{"type":"Point","coordinates":[16.077675819396973,44.69804449507229]}},{"type":"Feature","properties":{"desc":"Lipnik, crkva Svetog proroka Ilije, oštećena granatama","object":"crkva","subtype":"mined","time0":"1.1.1995","date0":"ne","type":"damaged"},"geometry":{"type":"Point","coordinates":[16.438207626342773,44.81304918520534]}},{"type":"Feature","properties":{"type":"damaged","subtype":"burned","desc":"Lukavice, crkva Svetih apostola Petra i Pavla, opljačkana i oštećena od strane muslimana","object":"crkva","time0":"1.1.1995","koor":"","date0":"ne"},"geometry":{"type":"Point","coordinates":[16.495392322540283,44.821848901462566]}},{"type":"Feature","properties":{"desc":"Lušci Palanka, crkva Vaznesenja Gospodnjeg, izgrađena 1903 godine, granatirana pa zapaljena u periodu 1995-1996","object":"crkva","time0":"1.1.1996","koor":"","date0":"ne","type":"damaged","subtype":"burned"},"geometry":{"type":"Point","coordinates":[16.42003297805786,44.74222780287713]}},{"type":"Feature","properties":{"time0":"1.1.1996","koor":"ne","date0":"ne","type":"damaged","subtype":"ruined","desc":"Lušci Palanka, parohijski dom, oštećen","object":"dom"},"geometry":{"type":"Point","coordinates":[16.4207062125206,44.742561198222084]}},{"type":"Feature","properties":{"type":"damaged","time0":"28.7.1995","object":"crkva","desc":"Rudine, crkva Rođenja Svetog Jovana Preteče, opljačkana i oštećena od strane hrvatske vojske","subtype":"ruined"},"geometry":{"type":"Point","coordinates":[16.89821183681488,44.01530806446443]}},{"type":"Feature","properties":{"object":"dom","desc":"Rudine, konak manastira Veselinje, oštećen","subtype":"robbed","type":"damaged","time0":"28.7.1995"},"geometry":{"type":"Point","coordinates":[16.89814880490303,44.01585780463516]}},{"type":"Feature","properties":{"object":"crkva","time0":"28.7.1995","koor":"ne","desc":"Rudine, crkva, oštećena od strane hrvatske vojske","subtype":"ruined","type":"damaged"},"geometry":{"type":"Point","coordinates":[16.898594051599503,44.01522126291897]}},{"type":"Feature","properties":{"object":"kapela","time0":"28.7.1995","koor":"ne","desc":"Rudine, kapela, oštećena od strane hrvatske vojske","type":"damaged","subtype":"ruined"},"geometry":{"type":"Point","coordinates":[16.898266822099686,44.015492276212214]}},{"type":"Feature","properties":{"object":"kapela","time0":"28.7.1995","koor":"ne","desc":"Rudine, kapela, oštećena od strane hrvatske vojske","type":"damaged","subtype":"ruined"},"geometry":{"type":"Point","coordinates":[16.898209154605865,44.01573435465458]}},{"type":"Feature","properties":{"type":"damaged","subtype":"mined","desc":"Martin Brod, crkva Svetog Nikole, u manastiru Rmanj, teško oštećena","time0":"1.1.1995","object":"crkva","date0":"ne"},"geometry":{"type":"Point","coordinates":[16.14326924085617,44.49271324252963]}},{"type":"Feature","properties":{"desc":"Marinkovci, crkva je opljačkana i oštećena","subtype":"ruined","type":"damaged","object":"crkva","time0":"1.1.1995","koor":"","date0":"ne"},"geometry":{"type":"Point","coordinates":[16.44220948219299,44.19252831997583]}},{"type":"Feature","properties":{"type":"damaged","subtype":"ruined","desc":"Majkić Japra, crkva Preobraženja Gospodnjeg, teško oštećena od strane muslimana","object":"crkva","time0":"1.1.1995","date0":"ne"},"geometry":{"type":"Point","coordinates":[16.359947472810745,44.79248591199038]}},{"type":"Feature","properties":{"type":"damaged","subtype":"ruined","desc":"Mala Novska Rujiška, crkva Svetog cara Konstantina i carice Jelene, provaljena i oštećena","object":"crkva","time0":"1.1.1995","date0":"ne"},"geometry":{"type":"Point","coordinates":[16.38208508491516,44.918551449679846]}},{"type":"Feature","properties":{"type":"damaged","subtype":"robbed","desc":"Martin Brod, kapela Svetog Jovana Zlatoustog, ","object":"kapela","time0":"1.1.1995","date0":"ne"},"geometry":{"type":"Point","coordinates":[16.143187433481213,44.492915098058695]}},{"type":"Feature","properties":{"koor":"ne","date0":"ne","desc":"Medna, crkva Rođenja Presvete Bogorodice","time0":"1.1.1995","object":"crkva","type":"damaged","subtype":"ruined"},"geometry":{"type":"Point","coordinates":[16.923639178276062,44.35864390532585]}},{"type":"Feature","properties":{"koor":"ne","date0":"ne","desc":"Medna, parohijski dom","object":"dom","time0":"1.1.1995","subtype":"ruined","type":"damaged"},"geometry":{"type":"Point","coordinates":[16.9232314825058,44.35837734176127]}},{"type":"Feature","properties":{"koor":"ne","date0":"ne","desc":"Medna, parohijski dom","object":"dom","time0":"1.1.1995","type":"damaged","subtype":"ruined"},"geometry":{"type":"Point","coordinates":[16.923526525497437,44.35822392333254]}},{"type":"Feature","properties":{"koor":"ne","date0":"ne","type":"damaged","subtype":"ruined","desc":"Odžak, crkva je znatno oštećena","object":"crkva","time0":"1.1.1995"},"geometry":{"type":"Point","coordinates":[16.808009147644043,44.15506888627402]}},{"type":"Feature","properties":{"desc":"Osredak, crkva uništena","type":"destroyed","subtype":"mined","object":"crkva","time0":"1.1.1992","koor":"ne","date0":"ne"},"geometry":{"type":"Point","coordinates":[15.915783047676086,44.93374196091736]}},{"type":"Feature","properties":{"desc":"Pecka, crkva Svetog proroka Ilije, ","object":"crkva","time0":"1.9.1995","date0":"ne","type":"damaged","subtype":"ruined"},"geometry":{"type":"Point","coordinates":[16.85692459344864,44.322627666367296]}},{"type":"Feature","properties":{"type":"damaged","subtype":"ruined","desc":"Pecka, parohijski dom","object":"dom","time0":"1.9.1995","koor":"ne","date0":"ne"},"geometry":{"type":"Point","coordinates":[16.8562513589859,44.32280036689143]}},{"type":"Feature","properties":{"desc":"Peći, crkva Vaznesenja Gospodnjeg, ošteđena od strane muslimana","object":"crkva","time0":"1.9.1995","date0":"ne","subtype":"ruined","type":"damaged"},"geometry":{"type":"Point","coordinates":[16.7858574539423,44.630816781601]}},{"type":"Feature","properties":{"type":"damaged","subtype":"robbed","desc":"Petrovac, crkva Svetih apostola Petra i Pavla, opljačkana od strane muslimana","object":"crkva","time0":"1.9.1995","date0":"ne"},"geometry":{"type":"Point","coordinates":[16.370501965284348,44.55275308355871]}},{"type":"Feature","properties":{"type":"damaged","subtype":"ruined","time0":"1.9.1995","desc":"Petrovac, parohijski dom","object":"dom","koor":"ne","date0":"ne"},"geometry":{"type":"Point","coordinates":[16.370428204536438,44.55292128255946]}},{"type":"Feature","properties":{"type":"damaged","subtype":"ruined","desc":"Peulje, crkva Svetog velikomučenika Georgija, znatno oštećena","object":"crkva","time0":"1.9.1995","date0":"ne"},"geometry":{"type":"Point","coordinates":[16.53614044189453,44.118841131257625]}},{"type":"Feature","properties":{"desc":"Pljeva, crkva Svete Petke","subtype":"robbed","type":"damaged","object":"crkva","time0":"1.1.1996","koor":"","date0":"ne"},"geometry":{"type":"Point","coordinates":[17.04522371292114,44.25097838777582]}},{"type":"Feature","properties":{"type":"damaged","subtype":"ruined","desc":"Prekaja, crkva Uspenja Presvete Bogorodice","object":"crkva","koor":"","date0":"ne","time0":"1.9.1995"},"geometry":{"type":"Point","coordinates":[16.533739864826202,44.314059163226865]}},{"type":"Feature","properties":{"subtype":"ruined","type":"damaged","koor":"ne","date0":"ne","time0":"1.9.1995","object":"dom","desc":"Prekaja, parohijski dom"},"geometry":{"type":"Point","coordinates":[16.53191328048706,44.31349300305149]}},{"type":"Feature","properties":{"desc":"Preodac, crkva Svete Trojice, opljačkana od strane Hrvata","object":"crkva","time0":"1.9.1995","koor":"","date0":"ne","type":"damaged","subtype":"ruined"},"geometry":{"type":"Point","coordinates":[16.587038040161133,44.21583130234302]}},{"type":"Feature","properties":{"desc":"Podvidača, crkva Silaska Svetog Duha na Apostole, muslimani znatno oštetili","object":"crkva","time0":"1.1.1995","date0":"ne","subtype":"ruined","type":"damaged"},"geometry":{"type":"Point","coordinates":[16.52495563030243,44.849924807940724]}},{"type":"Feature","properties":{"desc":"Podrašnica, crkva Pokrova Presvete Bogorodice, ","object":"crkva","time0":"1.1.1995","date0":"ne","type":"damaged","subtype":"ruined"},"geometry":{"type":"Point","coordinates":[16.97804108262062,44.40545301703614]}},{"type":"Feature","properties":{"desc":"Podrašnica, parohijski dom","object":"dom","time0":"1.1.1995","date0":"ne","type":"damaged","subtype":"ruined"},"geometry":{"type":"Point","coordinates":[16.978102773427963,44.405602479388115]}},{"type":"Feature","properties":{"desc":"Prkosi, crkva Uspenja Presvete Bogorodice","type":"damaged","subtype":"ruined","time0":"1.1.1995","object":"crkva","date0":"ne"},"geometry":{"type":"Point","coordinates":[16.108317375183105,44.62526289298705]}},{"type":"Feature","properties":{"desc":"Rore, crkva Svetog proroka Ilije","object":"crkva","time0":"1.1.1995","date0":"ne","subtype":"robbed","type":"damaged"},"geometry":{"type":"Point","coordinates":[16.661303043365475,44.21696069407493]}},{"type":"Feature","properties":{"desc":"Rujani, crkva Porova Presvete Bogorodice, srušili Hrvati","object":"crkva","time0":"1.1.1941","date0":"ne","subtype":"mined","type":"destroyed"},"geometry":{"type":"Point","coordinates":[16.728963777422905,43.88903303177701]}},{"type":"Feature","properties":{"type":"destroyed","subtype":"mined","desc":"Rujani, crkva Porova Presvete Bogorodice, srušili Hrvati","object":"crkva","time0":"1.1.1992","date0":"ne"},"geometry":{"type":"Point","coordinates":[16.72897517681122,43.88901273501477]}},{"type":"Feature","properties":{"desc":"Sanica, crkva Svetih apostola Petra i Pavla, teško oštećena","object":"crkva","time0":"1.1.1992","date0":"ne","subtype":"burned","type":"damaged"},"geometry":{"type":"Point","coordinates":[16.61748915910721,44.62254636213214]}},{"type":"Feature","properties":{"desc":"Stekerovci, crkva Svetih cara Konstantina i Jelene, znatno oštećena","object":"crkva","time0":"1.1.1995","date0":"ne","type":"damaged","subtype":"ruined"},"geometry":{"type":"Point","coordinates":[16.7286479473114,44.23206650831627]}},{"type":"Feature","properties":{"type":"damaged","subtype":"ruined","desc":"Spasovo (Kulen Vakuf), crkva, oštećena","object":"crkva","time0":"1.1.1993","koor":"ne","date0":"ne"},"geometry":{"type":"Point","coordinates":[16.088152527809143,44.55820019049144]}},{"type":"Feature","properties":{"subtype":"burned","desc":"Smoljana, crkva Svetog proroka Ilije, spalili muslimai 1995 godine","type":"damaged","object":"crkva","time0":"1.1.1995","koor":"","date0":"ne"},"geometry":{"type":"Point","coordinates":[16.436906754970547,44.60058227528626]}},{"type":"Feature","properties":{"object":"crkva","time0":"1.1.1995","date0":"ne","desc":"Sokolovo, crkva Uspenja Presvete Boogorodice, opljačkana i oštećena","subtype":"ruined","type":"damaged"},"geometry":{"type":"Point","coordinates":[16.84131145477295,44.63372665816933]}},{"type":"Feature","properties":{"type":"damaged","subtype":"burned","desc":"Srednji Dubovik, crkva Svetog Jovana Bogoslova, zapaljena od strane muslimana 1995 godine","object":"crkva","time0":"1.1.1995","koor":"","date0":"ne"},"geometry":{"type":"Point","coordinates":[16.335489749908447,44.890820644350725]}},{"type":"Feature","properties":{"desc":"Donji Petrovići, crkva Svetog Pantelejmona, muslimani zapalili","time0":"1.1.1995","object":"crkva","date0":"ne","subtype":"burned","type":"damaged"},"geometry":{"type":"Point","coordinates":[16.27397060394287,44.89288424494422]}},{"type":"Feature","properties":{"desc":"Stari Majdan, crkva Uspenja Presvete Bogorodice, zapalili muslimani","object":"crkva","subtype":"burned","type":"damaged","time0":"1.1.1995","date0":"ne"},"geometry":{"type":"Point","coordinates":[16.604713797569275,44.8282238136521]}},{"type":"Feature","properties":{"object":"dom","desc":"Stari Majdan, parohijski dom","subtype":"burned","type":"damaged","time0":"1.1.1995","date0":"ne"},"geometry":{"type":"Point","coordinates":[16.60462260246277,44.82837219175321]}},{"type":"Feature","properties":{"desc":"Stražice, crkva Uspenja Presvete Bogorodice, provaljena i opljačkana od strane muslimana 95-96 godine","object":"crkva","time0":"1.1.1995","date0":"ne","subtype":"ruined","type":"damaged"},"geometry":{"type":"Point","coordinates":[16.918741464614868,44.51802105008747]}},{"type":"Feature","properties":{"type":"damaged","date0":"ne","time0":"1.1.1996","object":"crkva","desc":"Strojice, crkva Rođenja Presvete Bogorodice, Hrvati oštetili izmeđi 12.9.1995 i 4.2.1996","subtype":"ruined"},"geometry":{"type":"Point","coordinates":[17.16312289237976,44.178118334431474]}},{"type":"Feature","properties":{"object":"dom","koor":"ne","date0":"ne","time0":"1.1.1996","type":"damaged","subtype":"ruined","desc":"Strojice, parohijski dom"},"geometry":{"type":"Point","coordinates":[17.162747383117676,44.17820489718239]}},{"type":"Feature","properties":{"desc":"Suvaja, crkva Pokrova Presvete Bogorodice, teško oštećena","time0":"1.1.1996","date0":"ne","object":"crkva","subtype":"burned","type":"damaged"},"geometry":{"type":"Point","coordinates":[16.310373544692993,44.60931314952513]}},{"type":"Feature","properties":{"desc":"Tomina, crkva Svetih cara Konstantina i carice Jelene, stradla prvo od vojske RS, muslimani je znatno oštetili 1995 godine","object":"crkva","time0":"1.1.1995","subtype":"ruined","type":"damaged"},"geometry":{"type":"Point","coordinates":[16.7333847284317,44.70966963529087]}},{"type":"Feature","properties":{"koor":"ne","date0":"ne","time0":"1.1.1995","object":"dom","desc":"Tomina, parohijski dom","subtype":"ruined","type":"damaged"},"geometry":{"type":"Point","coordinates":[16.733258664608,44.709391330250355]}},{"type":"Feature","properties":{"type":"damaged","subtype":"ruined","desc":"Trubar, crkva Rođenja Presvete Bogorodice, značajno oštećena","object":"crkva","time0":"1.1.1995","date0":"ne"},"geometry":{"type":"Point","coordinates":[16.237133145332336,44.3644255432064]}},{"type":"Feature","properties":{"desc":"Hašani, crkva Rođenja Svetog Jovana Krstitelja, muslimani zapalili 1995 godine","object":"crkva","time0":"1.1.1995","koor":"","date0":"ne","subtype":"burned","type":"damaged"},"geometry":{"type":"Point","coordinates":[16.35240912437439,44.83193695591938]}},{"type":"Feature","properties":{"koor":"ne","date0":"ne","time0":"1.1.1995","object":"crkva","desc":"Hadrovci, crkva skoro potpuno uništena u jesen 95e godine od strane muslimana","subtype":"mined","type":"destroyed"},"geometry":{"type":"Point","coordinates":[16.411634981632233,44.86044332960104]}},{"type":"Feature","properties":{"desc":"Veliki Cvjetnić, crkva Preobraženja Gospodnjeg, 1995 godine Hrvati uništili","object":"crkva","time0":"1.1.1995","date0":"ne","subtype":"mined","type":"destroyed"},"geometry":{"type":"Point","coordinates":[16.18697315454483,44.428886156187275]}},{"type":"Feature","properties":{"desc":"Crni Lug, crkva Svetog proroka Ilije, uništili Hrvati granatama","object":"crkva","time0":"7.1.1995","koor":"","date0":"","subtype":"mined","type":"destroyed"},"geometry":{"type":"Point","coordinates":[16.568930447101593,44.08372405748674]}},{"type":"Feature","properties":{"desc":"Šipovo, crkva Rođenja Presvete Bogorodice, Hrvati znatno oštetili","object":"crkva","time0":"1.1.1996","date0":"ne","subtype":"ruined","type":"damaged"},"geometry":{"type":"Point","coordinates":[17.08794593811035,44.283914576390224]}},{"type":"Feature","properties":{"object":"dom","time0":"1.1.1996","koor":"ne","date0":"ne","desc":"Šipovo, parohijski dom","subtype":"ruined","type":"damaged"},"geometry":{"type":"Point","coordinates":[17.087817192077637,44.28363807221819]}},{"type":"Feature","properties":{"type":"destroyed","subtype":"mined","desc":"Šipovljani, crkva Pokrova Presvete Bogorodice, Hrvati teško oštetili 1995 godine","time0":"1.1.1995","date0":"ne","object":"crkva"},"geometry":{"type":"Point","coordinates":[16.423839032649994,44.35102431187559]}},{"type":"Feature","properties":{"type":"damaged","subtype":"ruined","desc":"Karlovac, saborna crkva Svetog NIkole građena između 1758 i 1787 godine, oštećena u toku ratnih dejstava","object":"crkva","time0":"1.1.1991","koor":"","date0":"ne"},"geometry":{"type":"Point","coordinates":[15.556603074073792,45.49301021040164]}},{"type":"Feature","properties":{"type":"damaged","subtype":"mined","desc":"Karlovac, saborna crkva Svetog NIkole, teško oštećena na pravoslavni Božić","object":"crkva","time0":"7.1.1992","koor":"","date0":""},"geometry":{"type":"Point","coordinates":[15.55655613541603,45.492954743927996]}},{"type":"Feature","properties":{"subtype":"mined","type":"destroyed","desc":"Karlovac, saborna crkva Svetog NIkole, uništena do temelja između 22 i 25 decembra 1993 godine","object":"crkva","time0":"23.12.1993","koor":"","date0":"ne"},"geometry":{"type":"Point","coordinates":[15.556651689112186,45.49303841367238]}},{"type":"Feature","properties":{"type":"destroyed","object":"dom","time0":"25.12.1993","koor":"ne","date0":"","desc":"Karlovac, episkopska zgrada posle proslave rimokatoličkog Božića uništena eksplozijom","subtype":"mined"},"geometry":{"type":"Point","coordinates":[15.556190013885498,45.49323583617209]}},{"type":"Feature","properties":{"type":"damaged","subtype":"ruined","desc":"Blatuša, crkva Prenos moštiju Svetog Nikole, sagrađena 1930 godine, oštećena od strane Hrvata","object":"crkva","time0":"1.1.1991","koor":"","date0":"ne"},"geometry":{"type":"Point","coordinates":[15.882625579833984,45.32848461000842]}},{"type":"Feature","properties":{"desc":"Brđani, crkva Svetog Georgija, podignuta 1888.","subtype":"ruined","type":"damaged","object":"crkva","time0":"1.1.1992","koor":"ne","date0":"ne"},"geometry":{"type":"Point","coordinates":[16.485886573791504,45.38096957259093]}},{"type":"Feature","properties":{"subtype":"ruined","desc":"Brđani, parohijski dom, oštećen","object":"dom","time0":"1.1.1992","koor":"ne","date0":"ne","type":"damaged"},"geometry":{"type":"Point","coordinates":[16.486079692840576,45.38085653514952]}},{"type":"Feature","properties":{"type":"damaged","subtype":"burned","desc":"Brlog, crkva Svetog Save, sagrađena 1740, spaljane i znatno oštećena","object":"crkva","time0":"1.1.1992","koor":"","date0":"ne"},"geometry":{"type":"Point","coordinates":[15.156090259552,44.943599685316954]}},{"type":"Feature","properties":{"type":"damaged","subtype":"ruined","desc":"Buvača, crkva Svetih apostola Petra i Pavla, oštećena","object":"crkva","time0":"1.1.1991","koor":"","date0":"ne"},"geometry":{"type":"Point","coordinates":[15.7670921087265,45.19087268865067]}},{"type":"Feature","properties":{"subtype":"ruined","desc":"Buvača, crkva Svetih apostola Petra i Pavla, teško oštećena","object":"crkva","time0":"1.1.1995","koor":"","date0":"ne","type":"damaged"},"geometry":{"type":"Point","coordinates":[15.76718330383301,45.190884030325925]}},{"type":"Feature","properties":{"type":"damaged","subtype":"mined","desc":"Blinja, crkva Svetog proroka Ilije, podignuta 1873 godine, oštećena granatiranjem","object":"crkva","time0":"1.1.1991","koor":"","date0":"ne"},"geometry":{"type":"Point","coordinates":[16.370508670806885,45.35523642318183]}},{"type":"Feature","properties":{"date0":"ne","koor":"ne","time0":"1.1.1995","object":"crkva","subtype":"burned","type":"destroyed","desc":"Buzeta, crkva brvnara, stara skoro 300 godina, spaljena od strane muslimana u avgustu 1995 godine"},"geometry":{"type":"Point","coordinates":[16.109304428100586,45.245539753625415]}},{"type":"Feature","properties":{"type":"damaged","subtype":"burned","desc":"Buzeta, parohijski dom, spaljen u avgustu 1995 od strane muslimana","object":"dom","time0":"1.1.1995","koor":"ne","date0":"ne"},"geometry":{"type":"Point","coordinates":[16.109604835510254,45.245222490968736]}},{"type":"Feature","properties":{"subtype":"mined","type":"destroyed","desc":"Velika Popina, crkva Svetog proroka Ilije, srušena u periodu 91-95 godine","object":"crkva","time0":"1.1.1992","koor":"","date0":"ne"},"geometry":{"type":"Point","coordinates":[16.03148818016052,44.288945188935145]}},{"type":"Feature","properties":{"date0":"ne","koor":"ne","time0":"1.1.1995","desc":"Veljun, crkva Preobraženja Gospodnjeg, opljačkana i znatno oštećena od strane Hrvata","object":"crkva","subtype":"ruined","type":"destroyed"},"geometry":{"type":"Point","coordinates":[15.567455291748047,45.25609905671118]}},{"type":"Feature","properties":{"type":"damaged","time0":"1.8.1995","koor":"","date0":"ne","desc":"Vlahović, crkva Svetog proroka Ilije, sagrađena u 18om vijeku, opljačkana od strane Hrvata","object":"crkva","subtype":"robbed"},"geometry":{"type":"Point","coordinates":[16.189422011375427,45.31045818787728]}},{"type":"Feature","properties":{"type":"damaged","subtype":"ruined","desc":"Glavice, crkva Svete Petke, podignuta 1784 godine, stradala u jesen 1991 godine od strane Hrvata","object":"crkva","time0":"1.10.1991","koor":"","date0":"ne"},"geometry":{"type":"Point","coordinates":[15.257678925991057,44.91846408170393]}},{"type":"Feature","properties":{"type":"damaged","time0":"1.8.1995","koor":"","date0":"ne","subtype":"mined","desc":"Glina, crkva Rođenja Presvete Bogorodice, podignuta sredinom 18 vijeka, Hravti oštetili granatama u avgustu 1995 godine","object":"crkva"},"geometry":{"type":"Point","coordinates":[16.091039925813675,45.33989408860958]}},{"type":"Feature","properties":{"type":"damaged","subtype":"robbed","desc":"Glina, parohijski dom, opljačkan od strane Hrvata i oštećen","object":"dom","time0":"1.8.1995","koor":"ne","date0":"ne"},"geometry":{"type":"Point","coordinates":[16.090899109840393,45.33995795391332]}},{"type":"Feature","properties":{"subtype":"mined","time0":"8.10.1995","koor":"","date0":"ne","desc":"Glinska poljana, crkva Vaznesenja Gospodnjeg, podignuta 1806 godine, uništena od strane Hravata","object":"crkva","type":"destroyed"},"geometry":{"type":"Point","coordinates":[16.15161895751953,45.41863612691861]}},{"type":"Feature","properties":{"type":"destroyed","subtype":"mined","desc":"Gospić, crkva Svetog Georgija, uništena od strane Hrvata u vremenu 91-93","object":"crkva","time0":"1.1.1992","koor":"ne","date0":"ne"},"geometry":{"type":"Point","coordinates":[15.377511978149416,44.54505363619728]}},{"type":"Feature","properties":{"type":"destroyed","subtype":"mined","desc":"Gospić, parohijski dom, uništen od strane Hrvata","object":"dom","time0":"1.1.1992","koor":"ne","date0":"ne"},"geometry":{"type":"Point","coordinates":[15.377281308174133,44.54497334861026]}},{"type":"Feature","properties":{"type":"damaged","subtype":"ruined","desc":"Gornje Dubrave, crkva Svete Petke, oštećena od strane Hrvata","object":"crkva","time0":"1.1.1992","koor":"","date0":"ne"},"geometry":{"type":"Point","coordinates":[15.305888950824738,45.3088321708627]}},{"type":"Feature","properties":{"subtype":"ruined","object":"crkva","time0":"1.1.1992","date0":"ne","desc":"Dvor na Uni, crkva Svetog velikomučenika Georgija","type":"damaged"},"geometry":{"type":"Point","coordinates":[16.37757897377014,45.07073989318766]}},{"type":"Feature","properties":{"subtype":"ruined","desc":"Dvor na Uni, parohijski dom, teško oštećen","date0":"ne","koor":"ne","time0":"1.1.1992","object":"dom","type":"damaged"},"geometry":{"type":"Point","coordinates":[16.378061771392822,45.07082324079139]}},{"type":"Feature","properties":{"time0":"1.8.1995","koor":"ne","date0":"ne","desc":"Dvor na Uni, parohijski dom, potpuno uništen","object":"dom","subtype":"mined","type":"destroyed"},"geometry":{"type":"Point","coordinates":[16.3781476020813,45.07080050963878]}},{"type":"Feature","properties":{"type":"damaged","subtype":"burned","desc":"Dragotina, crkva Uspenja Presvete Boogorodice, spaljena od strane Hrvata","object":"crkva","time0":"1.1.1942","koor":"","date0":"ne"},"geometry":{"type":"Point","coordinates":[16.181557774543762,45.2606001369832]}},{"type":"Feature","properties":{"subtype":"ruined","desc":"Dragotina, crkva Uspenja Presvete Boogorodice, oštećena","object":"crkva","time0":"1.8.1995","koor":"","date0":"ne","type":"damaged"},"geometry":{"type":"Point","coordinates":[16.18162214756012,45.26057370550635]}},{"type":"Feature","properties":{"date0":"ne","object":"crkva","time0":"1.8.1995","subtype":"ruined","desc":"Donji Budački, crkva Svetih apostola Petra i Pavla, oštećena","type":"damaged"},"geometry":{"type":"Point","coordinates":[15.598880052566527,45.36689844256823]}},{"type":"Feature","properties":{"koor":"ne","date0":"ne","object":"dom","time0":"1.8.1995","subtype":"ruined","type":"damaged","desc":"Donji Budački, parohijski dom"},"geometry":{"type":"Point","coordinates":[15.597753524780275,45.36677783928531]}},{"type":"Feature","properties":{"time0":"1.1.1942","koor":"","date0":"ne","object":"crkva","subtype":"burned","type":"damaged","desc":"Donji Budački, crkva Svetih apostola Petra i Pavla, od strane Hrvata spaljena"},"geometry":{"type":"Point","coordinates":[15.59884786605835,45.36689844256823]}},{"type":"Feature","properties":{"type":"destroyed","date0":"ne","subtype":"ruined","desc":"Dubica, crkva Silaska Svetoga Duha, od strane Hrvata uništena u vremenu 41-45","object":"crkva","time0":"1.1.1942"},"geometry":{"type":"Point","coordinates":[16.79617926478386,45.189936047505164]}},{"type":"Feature","properties":{"type":"damaged","subtype":"ruined","desc":"Dubica, crkva Silaska Svetoga Duha, oštećen krov, zvonik, opljačkana","object":"crkva","time0":"1.1.1993","date0":"ne"},"geometry":{"type":"Point","coordinates":[16.796202063560486,45.18992754110727]}},{"type":"Feature","properties":{"object":"dom","time0":"1.1.1993","desc":"Dubica, parohijski dom, ikone i knjige velikim delom uništene","subtype":"ruined","type":"damaged","date0":"ne","koor":"ne"},"geometry":{"type":"Point","coordinates":[16.79595395922661,45.18995022483213]}},{"type":"Feature","properties":{"type":"destroyed","subtype":"mined","desc":"Živaja, crkva Svetog proroka Ilije, podignuta 1885 godine, srušena od stane Hrvata tokom drugog svjetskog rata","object":"crkva","time0":"1.1.1942","koor":"ne","date0":"ne"},"geometry":{"type":"Point","coordinates":[16.721556186676025,45.24789650646126]}},{"type":"Feature","properties":{"type":"destroyed","subtype":"mined","desc":"Živaja, crkva Svetog proroka Ilije, srušena od strane Hrvata u vremenu 91-96","object":"crkva","time0":"1.1.1995","koor":"ne","date0":"ne"},"geometry":{"type":"Point","coordinates":[16.721577644348145,45.24789461807666]}},{"type":"Feature","properties":{"subtype":"ruined","type":"damaged","time0":"1.1.1942","koor":"ne","date0":"ne","object":"crkva","desc":"Jošavica, crkva Svetog velikomučenika Georgija, sagrađena 1777 godine, oštećena od strane Hrvata"},"geometry":{"type":"Point","coordinates":[16.357440948486328,45.327590779470306]}},{"type":"Feature","properties":{"subtype":"mined","type":"damaged","time0":"1.1.1995","koor":"ne","date0":"ne","object":"crkva","desc":"Jošavica, crkva Svetog velikomučenika Georgija, sagrađena 1777 godine, oštećena od strane Hrvata granatiranjem"},"geometry":{"type":"Point","coordinates":[16.357499957084656,45.327590779470306]}},{"type":"Feature","properties":{"type":"damaged","subtype":"robbed","time0":"1.1.1996","date0":"ne","koor":"ne","object":"crkva","desc":"Jošavica, crkva Svetog velikomučenika Georgija, sagrađena 1777 godine, opljačkana od strane Hrvata"},"geometry":{"type":"Point","coordinates":[16.357465088367462,45.327592665203596]}},{"type":"Feature","properties":{"type":"damaged","subtype":"ruined","desc":"Komogovina, crkva Preobraženja Gospodnjeg, podignuta 1688 godine, oštećena od strane Hrvata tokom drugog svjetskog rata","object":"crkva","time0":"1.1.1942","koor":"","date0":"ne"},"geometry":{"type":"Point","coordinates":[16.375902593135834,45.302267265930794]}},{"type":"Feature","properties":{"type":"damaged","time0":"1.1.1991","date0":"ne","subtype":"ruined","desc":"Komogovina, crkva Preobraženja Gospodnjeg, podignuta 1688 godine, oštećena tokom ratnih dejstava od strane Hrvata","object":"crkva"},"geometry":{"type":"Point","coordinates":[16.37590795755386,45.302267737574844]}},{"type":"Feature","properties":{"type":"damaged","time0":"1.1.1994","date0":"ne","subtype":"ruined","desc":"Komogovina, crkva Preobraženja Gospodnjeg, podignuta 1688 godine, oštećena od strane hrvata tokom 1994 godine","object":"crkva"},"geometry":{"type":"Point","coordinates":[16.37591265141964,45.302267737574844]}},{"type":"Feature","properties":{"time0":"26.4.1942","koor":"","date0":"","object":"crkva","desc":"Kolarić, crkva Svete Petke, podignuta 1804 godine, uništena požarom kada je ubijeno u njoj i 106 Srba iz tog kraja","subtype":"burned","type":"destroyed"},"geometry":{"type":"Point","coordinates":[15.681706666946411,45.32287625000771]}},{"type":"Feature","properties":{"time0":"1.1.1995","object":"crkva","date0":"ne","desc":"Kolarić, crkva Vaznesenja Gospodnjeg, oštećena tokom 91-95","type":"damaged","subtype":"ruined"},"geometry":{"type":"Point","coordinates":[15.678831338882446,45.324731935628236]}},{"type":"Feature","properties":{"time0":"1.3.1997","object":"crkva","koor":"","date0":"ne","desc":"Kolarić, crkva Vaznesenja Gospodnjeg, oštećena ubacivanjem bombe kada je oštećen ikonostas, ikone i popucala sva stakla","type":"damaged","subtype":"ruined"},"geometry":{"type":"Point","coordinates":[15.6789493560791,45.32467913240609]}},{"type":"Feature","properties":{"koor":"","date0":"ne","time0":"1.1.1992","object":"crkva","subtype":"ruined","type":"damaged","desc":"Kosinj, crkva Svetog Nikolaja, sagrađena 1873 godine, provaljena, obesvećena, opljačkana i demolirana."},"geometry":{"type":"Point","coordinates":[15.273595154285431,44.73732190623891]}},{"type":"Feature","properties":{"date0":"ne","desc":"Kostajnica, crkva Arhangela Gavrila i Mihaila, podignuta 1743, Hrvati potpuno uništili 1941 godine ","object":"crkva","subtype":"ruined","type":"destroyed","time0":"1.1.1942"},"geometry":{"type":"Point","coordinates":[16.54838338494301,45.22313864041743]}},{"type":"Feature","properties":{"date0":"ne","type":"damaged","subtype":"ruined","desc":"Kostajnica, crkva Arhangela Gavrila i Mihaila, oštećena","object":"crkva","time0":"1.1.1995"},"geometry":{"type":"Point","coordinates":[16.548404842615124,45.223139112719295]}},{"type":"Feature","properties":{"subtype":"robbed","type":"damaged","desc":"Kostajnica, parohijski dom razvaljen posle pljačke","object":"dom","time0":"1.1.1995","koor":"ne","date0":"ne"},"geometry":{"type":"Point","coordinates":[16.54815338551998,45.223222237786544]}},{"type":"Feature","properties":{"type":"destroyed","subtype":"mined","desc":"Kukuruzari, crkva Uspenja Presvete Bogorodice, podignuta 1838 godine, Hrvati minirali 1945","object":"crkva","time0":"1.1.1945","koor":"","date0":"ne"},"geometry":{"type":"Point","coordinates":[16.48160845041275,45.2661202700659]}},{"type":"Feature","properties":{"desc":"Kukuruzari, crkva Uspenja Presvete Bogorodice, podignuta 1838 godine, oštećena ","object":"crkva","time0":"1.1.1995","date0":"ne","type":"damaged","subtype":"ruined"},"geometry":{"type":"Point","coordinates":[16.481600403785706,45.266094785048686]}},{"type":"Feature","properties":{"type":"damaged","desc":"Ličko Petrovo Selo, crkva Svetih apostola Petra i Pavla, podignuta 1892 godine, spaljena od strane Hrvata 41 godine","object":"crkva","time0":"1.1.1942","koor":"","date0":"ne","subtype":"burned"},"geometry":{"type":"Point","coordinates":[15.710041522979735,44.87984773447413]}},{"type":"Feature","properties":{"desc":"Ličko Petrovo Selo, crkva Svetih apostola Petra i Pavla, podignuta 1892 godine, opljačkana i izlomljena od strane Hravata","object":"crkva","time0":"1.1.1992","koor":"","date0":"ne","type":"damaged","subtype":"robbed"},"geometry":{"type":"Point","coordinates":[15.710132718086244,44.87982492749404]}},{"type":"Feature","properties":{"type":"damaged","subtype":"ruined","desc":"Majske Poljane, crkva Vaskrsenja Hristovog, brvnara podignuta 1820 godine, neznatno oštećena 1995 godine","object":"crkva","time0":"1.1.1995","koor":"ne","date0":"ne"},"geometry":{"type":"Point","coordinates":[16.159330308437347,45.33067009826652]}},{"type":"Feature","properties":{"type":"destroyed","subtype":"mined","desc":"Medak, crkva Rođenja Svetog Jovana Preteče, sagrašena 1724 godine, stradla od Hrvata tokom drugog svjetskog rata ","object":"crkva","time0":"1.1.1945","koor":"","date0":"ne"},"geometry":{"type":"Point","coordinates":[15.514476299285889,44.43798560198326]}},{"type":"Feature","properties":{"desc":"Medak, crkva Rođenja Svetog Jovana Preteče, podignuta 1724 godine, granatirana i opljaškkana od strane hrvatske vojske ","subtype":"mined","type":"damaged","object":"crkva","time0":"1.1.1995","koor":"","date0":"ne"},"geometry":{"type":"Point","coordinates":[15.51450580358505,44.43797028101745]}},{"type":"Feature","properties":{"object":"dom","time0":"1.8.1995","koor":"ne","date0":"ne","desc":"Meminska, parohijski dom opljačkan i izlomljen od strane Hrvata","subtype":"robbed","type":"damaged"},"geometry":{"type":"Point","coordinates":[16.5923810005188,45.298060044980645]}},{"type":"Feature","properties":{"type":"destroyed","subtype":"mined","desc":"Munjava, crkva Svetih arhangela  Mihaila i Gavrila, podignuta 1838 godine, Hrvati srušili do temelja","object":"crkva","time0":"1.1.1942","koor":"","date0":"ne"},"geometry":{"type":"Point","coordinates":[15.293137729167938,45.169438556683914]}},{"type":"Feature","properties":{"date0":"ne","object":"crkva","time0":"1.1.1992","desc":"Munjava, crkva Svetih arhangela  Mihaila i Gavrila, podignuta 1838 godine, Hrvati opljačkali u periodu 91-93 godine","subtype":"robbed","type":"damaged"},"geometry":{"type":"Point","coordinates":[15.293081402778627,45.16945557560157]}},{"type":"Feature","properties":{"type":"damaged","desc":"Obljaj, crkva Vaznesenja Gospodnjeg, podignuta 1873, obnovljena 1982 godine, provaljena i potpuno opljačkana","object":"crkva","time0":"1.1.1992","koor":"","date0":"ne","subtype":"robbed"},"geometry":{"type":"Point","coordinates":[16.027134954929352,45.24263522340244]}},{"type":"Feature","properties":{"object":"crkva","time0":"1.1.1992","date0":"ne","subtype":"ruined","type":"damaged","desc":"Otočac, crkva Svetog Georgija, podignuta 1863 godine, oštećena u vremenu 91-93 godine"},"geometry":{"type":"Point","coordinates":[15.235218107700346,44.868880335309015]}},{"type":"Feature","properties":{"object":"dom","time0":"1.1.1992","koor":"ne","date0":"ne","type":"destroyed","desc":"Otočac, parohijski dom, srušen ","subtype":"mined"},"geometry":{"type":"Point","coordinates":[15.235462188720703,44.86831955423194]}},{"type":"Feature","properties":{"type":"damaged","subtype":"mined","desc":"Peroj, crkva Svetog Spiridona, podignuta 1787 godinem oštećena ručnom bombom 1992 godine","object":"crkva","time0":"1.1.1992","koor":"","date0":"ne"},"geometry":{"type":"Point","coordinates":[13.798665851354599,44.95092448078803]}},{"type":"Feature","properties":{"type":"damaged","subtype":"ruined","desc":"Petrinja, crkva Svetog NIkole, sagrađena 1878 godine oštećena u vremenu 91-93","object":"crkva","time0":"1.1.1992","koor":"","date0":"ne"},"geometry":{"type":"Point","coordinates":[16.304651051759716,45.43426884414072]}},{"type":"Feature","properties":{"type":"destroyed","subtype":"mined","desc":"Petrinja, crkva Svetog Spiridona, sagrađena 1785 godine, srušena od strane Hrvata","object":"crkva","time0":"1.1.1942","koor":"","date0":"ne"},"geometry":{"type":"Point","coordinates":[16.279965341091152,45.44037618335499]}},{"type":"Feature","properties":{"desc":"Petrinja, crkva Svetog Spiridona, obnovljena 1976 godine, srušena miniranjem od strane Hrvata","type":"destroyed","time0":"12.8.1991","object":"crkva","subtype":"mined"},"geometry":{"type":"Point","coordinates":[16.279976069927216,45.440370537429885]}},{"type":"Feature","properties":{"desc":"Petrinja, crkva Svetog Spiridona, obnovljena 1994 godine, srušena od strane Hrvata buldožerom ","type":"destroyed","time0":"1.4.1997","object":"crkva","date0":"ne","subtype":"ruined"},"geometry":{"type":"Point","coordinates":[16.279988139867783,45.440363009528824]}},{"type":"Feature","properties":{"type":"damaged","subtype":"ruined","desc":"Petrinja, parohijski dom, izlomljen","object":"dom","time0":"1.1.1992","koor":"ne","date0":"ne"},"geometry":{"type":"Point","coordinates":[16.280185282230377,45.44038277026694]}},{"type":"Feature","properties":{"object":"kapela","time0":"1.8.1992","koor":"ne","date0":"ne","desc":"Petrinja, kapela u parohijskom domu granatirana kada je ranjen nadležni sveštenik","subtype":"mined","type":"damaged"},"geometry":{"type":"Point","coordinates":[16.28019869327545,45.44038088829218]}},{"type":"Feature","properties":{"type":"damaged","date0":"ne","object":"crkva","subtype":"ruined","time0":"1.1.1992","desc":"Plaški, crkva Vavedenja Presvete Bogorodice, izlomljena"},"geometry":{"type":"Point","coordinates":[15.3653347492218,45.08258539936616]}},{"type":"Feature","properties":{"koor":"ne","date0":"ne","object":"dom","subtype":"burned","type":"damaged","time0":"1.1.1992","desc":"Plaški, parohijski dom, potpuno spaljen"},"geometry":{"type":"Point","coordinates":[15.365028977394104,45.082047537053654]}},{"type":"Feature","properties":{"type":"damaged","subtype":"burned","object":"crkva","time0":"1.1.1942.","desc":"Primišlje, crkva Sošestvija Svetoga Duha, iz 1807 godine, Hrvati spalili","koor":"ne","date0":"ne"},"geometry":{"type":"Point","coordinates":[15.473706722259521,45.18140538218992]}},{"type":"Feature","properties":{"type":"destroyed","subtype":"ruined","object":"crkva","koor":"ne","date0":"ne","time0":"1.1.1958","desc":"Primišlje, crkva Sošestvija Svetoga Duha, iz 1807 godine, komunisti srušili do temelja"},"geometry":{"type":"Point","coordinates":[15.47374427318573,45.181397819814244]}},{"type":"Feature","properties":{"desc":"Pula, crkva Svetog Nikole, podignuta u šestom vijeku, izlomljena tokom drugog svjetskog rata","subtype":"ruined","type":"damaged","object":"crkva","time0":"1.1.1942","koor":"","date0":"ne"},"geometry":{"type":"Point","coordinates":[13.845935761928558,44.871262168285675]}},{"type":"Feature","properties":{"object":"crkva","time0":"1.3.1990","koor":"","date0":"ne","desc":"Pula, crkva Svetog Nikole, iz šestog vijeka, opljaškana i mnoge vredne dragocenosti nestale među njima u 14 italo-kritskih ikona iz 16og vijeka","subtype":"robbed","type":"damaged"},"geometry":{"type":"Point","coordinates":[13.845900893211363,44.87124125876823]}},{"type":"Feature","properties":{"object":"crkva","desc":"Pula, crkva Svetog Nikole, iz šestog vijeka,  kamenovana","time0":"1.1.1992","koor":"","date0":"ne","subtype":"ruined","type":"damaged"},"geometry":{"type":"Point","coordinates":[13.845962584018707,44.871245060499234]}},{"type":"Feature","properties":{"type":"damaged","subtype":"ruined","desc":"Rijeka, crkva Svetog Georgija, sagrađena 1939 godine, Hrvati provalili i znatno oštetili","object":"crkva","time0":"1.1.1992","koor":"","date0":"ne"},"geometry":{"type":"Point","coordinates":[14.458088278770447,45.32556923728723]}},{"type":"Feature","properties":{"desc":"Rujevac, crkva Preobraženja Gospodnjeg, podignuta 1885 godine, oprema uništena početkom drugog svjetskog rata","type":"damaged","subtype":"ruined","object":"crkva","time0":"1.1.1942","koor":"","date0":"ne"},"geometry":{"type":"Point","coordinates":[16.26699149608612,45.12802404230435]}},{"type":"Feature","properties":{"desc":"Rujevac, crkva Preobraženja Gospodnjeg, obnovljena u periodu 1970-1972, opljačkana i oštećena","object":"crkva","time0":"1.1.1992","koor":"","date0":"ne","subtype":"robbed","type":"damaged"},"geometry":{"type":"Point","coordinates":[16.266900300979614,45.12799376444685]}},{"type":"Feature","properties":{"type":"destroyed","subtype":"burned","desc":"Sadilovac, crkva Rođenja Presvete Bogorodice, sagrađena 1826 godine, Hrvati spalili zajedno sa 463 osobe, od novorođenčadi do staraca","time0":"31.7.1942","object":"crkva"},"geometry":{"type":"Point","coordinates":[15.713915973901749,44.94169073774143]}},{"type":"Feature","properties":{"object":"crkva","desc":"Sadilovac, crkva Rođenja Presvete Bogorodice, obnovljena 1989 godine, izlomljena potpuno od strane Hrvata","time0":"1.1.1995","subtype":"ruined","type":"damaged","date0":"ne"},"geometry":{"type":"Point","coordinates":[15.713949501514433,44.941682194322695]}},{"type":"Feature","properties":{"koor":"ne","date0":"ne","time0":"1.11.1991","object":"crkva","desc":"Slana, crkva porušena tokom jeseni 1991","subtype":"mined","type":"destroyed"},"geometry":{"type":"Point","coordinates":[16.121267080307007,45.454450659098015]}},{"type":"Feature","properties":{"desc":"Slabinja, crkva Svete Petke, sagrađena 1828 godine, porušena tokom drug svejtskog rata","object":"crkva","time0":"1.1.1942","subtype":"mined","type":"destroyed","date0":"ne"},"geometry":{"type":"Point","coordinates":[16.66749894618988,45.21049607551582]}},{"type":"Feature","properties":{"type":"damaged","subtype":"ruined","desc":"Slabinja, crkva Svete Petke, ostali samo zidovi","object":"crkva","time0":"1.1.1992","koor":"","date0":"ne"},"geometry":{"type":"Point","coordinates":[16.667508333921432,45.21049607551582]}},{"type":"Feature","properties":{"object":"crkva","time0":"1.1.1942","date0":"ne","subtype":"mined","desc":"Selište, crkva Svetog arhangela Mihaila, podignuta 1828 godine, srušena od strane Hrvata","type":"destroyed"},"geometry":{"type":"Point","coordinates":[16.060453355312347,45.31640161882233]}},{"type":"Feature","properties":{"object":"crkva","time0":"1.1.1995","date0":"ne","desc":"Selište, crkva Svetog arhangela Mihaila, podignuta 1828 godine, lomljena i opljačkana od strane Hrvata","subtype":"ruined","type":"damaged"},"geometry":{"type":"Point","coordinates":[16.06048822402954,45.31640161882233]}},{"type":"Feature","properties":{"type":"destroyed","subtype":"mined","desc":"Smiljan, crkva Svetih apostola Petra i Pavla, Hrvati su srušili 1941 godine","object":"crkva","time0":"1.1.1942","date0":"ne"},"geometry":{"type":"Point","coordinates":[15.308372676372528,44.559436708313356]}},{"type":"Feature","properties":{"type":"damaged","subtype":"ruined","desc":"Smiljan, parohijski dom i rodnu kuću Nikoel Tesle, Hrvati su oskrnavili u jesen 1991 godine","object":"dom","time0":"1.1.1992","koor":"","date0":"ne"},"geometry":{"type":"Point","coordinates":[15.308632850646973,44.55945199739553]}},{"type":"Feature","properties":{"desc":"Slunj, crkva Svetog arhangela Mihaila, sagrađena krajem 19og vijeka, pred kraj rata spaljena","object":"crkva","time0":"1.1.1945","date0":"ne","subtype":"burned","type":"damaged"},"geometry":{"type":"Point","coordinates":[15.584886968135836,45.11497468920505]}},{"type":"Feature","properties":{"type":"damaged","time0":"1.11.1991","koor":"","date0":"ne","object":"crkva","subtype":"ruined","desc":"Slunj, crkva Setog arhangela Mihaila, oštećena"},"geometry":{"type":"Point","coordinates":[15.584908425807953,45.114971850007265]}},{"type":"Feature","properties":{"koor":"ne","date0":"ne","object":"dom","subtype":"ruined","type":"damaged","desc":"Slunj, parohijski dom, u vremenu 91-93, izlomljen a tokom 95 godine i useljen","time0":"1.1.1992"},"geometry":{"type":"Point","coordinates":[15.585131049156189,45.11504093711296]}},{"type":"Feature","properties":{"type":"damaged","subtype":"mined","desc":"Staro Selo, crkva Svetog Jovana Krstitelja, podignuta 1740 godine,ozbiljna oštećenja uzrokovana minama pretrpela je 1946 godine","object":"crkva","time0":"1.1.1946","koor":"","date0":"ne"},"geometry":{"type":"Point","coordinates":[15.246397554874418,44.88994463681335]}},{"type":"Feature","properties":{"object":"crkva","time0":"1.1.1992","koor":"","date0":"ne","subtype":"burned","type":"destroyed","desc":"Staro Selo, crkva Svetog Jovana Krstitelja, Hravti spalili i potpuno uništili a tenkovima i buldožerima preorali pravoslavno groblje u neposrednoj blizini"},"geometry":{"type":"Point","coordinates":[15.24644248187542,44.88994178644166]}},{"type":"Feature","properties":{"type":"damaged","subtype":"ruined","desc":"Topusko, parohijski dom, opljačkan i izlomljen od strane Hrvata u leto 1991 godine","object":"dom","time0":"1.1.1992","koor":"ne","date0":"ne"},"geometry":{"type":"Point","coordinates":[15.97483992576599,45.296075184837996]}},{"type":"Feature","properties":{"type":"damaged","subtype":"ruined","desc":"Trebinja, crkva Rođenja Presvete Bogorodice, podignuta 1843 godine, Hrvati oštetili","object":"crkva","time0":"1.1.1992","date0":"ne"},"geometry":{"type":"Point","coordinates":[15.68173348903656,45.438705905866215]}},{"type":"Feature","properties":{"time0":"1.1.1992","koor":"ne","date0":"ne","desc":"Trebinja, parohijski dom opljačkan","object":"dom","subtype":"robbed","type":"damaged"},"geometry":{"type":"Point","coordinates":[15.68196952342987,45.43966573333922]}},{"type":"Feature","properties":{"type":"damaged","subtype":"robbed","desc":"Cvijanović Brdo, crkva Svetog Georgija, podignuta 1853 godine, oštećena i pokradena od strane Hrvata","object":"crkva","time0":"1.1.1992","koor":"","date0":"ne"},"geometry":{"type":"Point","coordinates":[15.607661604881287,45.18182887362511]}},{"type":"Feature","properties":{"type":"damaged","subtype":"robbed","desc":"Škare, crkva Svetog Nikole, podignut 1848 godine, Hrvati opljaškali i dragocenosti odneli u Zagreb","object":"crkva","date0":"ne","time0":"1.1.1942"},"geometry":{"type":"Point","coordinates":[15.306004285812378,44.892317997272315]}},{"type":"Feature","properties":{"desc":"Škare, crkva Svetog Nikole, potpuno uništena od strane Hrvata","object":"crkva","date0":"ne","time0":"1.1.1942","subtype":"burned","type":"destroyed"},"geometry":{"type":"Point","coordinates":[15.306079387664795,44.89230279591569]}},{"type":"Feature","properties":{"desc":"Škare, crkva Svetog Nikole, minirana od strane komunista posle rata","object":"crkva","time0":"1.1.1946","date0":"ne","type":"destroyed","subtype":"min ed"},"geometry":{"type":"Point","coordinates":[15.306133031845091,44.892279993873224]}},{"type":"Feature","properties":{"desc":"Škare, crkva Svetog Nikole, oštećena fasada crkve tokom 91-93 godine","object":"crkva","time0":"1.1.1992","koor":"","date0":"ne","type":"damaged","subtype":"ruined"},"geometry":{"type":"Point","coordinates":[15.306100845336914,44.892241990449016]}},{"type":"Feature","properties":{"desc":"Švica, crkva Vaskrsenja Hristovog, delimično pokradena u vremenu 91-95","date0":"ne","time0":"1.1.1992","object":"crkva","subtype":"robbed","type":"damaged"},"geometry":{"type":"Point","coordinates":[15.160572230815886,44.870636780342785]}},{"type":"Feature","properties":{"date0":"ne","koor":"ne","time0":"1.1.1992","object":"dom","desc":"Švica, parohijski dom je spaljen 1991  godine","subtype":"burned","type":"damaged"},"geometry":{"type":"Point","coordinates":[15.159896314144135,44.87088959756352]}},{"type":"Feature","properties":{"type":"damaged","subtype":"ruined","desc":"Šibenik, Crkva Uspenja Presvete Bogorodice, sagrađena 1810, oštećen polijelej tokom službe","object":"crkva","time0":"1.1.1992","koor":"","date0":"ne"},"geometry":{"type":"Point","coordinates":[15.892014652490614,43.73508084857086]}},{"type":"Feature","properties":{"koor":"ne","date0":"ne","type":"damaged","subtype":"ruined","object":"dom","time0":"1.1.1992","desc":"Šibenik, eparhijska rezidencija, opjačna i oštećena mitraljeskom vatorm"},"geometry":{"type":"Point","coordinates":[15.896320939064024,43.735464574119185]}},{"type":"Feature","properties":{"koor":"ne","date0":"ne","type":"damaged","subtype":"robbed","time0":"1.1.1992","object":"dom","desc":"Šibenik, parohijski dom, opljačkan"},"geometry":{"type":"Point","coordinates":[15.8964604139328,43.735367673960255]}},{"type":"Feature","properties":{"type":"damaged","subtype":"ruined","desc":"Baljci, crkva Svetog Jovana Krstitelja, podignuta 1730 godine, oštećena","object":"crkva","time0":"1.1.1992","koor":"","date0":"ne"},"geometry":{"type":"Point","coordinates":[16.308597922325134,43.8243372940207]}},{"type":"Feature","properties":{"type":"damaged","subtype":"ruined","desc":"Benkovac, crkva Rođenja svetog Jovana Krstitelja, podignuta 1730 godine, na mjestu starije iz 1590 godine, oštećena 1995 godine u avgustu","object":"crkva","time0":"1.8.1995"},"geometry":{"type":"Point","coordinates":[15.622427165508268,44.0314200878914]}},{"type":"Feature","properties":{"object":"dom","time0":"1.8.1995","koor":"ne","date0":"ne","desc":"Benkovac, parohijski dom iz 16og vijeka, oštetili Hrvati u avgustu 1995 godine","subtype":"ruined","type":"damaged"},"geometry":{"type":"Point","coordinates":[15.622373521327974,44.03121374898391]}},{"type":"Feature","properties":{"type":"damaged","subtype":"mined","desc":"Gornje Biljane, crkva Svetog velikomučenika Georgija, gradnja počela krajem 14 og vijeka a završena 1537 godine, oštećena granatama","object":"crkva","time0":"1.1.1992","koor":"","date0":"ne"},"geometry":{"type":"Point","coordinates":[15.534710884094238,44.098315045503846]}},{"type":"Feature","properties":{"koor":"ne","date0":"ne","object":"crkva","time0":"1.1.1995","subtype":"ruined","desc":"Gornji Bilišani, crkva Rođenja svetog Jovana Preteče, sagrađena 1860 godine, oštećena","type":"damaged"},"geometry":{"type":"Point","coordinates":[15.764329433441162,44.17152380286209]}},{"type":"Feature","properties":{"desc":"Biovičino Selo, crkva Svetih apostola Petra i Pavla, podignuta 1524 godine, obnovljena 1710.","object":"crkva","time0":"1.8.1995","date0":"ne","subtype":"ruined","type":"damaged"},"geometry":{"type":"Point","coordinates":[15.892705321311949,44.03845639317074]}},{"type":"Feature","properties":{"type":"damaged","subtype":"ruined","desc":"Biovičino Selo, parohijski dom","object":"crkva","time0":"1.8.1995","koor":"ne","date0":"ne"},"geometry":{"type":"Point","coordinates":[15.892986953258513,44.03819994618032]}},{"type":"Feature","properties":{"type":"damaged","subtype":"mined","desc":"Bratiškovci, crkva Svetog Nikole, podignuta 1592, granatirali Hrvati tokom 91-93","object":"crkva","time0":"1.1.1992","koor":"","date0":"ne"},"geometry":{"type":"Point","coordinates":[15.8989816904068,43.88860293224059]}},{"type":"Feature","properties":{"type":"damaged","subtype":"robbed","desc":"Bribir, crkva Svetih Joakima i Ane, iz 1574 godine, opljačkana i oštećena","object":"crkva","time0":"1.1.1992","koor":"","date0":"ne"},"geometry":{"type":"Point","coordinates":[15.842979848384857,43.92564582314605]}},{"type":"Feature","properties":{"desc":"Broćanac, crkva Svetih apostola Petra i Pavla, iz 18 vojeka, Hrvati srušili u vremenu izmešu 91 i 93 godine","object":"crkva","time0":"1.1.1992","date0":"ne","subtype":"mined","type":"destroyed"},"geometry":{"type":"Point","coordinates":[16.430600881576538,43.600761844935896]}},{"type":"Feature","properties":{"type":"damaged","subtype":"ruined","desc":"Golubić, crkva Svetog arhiđakona Stefana, iz 1462 godine, teško oštećena","object":"crkva","time0":"1.8.1995","date0":"ne"},"geometry":{"type":"Point","coordinates":[16.214377284049988,44.10778743522589]}},{"type":"Feature","properties":{"type":"damaged","subtype":"mined","desc":"Glavina Donja, crkva Uspenja Presvete Bogorodice, podignuta 1722, obnavljana 1884 godiine, minirana posle ponoći i time teško oštećena","object":"crkva","time0":"19.10.1991"},"geometry":{"type":"Point","coordinates":[17.195963859558105,43.443349978308426]}},{"type":"Feature","properties":{"type":"destroyed","subtype":"mined","desc":"Glavina Donja, crkva Uspenja Presvete Bogorodice, podignuta 1722, obnavljaan 1884 godine, srušena","object":"crkva","time0":"1.1.1992","koor":"","date0":"ne"},"geometry":{"type":"Point","coordinates":[17.19600409269333,43.4433402411565]}},{"type":"Feature","properties":{"subtype":"ruined","desc":"Kosovo, crkva Svetog mučenika Lazara , podignut 1889, opljačkan i oštećen","object":"crkva","time0":"1.8.1995","koor":"","date0":"ne","type":"damaged"},"geometry":{"type":"Point","coordinates":[16.213384866714478,43.95066363197643]}},{"type":"Feature","properties":{"type":"damaged","subtype":"ruined","desc":"Drniš, crkva Uspenja Presvete Bogorodice,  iz 1618 godine, oštećen zvonik i krov, unutrašnjost izlomljena","object":"crkva","time0":"1.1.1992","date0":"ne"},"geometry":{"type":"Point","coordinates":[16.154867112636566,43.86069878595537]}},{"type":"Feature","properties":{"type":"damaged","subtype":"ruined","time0":"1.8.1995","koor":"ne","date0":"ne","object":"crkva","desc":"Drniš, crkva Svetog arhanđela Mihaila, iz 1852, oštećena"},"geometry":{"type":"Point","coordinates":[16.159273982048035,43.85690426714671]}},{"type":"Feature","properties":{"time0":"1.8.1995","koor":"","date0":"ne","object":"dom","type":"damaged","subtype":"robbed","desc":"Drniš, parohijski dom, oštećen"},"geometry":{"type":"Point","coordinates":[16.15785241127014,43.857987334857754]}},{"type":"Feature","properties":{"type":"damaged","desc":"Žagrović, crkva Svetog Nikole, iz 1537 godine, izlomljen","subtype":"ruined","object":"crkva","time0":"1.8.1995","koor":"","date0":"ne"},"geometry":{"type":"Point","coordinates":[16.18063509464264,44.07159619633119]}},{"type":"Feature","properties":{"subtype":"robbed","type":"damaged","desc":"Žagrović, parohijski dom","object":"dom","time0":"1.8.1995","koor":"ne","date0":"ne"},"geometry":{"type":"Point","coordinates":[16.181294918060303,44.068223692864805]}},{"type":"Feature","properties":{"type":"damaged","subtype":"ruined","desc":"Žegar, crkva Svetog velikomučenika Georgij, podignut 1610, obnovljen 1897, izlomljen","object":"crkva","time0":"1.8.1995","koor":"","date0":"ne"},"geometry":{"type":"Point","coordinates":[15.857992172241211,44.15923692427925]}},{"type":"Feature","properties":{"date0":"ne","koor":"ne","time0":"1.8.1995","object":"dom","subtype":"burned","type":"damaged","desc":"Žegar, parohijski dom"},"geometry":{"type":"Point","coordinates":[15.857391357421875,44.1565852702753]}},{"type":"Feature","properties":{"date0":"ne","type":"damaged","subtype":"robbed","desc":"Zadar, crkva Svetog proroka Ilije, iz 1563, obnovljena 1773 godine pa 1969/70 godine","object":"crkva","time0":"1.1.1992"},"geometry":{"type":"Point","coordinates":[15.22356927394867,44.11624543160594]}},{"type":"Feature","properties":{"object":"kapela","time0":"1.1.1992","koor":"ne","date0":"ne","subtype":"ruined","type":"damaged","desc":"Zadar, kapela Svetog arhangela Mihaila, iz 1886 godine"},"geometry":{"type":"Point","coordinates":[15.258121490478514,44.10366969384811]}},{"type":"Feature","properties":{"koor":"ne","date0":"ne","time0":"1.1.1992","object":"crkva","desc":"Zemunik donji, crkva Svetog Save, podignuta uoči drugog svjetskog rata","subtype":"mined","type":"estroyed"},"geometry":{"type":"Point","coordinates":[15.3827503323555,44.11173734693305]}},{"type":"Feature","properties":{"subtype":"mined","desc":"Islam grčki, crkva Svetog velikomučenika Georgija, iz 1675, obnovljena 1712, zadužbina hajduka Janković Stojana, grobno mesto porodica Janković i Desnica, Hravti granatirali u januaru 1993","object":"crkva","time0":"1.1.1993","koor":"","date0":"ne","type":"damaged"},"geometry":{"type":"Point","coordinates":[15.457039475440979,44.17060035568469]}},{"type":"Feature","properties":{"desc":"Ivoševac, crkva Svetog Jovana Krstitelja, iz 19 og vijeka, izlomljena","subtype":"ruined","type":"damaged","time0":"1.8.1995","object":"crkva","koor":"","date0":"ne"},"geometry":{"type":"Point","coordinates":[15.974287390708923,44.01495507072061]}},{"type":"Feature","properties":{"subtype":"mined","desc":"Jagodnja, crkva Svetog Simeona, iz 18.og vijeka, oštećena granatama od strane Hrvata","object":"crkva","time0":"1.1.1992","koor":"","date0":"ne","type":"damaged"},"geometry":{"type":"Point","coordinates":[15.52139237523079,44.01332895765152]}},{"type":"Feature","properties":{"desc":"Karin, crkva Svete Nedelje, iz 1985 godine, iništili Hrvati eksplozivom","object":"crkva","time0":"23.8.1996","koor":"","date0":"ne","subtype":"mined","type":"destroyed"},"geometry":{"type":"Point","coordinates":[15.635226666927338,44.131569577077705]}},{"type":"Feature","properties":{"desc":"Karin, crkva svetih Kiriaka i Julite, oštećena i oskrnavljena ","object":"crkva","time0":"1.1.1996","koor":"","date0":"ne","type":"damaged","subtype":"ruined"},"geometry":{"type":"Point","coordinates":[15.625664591789246,44.10744847389818]}},{"type":"Feature","properties":{"desc":"Kanjani, crkva Svete Petke, podignuta 1782 godine, onovljena 1888, opljačkana i oštećena","object":"crkva","time0":"1.1.1996","koor":"","date0":"ne","subtype":"ruined","type":"damaged"},"geometry":{"type":"Point","coordinates":[16.238683462142944,43.86256694656009]}},{"type":"Feature","properties":{"desc":"Kašić, crkva Svetog Ilije, iz 1872 godine, teško oštećena od strane Hrvata","subtype":"mined","type":"damaged","object":"crkva","time0":"1.1.1996","koor":"","date0":"ne"},"geometry":{"type":"Point","coordinates":[15.471641421318056,44.1515356373603]}},{"type":"Feature","properties":{"desc":"Knin, crkva Pokrova Presvete Bogorodice, iz 1872 godine, srušili Amerikanci bombardovanjem","time0":"1.1.1944","object":"crkva","type":"destroyed","subtype":"mined","date0":"ne"},"geometry":{"type":"Point","coordinates":[16.195770800113678,44.03312476689547]}},{"type":"Feature","properties":{"type":"damaged","subtype":"mined","time0":"1.9.1995","desc":"Knin, crkva Pokrova Presvete Bogorodice, obnovljena 1971 godine, oštećena od strane Hrvata","object":"crkva","date0":"ne"},"geometry":{"type":"Point","coordinates":[16.195824444293976,44.03309584175571]}},{"type":"Feature","properties":{"type":"damaged","subtype":"ruined","desc":"Knin, crkva Pokrova Presvete Bogorodice, oštećena kamenovanjem","object":"crkva","time0":"24.8.2006"},"geometry":{"type":"Point","coordinates":[16.19576007127762,44.033080415008726]}},{"type":"Feature","properties":{"desc":"Kistanje, crkva Svetog Nikole, iz 1536 godine, oštetili Nemci miniranjem","date0":"ne","type":"damaged","subtype":"mined","object":"crkva","time0":"1.1.1944"},"geometry":{"type":"Point","coordinates":[15.931860208511353,43.99585652102629]}},{"type":"Feature","properties":{"desc":"Kistanje, crkva Svetih Kirila i Metodija, iz 1891, granatama oštetili Hrvati ","time0":"1.8.1995","object":"crkva","koor":"","date0":"ne","subtype":"mined","type":"destroyed"},"geometry":{"type":"Point","coordinates":[15.961801707744597,43.979801421564545]}},{"type":"Feature","properties":{"type":"damaged","time0":"1.8.1995","object":"crkva","desc":"Kistanje, crkva Svetog Nikole, iz 1536 godine, oštetili Hrvati","subtype":"ruined","date0":"ne"},"geometry":{"type":"Point","coordinates":[15.931916534900665,43.99584590847595]}},{"type":"Feature","properties":{"desc":"Konjevrati, crkva Svetog Dimitrija, iz 1864 godine, opljačkana i oštećena","object":"crkva","time0":"1.8.1991","subtype":"ruined","type":"damaged","date0":"ne"},"geometry":{"type":"Point","coordinates":[15.991474986076355,43.781819120949464]}},{"type":"Feature","properties":{"desc":"Kožlovac, crkva Svete Nedelje, oštećena","type":"damaged","time0":"1.8.1995","object":"crkva","koor":"","date0":"ne","subtype":"ruined"},"geometry":{"type":"Point","coordinates":[15.686784088611603,43.99474605205855]}},{"type":"Feature","properties":{"type":"damaged","subtype":"ruined","desc":"Krička, crkva Velikomučenika Georgija, iz 1744 godine, oštećena","time0":"1.1.1992","object":"crkva","date0":"ne"},"geometry":{"type":"Point","coordinates":[16.21015816926956,43.836064922623756]}},{"type":"Feature","properties":{"date0":"ne","desc":"Krička, parohijski dom, opustošen 27 i 28..3.1992","subtype":"robbed","type":"damaged","object":"dom","time0":"27.3.1992"},"geometry":{"type":"Point","coordinates":[16.209517121315002,43.83464673926474]}},{"type":"Feature","properties":{"type":"damaged","subtype":"mined","desc":"Lišane Tinjske, crkva Svete Trojice, iz 1854 godine, Hrvati granatirali 1993 godine","object":"crkva","time0":"1.1.1993","koor":"","date0":"ne"},"geometry":{"type":"Point","coordinates":[15.481456965208054,44.025065677026824]}},{"type":"Feature","properties":{"desc":"Koljane, crkva Rođenja Presvete Bogorodice u manastiru Dragoviću, oštećena više put aizmešu 91 i 93 ","object":"crkva","time0":"1.1.1992","date0":"ne","subtype":"ruined","type":"damaged"},"geometry":{"type":"Point","coordinates":[16.511699482798576,43.86381863943093]}},{"type":"Feature","properties":{"subtype":"ruined","type":"damaged","object":"crkva","time0":"1.8.1995","date0":"ne","desc":"Manastir Krka, crkva Svetog arhangela Mihaila"},"geometry":{"type":"Point","coordinates":[15.990040004253387,43.962098052205334]}},{"type":"Feature","properties":{"subtype":"ruined","type":"damaged","object":"dom","time0":"1.8.1995","date0":"ne","koor":"ne","desc":"Manastir Krka, trpezarija"},"geometry":{"type":"Point","coordinates":[15.990281403064728,43.9621173587204]}},{"type":"Feature","properties":{"subtype":"ruined","type":"damaged","object":"dom","time0":"1.8.1995","date0":"ne","koor":"ne","desc":"Manastir Krka, konak"},"geometry":{"type":"Point","coordinates":[15.989881753921507,43.962215821849625]}},{"type":"Feature","properties":{"subtype":"ruined","type":"damaged","object":"dom","time0":"1.8.1995","date0":"ne","koor":"ne","desc":"Manastir Krka, zgrada Bogoslovije"},"geometry":{"type":"Point","coordinates":[15.989667177200317,43.96237992670237]}},{"type":"Feature","properties":{"desc":"Manastir Krupa, crkva Uspenja Presvete Bogorodice, iz 1317 godine","object":"crkva","time0":"1.9.1995","date0":"ne","subtype":"ruined","type":"damaged"},"geometry":{"type":"Point","coordinates":[15.887308716773987,44.19201868357111]}},{"type":"Feature","properties":{"desc":"Manastir Krupa, biblioteka","object":"dom","time0":"1.9.1995","koor":"ne","date0":"ne","subtype":"ruined","type":"damaged"},"geometry":{"type":"Point","coordinates":[15.88744819164276,44.19202060673564]}},{"type":"Feature","properties":{"desc":"Manastir Krupa, konak","object":"dom","time0":"1.9.1995","koor":"ne","date0":"ne","subtype":"ruined","type":"damaged"},"geometry":{"type":"Point","coordinates":[15.887276530265806,44.191893677742165]}},{"type":"Feature","properties":{"desc":"Manastir Krupa, riznica","object":"dom","time0":"1.9.1995","koor":"ne","date0":"ne","subtype":"ruined","type":"damaged"},"geometry":{"type":"Point","coordinates":[15.887488424777983,44.19187059971398]}},{"type":"Feature","properties":{"koor":"ne","date0":"ne","desc":"Medviđa, crkva Rođenja Presvete Bogorodice, iz 19og vijeka","subtype":"burned","type":"destroyed","object":"crkva","time0":"1.9.1995"},"geometry":{"type":"Point","coordinates":[15.790722370147705,44.09616919779773]}},{"type":"Feature","properties":{"subtype":"mined","type":"damaged","desc":"Miranje, crkva Svetog arhangela Mihaila, iz 1497 godine,, provaljena i opljačkana, tokom 93/94 Hrvati ju granatirali","object":"crkva","time0":"1.1.1993","koor":"","date0":"ne"},"geometry":{"type":"Point","coordinates":[15.584055483341215,43.99889645616851]}},{"type":"Feature","properties":{"desc":"Nos Kalik, crkva Svetog Nikole, podignuta 1896 godine, pretrpela velika oštećenja","time0":"1.9.1995","date0":"ne","object":"crkva","subtype":"ruined","type":"damaged"},"geometry":{"type":"Point","coordinates":[15.993534922599792,43.81718078007082]}},{"type":"Feature","properties":{"type":"damaged","subtype":"ruined","desc":"Oćestovo, crkva Svete Nedelje, građena od 1929 do 1960 godine","object":"crkva","time0":"1.9.1995","date0":"ne"},"geometry":{"type":"Point","coordinates":[16.127039194107056,44.05953523883726]}},{"type":"Feature","properties":{"desc":"Obrovac, crkva Svete Trojice sagrađena 1906 na mjestu starije iz 1756 godine, grnatirana od strane Hrvata","object":"crkva","subtype":"mined","type":"damaged","date0":"ne","time0":"1.1.1993"},"geometry":{"type":"Point","coordinates":[15.680326670408249,44.199573351276655]}},{"type":"Feature","properties":{"desc":"Obrovac, crkva Svete Trojice sagrađena 1906 na mjestu starije iz 1756 godine, izlomljena od strane Hrvata","object":"crkva","subtype":"ruined","type":"damaged","date0":"ne","time0":"1.9.1995"},"geometry":{"type":"Point","coordinates":[15.680384337902067,44.199573351276655]}},{"type":"Feature","properties":{"desc":"Rudele, kapela izlomljena","subtype":"ruined","type":"damaged","object":"kapela","time0":"1.9.1995","date0":"ne"},"geometry":{"type":"Point","coordinates":[15.99360466003418,44.005132128910326]}},{"type":"Feature","properties":{"type":"damaged","subtype":"mined","desc":"Smilčić, crkva Svetog arhangela Mihaila, gotovo uništena granatama tokom 1993,1994 godine","object":"crkva","time0":"1.1.1993","koor":"","date0":"ne"},"geometry":{"type":"Point","coordinates":[15.50686687231064,44.125272121307304]}},{"type":"Feature","properties":{"object":"dom","time0":"1.8.1992","koor":"ne","date0":"ne","desc":"Smilčić, parohijski dom, ozbiljn oštećen granatama od strane Hrvata","subtype":"mined","type":"damaged"},"geometry":{"type":"Point","coordinates":[15.506716668605804,44.12544925244378]}},{"type":"Feature","properties":{"type":"destroyed","subtype":"mined","desc":"Smoković, crkva Svetog velikomučenika Georgija, izgrađena 1567 godine, Hrvati granatam srušili do temelja u januaru 1993 godine","object":"crkva","time0":"1.1.1993","date0":"ne"},"geometry":{"type":"Point","coordinates":[15.35189151763916,44.132185617404865]}},{"type":"Feature","properties":{"desc":"Smoković, parohijski dom, oštetili Hrvati granatama tokom 92 i 93 godine","object":"dom","time0":"1.1.1993","date0":"ne","koor":"ne","type":"damaged","subtype":"mined"},"geometry":{"type":"Point","coordinates":[15.352334082126617,44.13196230352875]}},{"type":"Feature","properties":{"type":"damaged","subtype":"mined","desc":"Skradin, iz 1876 godine, granatirana tokom 1992 godine","date0":"ne","time0":"1.1.1992","object":"crkva"},"geometry":{"type":"Point","coordinates":[15.922341048717497,43.82004213390607]}},{"type":"Feature","properties":{"subtype":"mined","type":"destroyed","date0":"ne","time0":"1.4.1993","object":"crkva","desc":"Skradin, crkva Svetog Spiridona, iz 1876 godine, potpuno srušena"},"geometry":{"type":"Point","coordinates":[15.92237055301666,43.820021813648715]}},{"type":"Feature","properties":{"date0":"ne","time0":"1.1.1993","desc":"Skradin, crkva Svete Petke, iz 1895 godine, opljačkana i oštećena","object":"crkva","subtype":"ruined","type":"damaged"},"geometry":{"type":"Point","coordinates":[15.919800996780396,43.821225535059476]}},{"type":"Feature","properties":{"object":"dom","desc":"Skradin, parohijski dom, opljačkan i oštećen u periodu 1991-1993","time0":"1.1.1993","koor":"ne","date0":"ne","subtype":"ruined","type":"damaged"},"geometry":{"type":"Point","coordinates":[15.920997262001036,43.820420476482205]}},{"type":"Feature","properties":{"object":"kapela","time0":"1.1.1992","koor":"","date0":"ne","type":"damaged","subtype":"ruined","desc":"Split, kapela Svetog Save, ispisana i porazbijana"},"geometry":{"type":"Point","coordinates":[16.437665820121765,43.50934156666279]}},{"type":"Feature","properties":{"type":"destroyed","subtype":"mined","desc":"Zelovo, crkva Svetog proroka Ilije, poodignut 1884 godine, potpuno srušena od strane Hrvata tokom 91-93","object":"crkva","time0":"1.1.1992","koor":"","date0":"ne"},"geometry":{"type":"Point","coordinates":[16.535040736198425,43.72529307796396]}},{"type":"Feature","properties":{"object":"crkva","date0":"ne","time0":"1.1.1992","type":"damaged","subtype":"ruined","desc":"Tribanj, crkva Svetog arhangela Mihaila, iz 1865 godine, tokom 91-93 provaljena i oštećena "},"geometry":{"type":"Point","coordinates":[15.339832305908201,44.338765293420664]}},{"type":"Feature","properties":{"object":"dom","koor":"ne","date0":"ne","time0":"1.1.1992","type":"damaged","subtype":"robbed","desc":"Tribanj, parohijski dom, poskidana vrata i prozori"},"geometry":{"type":"Point","coordinates":[15.339790731668472,44.33898590551249]}},{"type":"Feature","properties":{"object":"kapela","date0":"ne","time0":"1.1.1992","type":"damaged","subtype":"ruined","desc":"Tribanj, kapela Svete Trojice, iz 1830 godine, obnovljena 1925 godine, tokom 91-93 opljačkana i oštećena"},"geometry":{"type":"Point","coordinates":[15.377985388040544,44.328652695218416]}},{"type":"Feature","properties":{"type":"destroyed","subtype":"mined","time0":"1.1.1993","date0":"ne","koor":"","desc":"Crno, crkva Svetih apostola Petra i Pavla, sagrađena početkom 20og vijeka, na mjestu ranije iz 117og vijeka","object":"crkva"},"geometry":{"type":"Point","coordinates":[15.290147066116333,44.1128244411051]}},{"type":"Feature","properties":{"type":"damaged","time0":"1.1.1992","date0":"ne","object":"crkva","subtype":"mined","desc":"Krivodol, crkva Svetog Vasilija Ostroškog, iz 1983, u manastiru Crnogorci, pucano iz vatrenog oružja i bacana bomba"},"geometry":{"type":"Point","coordinates":[17.121505737304688,43.442251617689486]}},{"type":"Feature","properties":{"time0":"1.12.1992","subtype":"burned","type":"damaged","desc":"Krivodol, crkva Svetog Vasilija Ostroškog, u manastiru Crnogorci, zapaljena","object":"crkva","date0":"ne"},"geometry":{"type":"Point","coordinates":[17.121516466140744,43.44223993289487]}},{"type":"Feature","properties":{"desc":"Ceranja, crkva Svetog proroka Ilije, iz 1712, ozbiljno oštećen granatiranjem tokom 91-93","subtype":"mined","type":"damaged","object":"crkva","time0":"1.1.1992","koor":"","date0":"ne"},"geometry":{"type":"Point","coordinates":[15.603611469268799,43.969032548788505]}},{"type":"Feature","properties":{"type":"damaged","desc":"Uble, crkva Rođenja Presvete Bogorodice, iz 1770, teško oštećena od strane HrvataPresvete Bogorodice, sa","subtype":"ruined","object":"crkva","time0":"1.1.1993","date0":"ne"},"geometry":{"type":"Point","coordinates":[16.318393349647522,43.623254002771176]}},{"type":"Feature","properties":{"type":"damaged","subtype":"ruined","desc":"Čista Mala, crkva Svetog NIkole, iz 1895 godine, zvonik srušen, oličje oštećeno mecima","object":"crkva","time0":"1.1.1993","date0":"ne"},"geometry":{"type":"Point","coordinates":[15.777265727519989,43.88034828549073]}},{"type":"Feature","properties":{"type":"destroyed","subtype":"mined","desc":"Šušci, crkva Uspenja Presvete Bogorodice, sagrađena 1784 godine","object":"crkva","time0":"1.1.1992","koor":"","date0":"ne"},"geometry":{"type":"Point","coordinates":[16.566608995199203,43.6357597076547]}},{"type":"Feature","properties":{"type":"damaged","subtype":"mined","time0":"7.6.1992","desc":"Mostar, crkva Svete Trojice, Hrvati granatiralii","object":"crkva"},"geometry":{"type":"Point","coordinates":[17.818633317947388,43.33907080060756]}},{"type":"Feature","properties":{"type":"damaged","subtype":"mined","time0":"8.6.1992","desc":"Mostar, crkva Svete Trojice, Hrvati granatirali","object":"crkva"},"geometry":{"type":"Point","coordinates":[17.818636670708656,43.33907128830351]}},{"type":"Feature","properties":{"type":"destroyed","subtype":"mined","time0":"15.6.1992","desc":"Mostar, crkva Svete Trojice, Hrvati minirali temelje crkve i potpuno je uništili","object":"crkva"},"geometry":{"type":"Point","coordinates":[17.818638682365417,43.33907055675957]}},{"type":"Feature","properties":{"type":"destroyed","subtype":"mined","time0":"1.1.1993","desc":"Mostar, crkva Rođenja Presvete Bogorodice, познату као Стара црква, Hrvati do temelja porušili","object":"crkva","date0":"ne"},"geometry":{"type":"Point","coordinates":[17.819800078868866,43.338961556615864]}},{"type":"Feature","properties":{"type":"destroyed","object":"crkva","subtype":"burned","time0":"1.1.1993","desc":"Blagaj, minirana pa zapaljena crkva Svetog Vasilija Ostroškog iz 1892, ","date0":"ne"},"geometry":{"type":"Point","coordinates":[17.88970649242401,43.258229247668446]}},{"type":"Feature","properties":{"object":"dom","desc":"Blagaj, potpuno uništen paljevinom,","time0":"1.1.1993","subtype":"burned","type":"destroyed","date0":"ne"},"geometry":{"type":"Point","coordinates":[17.88960188627243,43.258008515418496]}},{"type":"Feature","properties":{"type":"damaged","object":"crkva","time0":"1.1.1993","desc":"Bijela, ","subtype":"mined","koor":"ne","date0":"ne"},"geometry":{"type":"Point","coordinates":[17.787981033325195,43.50225440587175]}},{"type":"Feature","properties":{"type":"destroyed","time0":"1.1.1992","desc":"Bradina, crkva Vaznesenja Gospodnjeg, uništena od strane Hrvata, Porušene srbske kuće u naselju","object":"crkva","subtype":"mined","date0":"ne"},"geometry":{"type":"Point","coordinates":[18.018782436847687,43.74579129412078]}},{"type":"Feature","properties":{"type":"destroyed","subtype":"mined","time0":"1.1.1992","desc":"Bradina, kapela Svete Ane","object":"kapela","date0":"ne"},"geometry":{"type":"Point","coordinates":[18.018589317798615,43.74635709031897]}},{"type":"Feature","properties":{"object":"kapela","desc":"Blace, ","time0":"1.1.1993","subtype":"mined","type":"destroyed","koor":"ne","date0":"ne"},"geometry":{"type":"Point","coordinates":[18.105318546295166,43.62192591358096]}},{"type":"Feature","properties":{"type":"destroyed","time0":"1.1.1992","desc":"Bijelo polje, crkva Vaznesenja Gospodnjeg, muslimani uništili","subtype":"burned","object":"crkva","koor":"ne","date0":"ne"},"geometry":{"type":"Point","coordinates":[17.818408012390137,43.361709326296044]}},{"type":"Feature","properties":{"desc":"Bogodol, crkva Svetih apostola Petra i Pavla","object":"crkva","time0":"1.1.1992","subtype":"mined","type":"destroyed","koor":"ne","date0":"ne"},"geometry":{"type":"Point","coordinates":[17.651231288909912,43.44899336786347]}},{"type":"Feature","properties":{"object":"crkva","desc":"Brđani, ","time0":"1.1.1992","subtype":"mined","type":"destroyed","koor":"ne","date0":"ne"},"geometry":{"type":"Point","coordinates":[18.00632357597351,43.708074350163976]}},{"type":"Feature","properties":{"type":"damaged","subtype":"mined","desc":"Veličani, Hrvati granatiraju crkvu Svetih Arhangela i razrušeno je i groblje u blizini kao i kapela Svetih srbskih Novomučenika, ","object":"crkva","time0":"1.1.1992","date0":"ne"},"geometry":{"type":"Point","coordinates":[18.020812869071957,42.8650422683236]}},{"type":"Feature","properties":{"type":"damaged","subtype":"burned","time0":"1.1.1992","object":"crkva","desc":"Glavska, Hrvati zapalili i opljačkali, crkva Svetog arhiđakona Stefana","date0":"ne"},"geometry":{"type":"Point","coordinates":[18.264859020709988,42.618906621189524]}},{"type":"Feature","properties":{"type":"destroyed","desc":"selo Hrasno zbrisano sa zemlje, opljačkan i uništen od strane hrvata hram posvećen Svetom Jovanu Krstitelju","object":"crkva","time0":"1.1.1992","subtype":"mined","date0":"ne"},"geometry":{"type":"Point","coordinates":[17.9011407494545,42.95061165548713]}},{"type":"Feature","properties":{"type":"damaged","subtype":"ruined","time0":"1.1.1992","desc":"Gornji Poplat, opljačkana i demolirana crkva Svetog arhangela Mihaila","object":"crkva","koor":"ne","date0":"ne"},"geometry":{"type":"Point","coordinates":[18.035495281219482,43.02021158082207]}},{"type":"Feature","properties":{"object":"kapela","desc":"Donje Selo, porušena kapela","time0":"1.1.1992","subtype":"mined","type":"destroyed","date0":"ne"},"geometry":{"type":"Point","coordinates":[17.946974337100983,43.662747355414446]}},{"type":"Feature","properties":{"type":"damaged","time0":"1.1.1992","subtype":"ruined","desc":"Dobrič kod Lištice, Hrvati oštetili crkvu Svete velikomiučenice Nedelje","object":"crkva","koor":"ne","date0":"ne"},"geometry":{"type":"Point","coordinates":[17.672710418701172,43.365026281405505]}},{"type":"Feature","properties":{"desc":"Dubrovnik, crkva Blagoveštenja Presvete Bogorodice, oštećen krov pogođen granatama","subtype":"ruined","type":"damaged","time0":"3.4.1992","object":"crkva"},"geometry":{"type":"Point","coordinates":[18.108774572610855,42.64087077313539]}},{"type":"Feature","properties":{"type":"damaged","object":"crkva","desc":"Dubrovnik, crkva Blagoveštenja Presvete Bogorodice, kamenovan ulaz","time0":"7.12.1992","subtype":"ruined"},"geometry":{"type":"Point","coordinates":[18.108798712491986,42.6408658404585]}},{"type":"Feature","properties":{"type":"damaged","subtype":"ruined","desc":"Dubrovnik, crkva Blagoveštenja Presvete Bogorodice, kamenovan ulaz","object":"crkva","time0":"24.12.1992"},"geometry":{"type":"Point","coordinates":[18.10877524316311,42.64084857608633]}},{"type":"Feature","properties":{"time0":"5.9.1996","desc":"Dubrovnik, crkva Blagoveštenja Presvete Bogorodice, bačena bomba pred ulaz ","object":"crkva","subtype":"ruined","type":"damaged"},"geometry":{"type":"Point","coordinates":[18.108771219849586,42.640823912689214]}},{"type":"Feature","properties":{"type":"damaged","subtype":"mined","time0":"27.4.1992","desc":"Dubrovnik, Hrvati su minirali glavna vrata na porti crkve Svetog arhangela Mihaila, na groblju Bonino, sagra]ene 1837","object":"crkva","koor":"ne"},"geometry":{"type":"Point","coordinates":[18.097545504570007,42.64588414372492]}},{"type":"Feature","properties":{"type":"damaged","subtype":"ruined","time0":"1.1.1992","desc":"Dubrovnik, geleri oštetili krov i fasadu na crkvi-kapeli Svetog Georgija na Posatu","object":"crkva","koor":"ne","date0":"ne"},"geometry":{"type":"Point","coordinates":[18.107292652130127,42.64279054128382]}},{"type":"Feature","properties":{"type":"destroyed","object":"dom","desc":"Dubrovnik, Hrvati su tokom 91 i 92 spalili staru crkvenu kuću preko puta saborne crkve, nekada Vladičanski konak, od zgrade ostali samo zidovi","time0":"1.1.1992","subtype":"burned","koor":"ne","date0":"ne"},"geometry":{"type":"Point","coordinates":[18.108680695295334,42.640761267616575]}},{"type":"Feature","properties":{"type":"damaged","subtype":"ruined","desc":"Duvno, hram iz 1864 posvećen Svetom Nikoli demoliran od strane Hrvata,","object":"crkva","time0":"1.1.1992","date0":"ne"},"geometry":{"type":"Point","coordinates":[17.222182452678677,43.723998259019524]}},{"type":"Feature","properties":{"type":"destroyed","subtype":"mined","time0":"1.1.1992","desc":"Začula, hrvatska vojsak do temelja uništila crkvu Svetog proraok Jeremije (Svete Paraskeve)","object":"crkva","koor":"ne","date0":"ne"},"geometry":{"type":"Point","coordinates":[18.15986394882202,42.72276828884909]}},{"type":"Feature","properties":{"type":"destroyed","subtype":"mined","time0":"1.1.1992","desc":"Zaplanik, hrvatska vojska je u periodu 1991-1995 spalila pa potom minirala crkvu Vavedenja Presvete Bogorodice, a koristeći je kao toalet, teško oskrnavili","object":"crkva","date0":"ne"},"geometry":{"type":"Point","coordinates":[18.153056502342224,42.701262777161865]}},{"type":"Feature","properties":{"subtype":"burned","type":"destroyed","time0":"1.1.1992","desc":"Zukići, srbsko selo uništeno 1992, a kapela potpuno srušena","object":"kapela","date0":"ne"},"geometry":{"type":"Point","coordinates":[17.999446392059326,43.730654260933335]}},{"type":"Feature","properties":{"type":"damaged","subtype":"ruined","time0":"1.1.1992","desc":"Idbar, oštećena kapela 1992 godine","object":"kapela","koor":"ne","date0":"ne"},"geometry":{"type":"Point","coordinates":[17.880828380584717,43.641851934940156]}},{"type":"Feature","properties":{"type":"damaged","subtype":"burned","time0":"1.6.1992","desc":"Konjic, muslimani i Hrvati oštetili zvonik na crkvi Svetog Vasiliija Velikog, sagrađenoj 1886 oskrnavili je, pokrali ikone oštetili ikonostas, crkvene knjige spalili. ","object":"crkva","date0":"ne"},"geometry":{"type":"Point","coordinates":[17.95902818441391,43.653519295551774]}},{"type":"Feature","properties":{"object":"kapela","time0":"1.6.1992","desc":"Konjic, kapela na groblju","type":"damaged","subtype":"burned","koor":"","date0":"ne"},"geometry":{"type":"Point","coordinates":[17.96465277671814,43.64790181661098]}},{"type":"Feature","properties":{"type":"destroyed","desc":"Klepci, crkva Preobraženja Gospodnjeg podignuta 1857, srušena do temelja od strane hrvatske vojske 1992","object":"crkva","time0":"1.1.1992","subtype":"mined","date0":"ne"},"geometry":{"type":"Point","coordinates":[17.726475298404694,43.0898678543766]}},{"type":"Feature","properties":{"desc":"Klepci, Hrvatske vojne snage ruše spomenik posvećen žrtvama iz prvog i drugog svjetskog rata","object":"spomenik","time0":"1.1.1992","subtype":"mined","type":"destroyed","date0":"ne"},"geometry":{"type":"Point","coordinates":[17.718259692192078,43.09496044958658]}},{"type":"Feature","properties":{"object":"crkva","desc":"Kremena, crkva Svetog Spiridona,, nova je podignuta na starim temeljima 1851 u junu 92 oštećena pa potom i spaljena, iste godine oštećeno i srbsko groblje","time0":"1.6.1992","subtype":"burned","type":"damaged","date0":"ne"},"geometry":{"type":"Point","coordinates":[17.497669458389282,42.97152816780857]}},{"type":"Feature","properties":{"desc":"Lokve, novosagrađena kapela","object":"kapela","time0":"1.1.1992","subtype":"ruined","type":"destroyed","koor":"ne","date0":"ne"},"geometry":{"type":"Point","coordinates":[17.82080054283142,43.158384543983814]}},{"type":"Feature","properties":{"desc":"Ljubuški, crkva Svetog arhangela Mihaila, podignuta 1862, zapaljen, miniran i srušen do temelja","object":"crkva","time0":"1.1.1992","type":"destroyed","subtype":"mined","date0":"ne"},"geometry":{"type":"Point","coordinates":[17.561495304107666,43.198297456820164]}},{"type":"Feature","properties":{"type":"damaged","subtype":"burned","time0":"1.1.1992","object":"crkva","desc":"Žitomislić, crkva Blagovesti Presvete Bogorodice obnovljena 1563 godine na temeljima stare crkve. U junu 92 Hrvati su manastir zapalili","date0":"ne"},"geometry":{"type":"Point","coordinates":[17.793683409690857,43.204385959661685]}},{"type":"Feature","properties":{"type":"destroyed","subtype":"mined","time0":"1.1.1993","desc":"Žitomislić, manastir srušen do temelja","object":"manastir","date0":"ne"},"geometry":{"type":"Point","coordinates":[17.793598920106888,43.204393780083834]}},{"type":"Feature","properties":{"object":"manastir","desc":"Zavala, crkva Vavedenja Presvete Bogorodice iz 1514, živopisana 1619, hrvatska vojska oskrnavila i oštetila u periodu 91-95,","time0":"1.1.1991","subtype":"ruined","type":"damaged","date0":"ne"},"geometry":{"type":"Point","coordinates":[17.979815304279327,42.85002945657213]}},{"type":"Feature","properties":{"object":"konak","desc":"Zavala, konaci teško oštećeni od strane Hrvata","time0":"1.1.1991","subtype":"ruined","type":"damaged","date0":"ne"},"geometry":{"type":"Point","coordinates":[17.97967180609703,42.84995473238366]}},{"type":"Feature","properties":{"object":"kapela","type":"destroyed","subtype":"ruined","time0":"1.1.1991","desc":"Zavala, manastirska kapela uništena od strane Hrvata, netalan datum, netačne koordinate","koor":"ne","date0":"ne"},"geometry":{"type":"Point","coordinates":[17.979954108595848,42.84992572757561]}},{"type":"Feature","properties":{"desc":"Metković, crkva Svetog velikomučenika Georgija sagrađena 1849 ba temeqima stare crkve, hrvatska vojska u maju 92 zapalila pa minirala i tom prilikom groblje znatno oštetila","object":"crkva","date0":"ne","time0":"1.6.1992","subtype":"mined","type":"destroyed"},"geometry":{"type":"Point","coordinates":[17.6514995098114,43.05155405310484]}},{"type":"Feature","properties":{"date0":"ne","desc":"Orašje, crkva Svetog Jovana Krstitelja u periodu 92-93 granatirana","type":"damaged","subtype":"mined","time0":"1.1.1992","object":"crkva"},"geometry":{"type":"Point","coordinates":[18.26279103755951,42.667925552643595]}},{"type":"Feature","properties":{"desc":"Orah, hrvatska vojska je granatirala crkvu Rođenja Presvete Bogorodice","object":"crkva","date0":"ne","koor":"ne","time0":"1.1.1992","subtype":"mined","type":"damaged"},"geometry":{"type":"Point","coordinates":[18.181064128875732,42.701306142544915]}},{"type":"Feature","properties":{"desc":"Opuzen, Hrvati su spalili crkvu Uspenja Presvete Bogorodice sagrađenu 1714 ","object":"crkva","koor":"ne","date0":"ne","time0":"1.1.1992","subtype":"burned","type":"damaged"},"geometry":{"type":"Point","coordinates":[17.561323642730713,43.01541086985243]}},{"type":"Feature","properties":{"type":"destroyed","koor":"","date0":"ne","object":"crkva","desc":"Opličići, crkva Pokrova Presvete Bogorodice podignuta na temeljima stare crkve 1872. Srušen do temelja  u periodu 92'95. Porušen je i parohijski i Svetosavski dom","time0":"1.1.1992","subtype":"mined"},"geometry":{"type":"Point","coordinates":[17.813424468040466,43.11737850080615]}},{"type":"Feature","properties":{"desc":"Ostrožac, oštećena kapela u periodu 91-95","object":"kapela","date0":"ne","koor":"ne","time0":"1.1.1992","subtype":"ruined","type":"damaged"},"geometry":{"type":"Point","coordinates":[17.82843947410583,43.68491180031955]}},{"type":"Feature","properties":{"type":"damaged","desc":"Ošanići, crkva Svetih apostola Petra i Pavla iz 1480","subtype":"robbed","time0":"1.1.1992","object":"crkva","koor":"","date0":"ne"},"geometry":{"type":"Point","coordinates":[17.938686311244965,43.09507600741032]}},{"type":"Feature","properties":{"koor":"ne","date0":"ne","object":"crkva","desc":"Podosoje (visoravan Bobani), crkva podignuta u skorije vrijeme srušena","time0":"1.1.1992","subtype":"mined","type":"destroyed"},"geometry":{"type":"Point","coordinates":[18.037147521972656,42.75633997707593]}},{"type":"Feature","properties":{"type":"damaged","subtype":"mined","time0":"1.1.1992","desc":"Poljice, crkvica Svetog Nikole iz 19 vijeka oštećena granatama hrvatske vojske u periodu 91-93","object":"crkva","koor":"","date0":"ne"},"geometry":{"type":"Point","coordinates":[18.098924160003662,42.839967424519095]}},{"type":"Feature","properties":{"desc":"Poljice, mala crkva Svetog Jovana Krstitelja iz 19 vijeka oštećena granatama hrvatske vojske u periodu 91-93","object":"crkva","koor":"ne","date0":"ne","time0":"1.1.1992","subtype":"mined","type":"damaged"},"geometry":{"type":"Point","coordinates":[18.075127601623535,42.815079154609705]}},{"type":"Feature","properties":{"object":"kapela","type":"destroyed","subtype":"mined","time0":"1.1.1992","desc":"Prebilovci, tokom 92 hrvatska vojska je granatirala a potom minirala spomen kapelu srbskim novomučenicima postradalim u drugom svjetskom ratu","date0":"ne"},"geometry":{"type":"Point","coordinates":[17.74015188217163,43.093838156328665]}},{"type":"Feature","properties":{"object":"kapela","koor":"ne","date0":"ne","type":"destroyed","subtype":"ruined","time0":"1.1.1992","desc":"Prebilovci, tokom 92 uništena kapela"},"geometry":{"type":"Point","coordinates":[17.741332054138184,43.092960677116295]}},{"type":"Feature","properties":{"koor":"ne","date0":"ne","desc":"Prosjek, crkva Vozdviženija časnog Krsta oštetila hrvatska vojska 91-93","object":"crkva","time0":"1.1.1992","subtype":"ruined","type":"damaged"},"geometry":{"type":"Point","coordinates":[18.115826100111008,42.75691011719408]}},{"type":"Feature","properties":{"desc":"Ravno, crkva Svete Pedesetnice iz 1900 godine znatno oštećena, opljačkana i oskrnavljena u periodu 91-95","object":"crkva","koor":"ne","date0":"ne","time0":"1.1.1992","subtype":"ruined","type":"damaged"},"geometry":{"type":"Point","coordinates":[17.964588403701782,42.886860420733626]}},{"type":"Feature","properties":{"desc":"Rapti, crkva Vozdviženja časnog Krsta znatno oštećena kao i groblje tokom 1992 godine","type":"damaged","object":"crkva","koor":"","date0":"ne","time0":"1.1.1992","subtype":"ruined"},"geometry":{"type":"Point","coordinates":[18.06900680065155,42.787535373360186]}},{"type":"Feature","properties":{"koor":"ne","date0":"ne","object":"crkva","desc":"Raška Gora, crkva Svetog velikomučenika Pantelejmona porušena u periodu 91-95","time0":"1.1.1992","subtype":"ruined","type":"destoyed"},"geometry":{"type":"Point","coordinates":[17.829394340515137,43.44675009593148]}},{"type":"Feature","properties":{"object":"manastir","type":"damaged","subtype":"ruined","time0":"1.1.1992","desc":"Rašćani, crkvu VAvedenja Presvete Bogorodice podignutu 1891 u starom manastiru Labostin hrvatska vojska opljačkala i splalila ","koor":"ne","date0":"ne"},"geometry":{"type":"Point","coordinates":[17.29967951774597,43.68403895735575]}},{"type":"Feature","properties":{"koor":"ne","date0":"ne","object":"crkva","desc":"Rečice, Hrvati srušili crkvicu na groblju a selo uništili  91-95","time0":"1.1.1992","subtype":"ruined","type":"destroyed"},"geometry":{"type":"Point","coordinates":[17.729015350341797,43.1174626900989]}},{"type":"Feature","properties":{"type":"damaged","subtype":"burned","time0":"1.1.1992","desc":"Stolac, crkva Vaznesenja Gospodnjeg na temeljima starim, muslimani oskrnavili demolirali i zapalili","object":"crkva","date0":"ne"},"geometry":{"type":"Point","coordinates":[17.96275109052658,43.08762501948796]}},{"type":"Feature","properties":{"date0":"ne","koor":"ne","object":"crkva","desc":"Slivnica, crkvu Svetog Klimenta iz 19 vijeka, Hrvati granatirali 91-93","time0":"1.1.1992","subtype":"ruined","type":"damaged"},"geometry":{"type":"Point","coordinates":[18.261154890060425,42.64558426042586]}},{"type":"Feature","properties":{"koor":"ne","date0":"ne","desc":"Sitnik, Hrvati srušili crkvu iz 1973 godine","object":"crkva","time0":"1.1.1992","type":"destroyed","subtype":"ruined"},"geometry":{"type":"Point","coordinates":[18.192200660705566,43.49163086100676]}},{"type":"Feature","properties":{"type":"damaged","subtype":"mined","time0":"1.1.1992","desc":"Trebinje, crkva Preobraženja Gospodnjeg, podignuta 1908, oštećena gelerima granata 91-93","object":"crkva","koor":"","date0":"ne"},"geometry":{"type":"Point","coordinates":[18.345381617546078,42.709351868063386]}},{"type":"Feature","properties":{"desc":"Trijebanj, crkvu Cvetog Nikole je obnovio 1533 godine Radoje Hrabren. Hrvati su je miniralii srušili krajme 96 ili početkom 97. Potpuno uništeno fresko slikarstvo 16 vijeka","object":"crkva","date0":"ne","time0":"1.1.1997","subtype":"mined","type":"destroyed"},"geometry":{"type":"Point","coordinates":[17.87703573703766,43.16786539169133]}},{"type":"Feature","properties":{"desc":"Hum, crkva rođenja Presvete Bogorodice iz 1750 granatirla hrvatska vojska","time0":"1.1.1992","object":"crkva","koor":"ne","date0":"ne","type":"damaged","subtype":"mined"},"geometry":{"type":"Point","coordinates":[18.19402992725372,42.73791148478946]}},{"type":"Feature","properties":{"type":"damaged","subtype":"burned","time0":"1.1.1992","desc":"Čapljina, crkva Vaznesenja Hristovog podignuta 1992 teško oštećena, iznutra spaljena, vrh zvonika srušen","object":"crkva","koor":"","date0":"ne"},"geometry":{"type":"Point","coordinates":[17.705669403076172,43.11180021261024]}},{"type":"Feature","properties":{"desc":"Čvaljina, crkva Svetog velikomučenika Georgija iz 19 vijeka oštećena u periodu 91-93","object":"crkva","koor":"ne","date0":"ne","subtype":"ruined","type":"damaged","time0":"1.1.1992"},"geometry":{"type":"Point","coordinates":[17.968268394470215,42.868171976280905]}},{"type":"Feature","properties":{"type":"damaged","subtype":"ruined","time0":"1.1.1992","desc":"Čapljina, crkva Uspenja Presvete Bogorodice iz 1867 meštani oskrnavili i opljačkali ","object":"crkva","koor":"","date0":"ne"},"geometry":{"type":"Point","coordinates":[17.894735634326935,43.68734017658953]}},{"type":"Feature","properties":{"desc":"Džepi, srušena crkvica-kapela na srbskom groblju","object":"crkva","koor":"ne","date0":"ne","time0":"1.1.1992","subtype":"ruined","type":"destroyed"},"geometry":{"type":"Point","coordinates":[18.02697658538818,43.666001239933635]}},{"type":"Feature","properties":{"object":"crkva","koor":"ne","date0":"ne","desc":"Šćenica, crkva Rođenja Presvete Bgorodice podignutu u 19 vijeku hrvatske vojne snage do temelja srušile","time0":"1.1.1992","type":"destroyed","subtype":"mined"}},{"type":"Feature","properties":{"type":"damaged","subtype":"ruined","desc":"Bijelo Polje, crkva Prenosa moštiju Svetoga Nikole, podignuta 1764","object":"crkva","time0":"1.1.1942","koor":"-","date0":"ne"},"geometry":{"type":"Point","coordinates":[18.874189853668213,45.52022167661917]}},{"type":"Feature","properties":{"desc":"Bijelo Polje, crkva Prenosa moštiju Svetoga Nikole, znatno oštećena ","object":"crkva","subtype":"ruined","type":"damaged","time0":"1.1.1992","date0":"ne"},"geometry":{"type":"Point","coordinates":[18.87424886226654,45.520210400759034]}},{"type":"Feature","properties":{"object":"kapela","time0":"1.1.1992","koor":"","date0":"ne","type":"damaged","subtype":"ruined","desc":"Beli Manastir, kapela"},"geometry":{"type":"Point","coordinates":[18.618079125881195,45.76861937623492]}},{"type":"Feature","properties":{"type":"damaged","subtype":"ruined","desc":"Borovo Selo, crkva Svetog arhiđakona Stefana","object":"crkva","time0":"1.1.1992","date0":"ne"},"geometry":{"type":"Point","coordinates":[18.981263637542725,45.403128080951504]}},{"type":"Feature","properties":{"type":"damaged","subtype":"ruined","desc":"Borovo Selo, parohijski dom","object":"dom","time0":"1.1.1992","koor":"","date0":"ne"},"geometry":{"type":"Point","coordinates":[18.980925679206848,45.402928459599]}},{"type":"Feature","properties":{"desc":"Bolman, crkva Svetih apostola Petra i Pavla, iz 18og vijeka, Hrvati oštetili granatiranjem","object":"crkva","time0":"1.1.1992","date0":"ne","subtype":"ruined","type":"damaged"},"geometry":{"type":"Point","coordinates":[18.517150282859802,45.721772446710546]}},{"type":"Feature","properties":{"type":"damaged","subtype":"ruined","desc":"Bračevci, crkva Svetog velikomučenika Dimitrija, sagrađena 1778 godine, opljačkana i izlomljena","object":"crkva","time0":"1.1.1992","date0":"ne"},"geometry":{"type":"Point","coordinates":[18.277323246002197,45.429950019981014]}},{"type":"Feature","properties":{"desc":"Bršadin, crkva Svetog arhanđela Gavrila, sagrađena 1778 godine, opljačkana i oštećena od startne Hrvata","object":"crkva","time0":"1.1.1992","koor":"","date0":"ne","subtype":"ruined","type":"damaged"},"geometry":{"type":"Point","coordinates":[18.90598475933075,45.36127315639576]}},{"type":"Feature","properties":{"type":"damaged","desc":"Budimci, crkva Vaznesenja Gospodnjeg, podignuta 1795 godine, Hrvati oštetili","time0":"1.5.1995","koor":"","date0":"ne","object":"crkva","subtype":"ruined"},"geometry":{"type":"Point","coordinates":[18.32310453057289,45.46106846610576]}},{"type":"Feature","properties":{"type":"destroyed","desc":"Vinkovci, crkva Svete Trojice, podignuta 1794, Hrvati opljačkali, zapalili i minirali Hrvati","object":"crkva","subtype":"mined","time0":"1.10.1991","koor":"","date0":"ne"},"geometry":{"type":"Point","coordinates":[18.8065767288208,45.2882161924333]}},{"type":"Feature","properties":{"type":"damaged","subtype":"mined","desc":"Vukovar, crkva Prenosa moštiju Svetog Nikole, sagrađena 1732-1737, teško oštećena od strane Hrvata","object":"crkva","time0":"1.1.1992","koor":"","date0":"ne"},"geometry":{"type":"Point","coordinates":[19.002337753772736,45.34855908011675]}},{"type":"Feature","properties":{"desc":"Vukovar, crkva Svete Petke, sagrašena 1808-1811 godine, opljačkana i granatirana","object":"crkva","time0":"1.1.1992","koor":"","date0":"ne","subtype":"mined","type":"damaged"},"geometry":{"type":"Point","coordinates":[18.969338536262512,45.35183800375829]}},{"type":"Feature","properties":{"type":"damaged","subtype":"mined","desc":"Vukovar, crkva Svetog Nikole, mauzolej porodice Paunović, Hrvati granatiranjem, teško oštetili","object":"crkva","time0":"1.1.1992","koor":"","date0":"ne"},"geometry":{"type":"Point","coordinates":[19.00283396244049,45.34474835332179]}},{"type":"Feature","properties":{"koor":"ne","date0":"ne","time0":"1.1.1992","desc":"Vukovar, kapela Vaskrsenja Hristovog, na groblju, Hrvati tešk ooštetili granatiranjem","subtype":"mined","type":"damaged","object":"kapela"},"geometry":{"type":"Point","coordinates":[19.001924693584442,45.345834196242635]}},{"type":"Feature","properties":{"desc":"Gaboš, crkva Rođenja Presvete Bogorodice, iz 1810 godine, Hrvati je tokom 1992 godine granatiranjem znatno oštetili","subtype":"mined","type":"damaged","object":"crkva","time0":"1.1.1992","date0":"ne"},"geometry":{"type":"Point","coordinates":[18.737128973007202,45.352644746308734]}},{"type":"Feature","properties":{"desc":"Gaboš, parohijski dom","subtype":"mined","type":"damaged","object":"dom","time0":"1.1.1992","koor":"ne","date0":"ne"},"geometry":{"type":"Point","coordinates":[18.7375608086586,45.352622127515424]}},{"type":"Feature","properties":{"desc":"Tovarnik, crkva Svetog velikomučenika Georgija, sagrađena između 1797 i 1799, teško oštećena granatirawem od strane Hrvata","object":"crkva","time0":"1.1.1992","koor":"","date0":"ne","subtype":"mined","type":"damaged"},"geometry":{"type":"Point","coordinates":[19.15395766496658,45.164417753954815]}},{"type":"Feature","properties":{"type":"damaged","object":"crkva","desc":"Petrovci, crkva Vaznesenja Gospodnjeg, iz 1769 godine, Hrvati granatama napravili velika oštećenja a prethodno opljačkali","time0":"1.1.1992","koor":"","date0":"ne","subtype":"mined"},"geometry":{"type":"Point","coordinates":[18.94602343440056,45.28718113953224]}},{"type":"Feature","properties":{"type":"damaged","subtype":"ruined","desc":"Petrovci, parohijski dom","object":"dom","time0":"1.1.1992","koor":"ne","date0":"ne"},"geometry":{"type":"Point","coordinates":[18.946401625871655,45.2870377214144]}},{"type":"Feature","properties":{"subtype":"mined","type":"damaged","desc":"Darda, crkva Svetog arhangela Mihaila, oštetili Hrvati granatama ","object":"crkva","time0":"1.1.1992","koor":"","date0":"ne"},"geometry":{"type":"Point","coordinates":[18.68794195353985,45.62520985104111]}},{"type":"Feature","properties":{"desc":"Dalj, crkva Svetog Dimitrija, sagrađena 1799 godine, granatirali Hrvati i znatno oštetili","time0":"1.1.1992","object":"crkva","date0":"ne","type":"damaged","subtype":"mined"},"geometry":{"type":"Point","coordinates":[18.986442983150482,45.48422890541399]}},{"type":"Feature","properties":{"desc":"Dalj, parohijski dom","object":"dom","time0":"1.1.1992","date0":"ne","koor":"ne","type":"damaged","subtype":"mined"},"geometry":{"type":"Point","coordinates":[18.98708939552307,45.484315408884285]}},{"type":"Feature","properties":{"type":"damaged","subtype":"ruined","desc":"Dopsin, crkva Svetih apostola Petra i Pavla, iz 1764, opljačkana i izlomljena","object":"crkva","time0":"1.1.1992","date0":"ne"},"geometry":{"type":"Point","coordinates":[18.55967402458191,45.45088509359664]}},{"type":"Feature","properties":{"type":"destroyed","subtype":"mined","desc":"Erdut, crkva Svetog arhangela Gavrila, iz 1757 godine, Hrvati do temelja srušili","object":"crkva","time0":"1.1.1942","koor":"","date0":"ne"},"geometry":{"type":"Point","coordinates":[19.06205177307129,45.526488825842115]}},{"type":"Feature","properties":{"desc":"Erdut, crkva Svetog arhangela Gavrila, iz 1757 godine, Hrvati do znatno oštetili granatama gađajući je iz neposredne blizine, srušen deo krova i severnog zida, zvonik oštećen","object":"crkva","time0":"25.7.1991","date0":"","type":"damaged","subtype":"mined","koor":""},"geometry":{"type":"Point","coordinates":[19.062032997608185,45.52648788629186]}},{"type":"Feature","properties":{"desc":"Jagodnjak, crkva Svetog Nikole, iz 19og vijeka","object":"crkva","time0":"1.1.1992","koor":"","date0":"ne","subtype":"mined","type":"damaged"},"geometry":{"type":"Point","coordinates":[18.57738733291626,45.69984788690008]}},{"type":"Feature","properties":{"type":"damaged","subtype":"mined","desc":"Novi Jankovci, crkva Svetog proroka Ilije, sagrađena 1794 godine, hrvatska vojska teško oštetila","object":"crkva","time0":"1.1.1992","koor":"","date0":"ne"},"geometry":{"type":"Point","coordinates":[18.895542919635773,45.239932630514225]}},{"type":"Feature","properties":{"desc":"Koprivna, crkva Rođenja Presvete Bogorodice, podignuta u srednjem vijeku, obnovljena 1757 godine, teško oštećena od strane Hrvata ","object":"crkva","time0":"1.1.1992","koor":"","date0":"ne","subtype":"ruined","type":"damaged"},"geometry":{"type":"Point","coordinates":[18.60780894756317,45.40431072883583]}},{"type":"Feature","properties":{"type":"damaged","subtype":"ruined","desc":"Kneževo, crkva Svetog velikomučenika Georgija, zadužbina kralja Aleksandra","object":"crkva","time0":"1.1.1992","koor":"","date0":"ne"},"geometry":{"type":"Point","coordinates":[18.64557445049286,45.83965133604371]}},{"type":"Feature","properties":{"desc":"Marinci, crkva Svetog velikomučenika GEorgija, podignuta 1758 godine, opljačkana i teško oštećena od strane Hrvata tokom 91 godine","object":"crkva","time0":"1.1.1992","date0":"ne","type":"damaged","subtype":"mined"},"geometry":{"type":"Point","coordinates":[18.902307450771332,45.33921701769374]}},{"type":"Feature","properties":{"desc":"Markušica, crkva Silaska Svetog Duha, iz 1810 godine","time0":"9.11.1991","object":"crkva","subtype":"mined","type":"damaged"},"geometry":{"type":"Point","coordinates":[18.706626892089844,45.373631089832536]}},{"type":"Feature","properties":{"time0":"8.4.1992","object":"crkva","desc":"Markušica, crkva Silaska Svetog Duha, iz 1810 godine","subtype":"mined","type":"damaged"},"geometry":{"type":"Point","coordinates":[18.706699311733246,45.37361413203011]}},{"type":"Feature","properties":{"type":"damaged","object":"crkva","desc":"Mirkovci, crkva Prenosa moštiju Svetog Nikole, sagrađena u vremenu 1809-1813 godine, teško oštećena ","subtype":"mined","time0":"1.1.1992","date0":"ne"},"geometry":{"type":"Point","coordinates":[18.850441575050354,45.27105093368759]}},{"type":"Feature","properties":{"object":"dom","desc":"Mirkovci, parohijski dom","type":"damaged","subtype":"mined","time0":"1.1.1992","date0":"ne"},"geometry":{"type":"Point","coordinates":[18.85082647204399,45.27105942795289]}},{"type":"Feature","properties":{"date0":"ne","desc":"Mikluševci, crkva Prenosa moštiju Svetog NIkole, iz 1758 godine, opljačkana i oštećena","object":"crkva","time0":"1.1.1992","subtype":"mined","type":"damaged"},"geometry":{"type":"Point","coordinates":[19.08399224281311,45.25072712440275]}},{"type":"Feature","properties":{"date0":"ne","koor":"ne","time0":"1.1.1992","object":"dom","desc":"Mikluševci, parohijski dom","subtype":"mined","type":"destroyed"},"geometry":{"type":"Point","coordinates":[19.08425845205784,45.250610050273174]}},{"type":"Feature","properties":{"time0":"1.1.1992","desc":"Negoslavci, crkva Uspenja Presvete Bogorodice, iz 1758 godine","date0":"ne","object":"crkva","type":"damaged","subtype":"mined"},"geometry":{"type":"Point","coordinates":[18.997887969017025,45.27844801340535]}},{"type":"Feature","properties":{"desc":"Negoslavci, parohijski dom","object":"dom","time0":"1.1.1992","date0":"ne","koor":"ne","type":"damaged","subtype":"mined"},"geometry":{"type":"Point","coordinates":[18.99793893098831,45.278793400811665]}},{"type":"Feature","properties":{"desc":"Negoslavci, crkva Rođenja Svetog Jovana Preteče, iz 1708 godine","time0":"1.1.1992","date0":"ne","object":"crkva","type":"damaged","subtype":"mined"},"geometry":{"type":"Point","coordinates":[18.994528502225876,45.275142190972424]}},{"type":"Feature","properties":{"desc":"Osijek, kapela Pokrova Presvete Bogorodicem iz 1948 godine, opljaškana i granatama znatno oštećena","object":"kapela","time0":"1.1.1992","date0":"ne","subtype":"mined","type":"damaged","koor":"ne"},"geometry":{"type":"Point","coordinates":[18.718652576208115,45.55939352075655]}},{"type":"Feature","properties":{"desc":"Osijek, kapela Prenosa mođtiju Svetog Nikole, iz 1892 godine, opljačkana, i izlomljena","time0":"1.1.1992","date0":"ne","object":"kapela","type":"damaged","subtype":"ruined"},"geometry":{"type":"Point","coordinates":[18.731287121772766,45.560041427368716]}},{"type":"Feature","properties":{"desc":"Osijek, crkva Uspenja Presvete Bogorodice, obnovljena 1966-1979, pljačkana, granatirana, minirana","time0":"1.1.1992","date0":"ne","object":"crkva","type":"damaged","subtype":"mined"},"geometry":{"type":"Point","coordinates":[18.71858686208725,45.55925454851008]}},{"type":"Feature","properties":{"object":"dom","desc":"Osijek, parohijski dom","time0":"1.1.1992","date0":"ne","subtype":"ruined","type":"damaged"},"geometry":{"type":"Point","coordinates":[18.71885374188423,45.55935877772716]}},{"type":"Feature","properties":{"desc":"Osijek, crkva Uspenja Presvete Bogorodice, iz 1743 godine, Hrvati srušili do temelja","time0":"1.1.1942","date0":"ne","subtype":"mined","type":"destroyed","object":"crkva"},"geometry":{"type":"Point","coordinates":[18.718621730804443,45.559253609507266]}},{"type":"Feature","properties":{"type":"damaged","object":"crkva","time0":"1.1.1992","desc":"Ostrovo, crkva Rođenja Svetog Jovana Preteče, građena u vremenu 1810-1815 godine, opljačkana a krov i toranj oštećeni granatama","subtype":"mined","date0":"ne"},"geometry":{"type":"Point","coordinates":[18.79033327102661,45.33914160379443]}},{"type":"Feature","properties":{"type":"damaged","object":"dom","time0":"1.1.1992","subtype":"ruined","desc":"Ostrovo, parohijski dom","date0":"ne"},"geometry":{"type":"Point","coordinates":[18.790389597415924,45.339057705713394]}},{"type":"Feature","properties":{"type":"destroyed","object":"kapela","time0":"1.10.1992","subtype":"mined","desc":"Ostrovo, kapela na gorblju, iz 19og vijeka, hrvatska vojska porušila","date0":"ne"},"geometry":{"type":"Point","coordinates":[18.800571262836456,45.33710916137773]}},{"type":"Feature","properties":{"type":"damaged","subtype":"mined","desc":"Pačetin, crkva Prenosa mođtiju Svetog Nikole, građena u vremenu 1752-1759, Hrvati teško oštetili granatiranjem","object":"crkva","time0":"1.1.1992","date0":"ne"},"geometry":{"type":"Point","coordinates":[18.85131061077118,45.376576017731516]}},{"type":"Feature","properties":{"desc":"Paučje, crkva Svetog velikomučenika Dimitrija, iz 1777 godine","time0":"1.1.1942","object":"crkva","subtype":"mined","type":"destroyed","date0":"ne"},"geometry":{"type":"Point","coordinates":[18.14032942056656,45.358967287024846]}},{"type":"Feature","properties":{"time0":"1.1.1992","object":"crkva","desc":"Paučje, crkva Svetog velikomučenika Dimitrija,","subtype":"mined","type":"destroyed","date0":"ne"},"geometry":{"type":"Point","coordinates":[18.14032606780529,45.35896634468059]}},{"type":"Feature","properties":{"desc":"Poganovci, crkva Svetog proroka Ilije","object":"crkva","time0":"1.1.1992","date0":"ne","subtype":"ruined","type":"damaged"},"geometry":{"type":"Point","coordinates":[18.399648070335388,45.48753850872677]}},{"type":"Feature","properties":{"desc":"Sarvaš, crkva Svetog Jovana Krstitelja, građen od 1970 do 1990 godine, miniranjem uništena","object":"crkva","time0":"1.1.1992","koor":"","date0":"ne","type":"destroyed","subtype":"mined"},"geometry":{"type":"Point","coordinates":[18.842055648565292,45.52433439587128]}},{"type":"Feature","properties":{"type":"damaged","desc":"Sotin, crkva Prenosa moštiju Svetog Nikole, iz 1802 godine","object":"crkva","time0":"1.1.1992","koor":"","date0":"ne","subtype":"ruined"},"geometry":{"type":"Point","coordinates":[19.094672799110413,45.29869020467769]}},{"type":"Feature","properties":{"desc":"Srijemske Laze, crkva Rođenja Presvete Bogorodice, sagrađena 1775 godine, oštećena grantiranjem","subtype":"mined","type":"damaged","object":"crkva","time0":"1.1.1992","date0":"ne"},"geometry":{"type":"Point","coordinates":[18.932093381881714,45.230656716682994]}},{"type":"Feature","properties":{"type":"damaged","subtype":"mined","desc":"Srijemske Laze, parohijski dom, teško oštećen granatiranjem","object":"dom","time0":"1.1.1992","date0":"ne"},"geometry":{"type":"Point","coordinates":[18.932230174541473,45.23052637845756]}},{"type":"Feature","properties":{"time0":"1.1.1942","type":"destroyed","subtype":"mined","desc":"Tenja, crkva Prenosa moštiju Svetoga Nikole, iz 1761 godine","object":"crkva","date0":"ne"},"geometry":{"type":"Point","coordinates":[18.748351335525513,45.501470558173075]}},{"type":"Feature","properties":{"time0":"1.1.1992","type":"destroyed","subtype":"mined","desc":"Tenja,  crkva Prenosa moštiju Svetoga Nikole, obnovljena 1985 godine","object":"crkva","date0":"ne"},"geometry":{"type":"Point","coordinates":[18.748402297496796,45.501472438109104]}},{"type":"Feature","properties":{"type":"destroyed","subtype":"mined","desc":"Čepin, crkva Svetog arhangela Gavrila, iz 1759 godine","object":"crkva","time0":"1.1.1992","date0":"ne"},"geometry":{"type":"Point","coordinates":[18.553094565868378,45.518799960767]}},{"type":"Feature","properties":{"desc":"Čepinski Martinci, crkva Svetog velikomučenika Georgija, opljačkana i izlomljena","object":"crkva","time0":"1.1.1992","date0":"ne","type":"damaged","subtype":"ruined"},"geometry":{"type":"Point","coordinates":[18.46836894750595,45.510415523162294]}},{"type":"Feature","properties":{"desc":"Šarengrad, crkva Svetih arhangela Mihaila i Gavrila, iz 1805 godine, teško oštećena granatiranjem","subtype":"mined","type":"damaged","object":"crkva","time0":"1.1.1992","date0":"ne"},"geometry":{"type":"Point","coordinates":[19.2825186252594,45.23381118837066]}},{"type":"Feature","properties":{"koor":"ne","date0":"ne","time0":"1.1.1992","object":"dom","desc":"Šarengrad, parohijski dom, teško oštećen","subtype":"mined","type":"damaged"},"geometry":{"type":"Point","coordinates":[19.282227605581284,45.23389146455716]}},{"type":"Feature","properties":{"desc":"Šidski Banovci, crkva Svete Paraskeve, iz 1818 godine, teško oštećena granatiranjem ","subtype":"mined","type":"damaged","time0":"1.10.1992","date0":"ne","object":"crkva"},"geometry":{"type":"Point","coordinates":[19.06554937362671,45.1846098484886]}},{"type":"Feature","properties":{"desc":"Rajevo selo, crkva Svetog velikomučenika Prokopija, sagrađena 1866 godine, opljačkana i izlomeljena u vremenu 1991-1993","object":"crkva","time0":"1.1.1992","koor":"","date0":"ne","subtype":"ruined","type":"damaged"},"geometry":{"type":"Point","coordinates":[18.774344623088837,44.9283358223368]}},{"type":"Feature","properties":{"type":"damaged","subtype":"ruined","desc":"Zagreb, crkva Preobraženja Gospodnjeg, iz 1794 godine, oštećena","object":"crkva","time0":"1.1.1991","koor":"","date0":"ne"},"geometry":{"type":"Point","coordinates":[15.974015146493912,45.812619981512505]}},{"type":"Feature","properties":{"type":"damaged","subtype":"ruined","desc":"Zagreb,  crkva Preobraženja Gospodnjeg, iz 1794 godine, oštećena","object":"crkva","time0":"24.8.1997","koor":"","date0":""},"geometry":{"type":"Point","coordinates":[15.9739950299263,45.81257885208064]}},{"type":"Feature","properties":{"type":"destroyed","subtype":"mined","desc":"Zagreb, mitropolijska rezidencija, miniranjem potpuno uništena ","object":"dom","time0":"11.4.1992","koor":"ne","date0":""},"geometry":{"type":"Point","coordinates":[15.974821150302887,45.81207875314983]}},{"type":"Feature","properties":{"type":"damaged","subtype":"ruined","desc":"Zagreb, ženski manastir Svete Petke, iz 1866 godine, provaljen u periodu 1991-1992 godine","object":"crkva","time0":"1.1.1992","koor":"","date0":"ne"},"geometry":{"type":"Point","coordinates":[15.937981009483337,45.82637046493933]}},{"type":"Feature","properties":{"type":"damaged","subtype":"ruined","desc":"Bjelovar, crkva Svete Trojice,podignuta u vremenu 1784-1792, izlomljena, oštećena","object":"crkva","time0":"1.1.1992","koor":"","date0":"ne"},"geometry":{"type":"Point","coordinates":[16.84041291475296,45.89848892618166]}},{"type":"Feature","properties":{"type":"damaged","subtype":"mined","desc":"Bjelovar, parohijski dom, miniran","object":"dom","time0":"1.1.1993","koor":"ne","date0":"ne"},"geometry":{"type":"Point","coordinates":[16.839948892593384,45.89849079281598]}},{"type":"Feature","properties":{"type":"destroyed","subtype":"mined","desc":"Bolč, crkva Svetih arhangela Mihaila i Gavrila, iz 1795 godine, miniranjem srušena","object":"crkva","time0":"1.1.1992","koor":"","date0":"ne"},"geometry":{"type":"Point","coordinates":[16.676622480154037,45.879750356138565]}},{"type":"Feature","properties":{"type":"damaged","subtype":"mined","desc":"Varaždin, crkva Svetog Georgija, iz 1884 godine","object":"crkva","time0":"1.10.1992","koor":"","date0":"ne"},"geometry":{"type":"Point","coordinates":[16.339051723480225,46.31012402957944]}},{"type":"Feature","properties":{"type":"damaged","subtype":"mined","desc":"Velika Mučna, crkva Svetog arhangela Mihaila, podignuta 1740 godine","object":"crkva","time0":"24.12.1992","koor":"","date0":""},"geometry":{"type":"Point","coordinates":[16.746543645858765,46.11961081750117]}},{"type":"Feature","properties":{"type":"damaged","subtype":"ruined","desc":"Velika Barna, crkva Svetog Marka, oštećena","object":"crkva","time0":"1.1.1992","koor":"ne","date0":"ne"},"geometry":{"type":"Point","coordinates":[17.13366150856018,45.735579043334525]}},{"type":"Feature","properties":{"type":"damaged","subtype":"burned","desc":"Velika Pisanica, crkva Svetog četverodnevnog Lazara, iz 1713 godine, teško  oštećena od strane Hrvata","object":"crkva","time0":"1.1.1942","koor":"","date0":"ne"},"geometry":{"type":"Point","coordinates":[17.06485480070114,45.80179721974926]}},{"type":"Feature","properties":{"type":"damaged","subtype":"ruined","desc":"Velika Pisanica, obnovljena 1966/67 godine, opljačkana i oštećena","object":"crkva","time0":"1.1.1992","koor":"","date0":"ne"},"geometry":{"type":"Point","coordinates":[17.064916491508484,45.80178413057229]}},{"type":"Feature","properties":{"type":"damaged","subtype":"mined","desc":"Velika Pisanica, parohijski dom","object":"dom","time0":"1.1.1992","koor":"ne","date0":"ne"},"geometry":{"type":"Point","coordinates":[17.064532935619354,45.80153169584325]}},{"type":"Feature","properties":{"type":"damaged","subtype":"ruined","desc":"Velika Peratovica, crkva Svete Petke iz 1790 godine, znatno oštećena","time0":"1.1.1942","object":"crkva","koor":"","date0":"ne"},"geometry":{"type":"Point","coordinates":[17.25153386592865,45.755333726985896]}},{"type":"Feature","properties":{"type":"damaged","subtype":"ruined","date0":"ne","desc":"Velika Peratovica, crkva Svete Petke iz 1790 godine, izlomljena","object":"crkva","time0":"1.1.1992"},"geometry":{"type":"Point","coordinates":[17.2515606880188,45.755326241221404]}},{"type":"Feature","properties":{"type":"damaged","subtype":"ruined","time0":"1.1.1942","date0":"ne","desc":"Veliki Grđevac, crkva Svete Trojice, iz 1752 godine, obnovljena 1833,","object":"crkva"},"geometry":{"type":"Point","coordinates":[17.049842476844788,45.74898169475693]}},{"type":"Feature","properties":{"type":"damaged","subtype":"ruined","time0":"1.1.1992","date0":"ne","desc":"Veliki Grđevac, crkva Svete Trojice, obojena ","object":"crkva"},"geometry":{"type":"Point","coordinates":[17.04976737499237,45.748959234904305]}},{"type":"Feature","properties":{"date0":"ne","time0":"1.1.1942","object":"crkva","desc":"Veliki Zdenci, crkva Vozdviženja časnoga Krsta, iz 1744, obnovljena 1847 godine, teško oštećena","type":"damaged","subtype":"ruined"},"geometry":{"type":"Point","coordinates":[17.109092473983765,45.674290224469864]}},{"type":"Feature","properties":{"date0":"ne","object":"crkva","time0":"1.1.1995","desc":"Veliki Zdenci, crkva Vozdviženja časnoga Krsta, porušen zvonik","type":"damaged","subtype":"ruined"},"geometry":{"type":"Point","coordinates":[17.10916757583618,45.67424524468458]}},{"type":"Feature","properties":{"object":"dom","time0":"1.1.1992","koor":"ne","date0":"ne","desc":"Veliki Zdenci, parohijski dom","subtype":"mined","type":"damaged"},"geometry":{"type":"Point","coordinates":[17.108663320541382,45.67426773458173]}},{"type":"Feature","properties":{"time0":"1.1.1996","type":"destroyed","subtype":"mined","desc":"Veliki Zdenci, crkva Vozdviženja časnoga Krsta, nema traga od nje","object":"crkva","date0":"ne"},"geometry":{"type":"Point","coordinates":[17.10919976234436,45.67428272784149]}},{"type":"Feature","properties":{"desc":"Grabovnica, crkva Svetog Lazara Kosovskog (Svetog Vida, proroka Amosa), iz 1752","type":"damaged","subtype":"ruined","object":"crkva","time0":"1.1.1992","koor":"","date0":"ne"},"geometry":{"type":"Point","coordinates":[16.65328323841095,45.73727327118619]}},{"type":"Feature","properties":{"subtype":"burned","desc":"Glogovac, crkva Svetog Georgija, iz 1760 godine, ulazna vrata zapaljena ","object":"crkva","time0":"1.5.1991","date0":"ne","type":"damaged"},"geometry":{"type":"Point","coordinates":[16.87340140342712,46.11528989744348]}},{"type":"Feature","properties":{"object":"dom","desc":"Graberje Ivanićko, parohijski dom","subtype":"burned","type":"damaged","time0":"1.1.1992","date0":"ne"},"geometry":{"type":"Point","coordinates":[16.474336981773376,45.709693089351696]}},{"type":"Feature","properties":{"type":"damaged","subtype":"ruined","desc":"Grubišno polje, crkva Svetog Georgija, građena 1773-1775, obnovljena 1820, Hrvati zapečatili","time0":"1.1.1992","date0":"ne","object":"crkva"},"geometry":{"type":"Point","coordinates":[17.176287174224854,45.70346324068869]}},{"type":"Feature","properties":{"subtype":"ruined","type":"damaged","desc":"Grubišno polje, parohijski dom, zapečaćen pa useljen od strane Hrvata","object":"dom","time0":"1.1.1992","date0":"ne"},"geometry":{"type":"Point","coordinates":[17.176501750946045,45.70300992935405]}},{"type":"Feature","properties":{"type":"destroyed","subtype":"burned","desc":"Donja Rašenica, crkva Uspenja Presvete Bogorodice, crkva-brvnara iz 1709, spalili Hrvati","object":"crkva","time0":"1.1.1992","koor":"","date0":"ne"},"geometry":{"type":"Point","coordinates":[17.223955392837524,45.67881425651064]}},{"type":"Feature","properties":{"subtype":"ruined","desc":"Javorovac, crkva Svetih 318 Bogonosnih Otaca, iz 1927 godine","object":"crkva","time0":"1.1.1992","date0":"ne","type":"damaged"},"geometry":{"type":"Point","coordinates":[16.899370551109314,46.05071094070598]}},{"type":"Feature","properties":{"type":"damaged","subtype":"ruined","desc":"Kabal, crkva Svetog Nikole, iz 1760 godine, oštećem mitraljskom vatrom","object":"crkva","time0":"1.1.1992","koor":"ne","date0":"ne"},"geometry":{"type":"Point","coordinates":[16.637871265411373,45.85757777311891]}},{"type":"Feature","properties":{"object":"crkva","time0":"1.1.1992","koor":"ne","date0":"ne","desc":"Križ, crkva Svetog Jovana Krstitelja, iz 1746 godine","subtype":"ruined","type":"damaged"},"geometry":{"type":"Point","coordinates":[16.517493724822998,45.66183694028842]}},{"type":"Feature","properties":{"type":"damaged","subtype":"ruined","desc":"Križevci, crkva Svetog Save, iz 1902 godine, polupana stakla i oluci","object":"crkva","time0":"1.1.1992","koor":"ne","date0":"ne"},"geometry":{"type":"Point","coordinates":[16.543732434511185,46.02460639686837]}},{"type":"Feature","properties":{"type":"damaged","subtype":"ruined","desc":"Koprivnica, crkva Svete Trojice, građena 1791-1795, ikonostas izlomljen i polomljeni prozori","object":"crkva","time0":"1.1.1992","koor":"","date0":"ne"},"geometry":{"type":"Point","coordinates":[16.829638481140137,46.161757329454886]}},{"type":"Feature","properties":{"desc":"Kupinovac, crkva Rođenja Presvete Bogorodice, iz 1740 godine, znatno oštećena, vrata zapaljena, zvonik oštećen","object":"crkva","time0":"1.1.1992","koor":"","date0":"ne","subtype":"ruined","type":"damaged"},"geometry":{"type":"Point","coordinates":[16.890650689601898,45.949926322873935]}},{"type":"Feature","properties":{"date0":"ne","time0":"1.1.1992","object":"crkva","type":"damaged","subtype":"ruined","desc":"Mali Grđevac, crkva Svetog Dimitrija, iz 1760 godine"},"geometry":{"type":"Point","coordinates":[17.152208983898163,45.77015637778624]}},{"type":"Feature","properties":{"koor":"ne","date0":"ne","time0":"1.1.1992","object":"dom","type":"destroyed","subtype":"mined","desc":"Mali Grđevac, parohijski dom, miniran i spaljen"},"geometry":{"type":"Point","coordinates":[17.151999771595,45.76986263882799]}},{"type":"Feature","properties":{"type":"destroyed","desc":"Mala Črešnjevica, crkva Svetih 318 bogonosnih otaca, iz 1722 godine, potpuno uništena ","time0":"1.1.1992","subtype":"mined","object":"crkva","date0":"ne"},"geometry":{"type":"Point","coordinates":[17.14627057313919,45.919960401697175]}},{"type":"Feature","properties":{"time0":"1.1.1992","date0":"ne","object":"crkva","type":"damaged","subtype":"ruined","desc":"Mali Zdenci, crkva-brvnara Rođenja Presvete Bogorodice, sagrađena 1761 godine, oštećena i opljačkana"},"geometry":{"type":"Point","coordinates":[17.12332159280777,45.67922091421635]}},{"type":"Feature","properties":{"desc":"Stara Marča, kapela Sabora Arhangela Mihaila, iz 1925 godine, napravljena na mestu velikog manastira Marča","object":"kapela","time0":"1.1.1992","subtype":"mined","type":"damaged","date0":"ne","koor":"ne"},"geometry":{"type":"Point","coordinates":[16.481750607490536,45.76688493652583]}},{"type":"Feature","properties":{"subtype":"robbed","desc":"Narta, crkva Svetog Georgija, iz 1770 godine, pretvorena u rimokatoličku","object":"crkva","type":"damaged","time0":"1.1.1942","date0":"ne"},"geometry":{"type":"Point","coordinates":[16.811632812023163,45.8340956772017]}},{"type":"Feature","properties":{"desc":"Narta, crkva Svetog Georgija,","object":"crkva","time0":"1.1.1992","date0":"ne","subtype":"ruined","type":"damaged"},"geometry":{"type":"Point","coordinates":[16.811678409576416,45.83409193960577]}},{"type":"Feature","properties":{"desc":"Narta, parohijski dom, opljačkan i oštećen","object":"dom","time0":"1.1.1992","koor":"","date0":"ne","subtype":"ruined","type":"damaged"},"geometry":{"type":"Point","coordinates":[16.81086301803589,45.83407231722295]}},{"type":"Feature","properties":{"desc":"Plavšinac, crkva Svetog četvrerodnevnog Lazara, iz 1758 godine","time0":"1.1.1992","object":"crkva","date0":"ne","subtype":"ruined","type":"damaged"},"geometry":{"type":"Point","coordinates":[16.91770076751709,46.092026595007994]}},{"type":"Feature","properties":{"desc":"Rastovac, crkva-brvnara Svetog Dimitrija, iz 1730 godine, uništena vatrom","object":"crkva","time0":"1.1.1992","koor":"","date0":"ne","subtype":"burned","type":"destroyed"},"geometry":{"type":"Point","coordinates":[17.263453602790833,45.67328191893861]}},{"type":"Feature","properties":{"koor":"ne","date0":"ne","desc":"Sisak, crkva Svete Petke, podignuta 1895","subtype":"burned","type":"destroyed","time0":"1.1.1942","object":"crkva"},"geometry":{"type":"Point","coordinates":[16.376457810401917,45.487483977065935]}},{"type":"Feature","properties":{"desc":"Sisak, kapela Svete Petke, urešena u bivšem parohijskom domu","object":"kapela","time0":"1.1.1992","koor":"","date0":"ne","subtype":"ruined","type":"damaged"},"geometry":{"type":"Point","coordinates":[16.376731395721436,45.48746329262904]}},{"type":"Feature","properties":{"time0":"4.7.2016","object":"kapela","date0":"","desc":"Sisak, kapela Svete Petke, provaljena i oštećena","type":"damaged","subtype":"ruined"},"geometry":{"type":"Point","coordinates":[16.37647189199924,45.48748068636058]}},{"type":"Feature","properties":{"desc":"Salnik, crkva Svete Petke, iz 1570, podignuta na temlju stare 1932 godine, Hrvati minirali","subtype":"mined","type":"damaged","object":"crkva","time0":"19.12.1992"},"geometry":{"type":"Point","coordinates":[16.336653828620907,45.97467740066382]}},{"type":"Feature","properties":{"desc":"Sibenik, crkva Svetih apostola Petra i Pavla","time0":"1.1.1992","object":"crkva","subtype":"ruined","type":"damaged","date0":"ne"},"geometry":{"type":"Point","coordinates":[17.18200296163559,45.812255424126214]}},{"type":"Feature","properties":{"desc":"Severin, crkva Svetih apostola Petra i Pavla, iz 1770 godine, pretvorena u unijatsku","time0":"1.1.1942","object":"crkva","subtype":"robbed","type":"damaged","date0":"ne"},"geometry":{"type":"Point","coordinates":[16.967267990112305,45.83985688291113]}},{"type":"Feature","properties":{"type":"damaged","subtype":"ruined","desc":"Severin, crkva Svetih apostola Petra i Pavla","object":"crkva","time0":"1.1.1992","date0":"ne"},"geometry":{"type":"Point","coordinates":[16.967369914054867,45.839798956143525]}},{"type":"Feature","properties":{"desc":"Srijedska, crkva Uspenja Presvete Bogorodice, podignuta 1722 godine","object":"crkva","type":"damaged","subtype":"ruined","time0":"1.1.1942","date0":"ne"},"geometry":{"type":"Point","coordinates":[16.85074210166931,45.760382646384905]}},{"type":"Feature","properties":{"desc":"Srijedska, crkva Uspenja Presvete Bogorodice, obnovljena 1950-1953 godine","object":"crkva","type":"damaged","subtype":"ruined","time0":"1.1.1992","date0":"ne"},"geometry":{"type":"Point","coordinates":[16.850712597370148,45.760386388928104]}},{"type":"Feature","properties":{"desc":"Stupovača, crkva Svetog Dimitrija","object":"crkva","time0":"1.1.1992","date0":"ne","subtype":"mined","type":"damaged"},"geometry":{"type":"Point","coordinates":[16.84280276298523,45.53515269092124]}},{"type":"Feature","properties":{"desc":"Stupovača, parohijski dom","object":"dom","time0":"1.1.1992","koor":"ne","date0":"ne","subtype":"robbed","type":"damaged"},"geometry":{"type":"Point","coordinates":[16.842931509017944,45.53466044026988]}},{"type":"Feature","properties":{"type":"damaged","subtype":"ruined","time0":"1.1.1992","date0":"ne","object":"crkva","desc":"Srpska kapela, crkva Svetog Georgija, obnovio Hrvat Vilko Sever"},"geometry":{"type":"Point","coordinates":[16.572940349578857,45.88537053714404]}},{"type":"Feature","properties":{"desc":"Srpska kapela, parohijski dom","subtype":"mined","type":"destroyed","time0":"1.1.1992","date0":"ne","koor":"ne","object":"dom"},"geometry":{"type":"Point","coordinates":[16.5728759765625,45.88501205752447]}},{"type":"Feature","properties":{"desc":"Turčević polje, crkva Svetog arhiđakona Stefana, iz 1931","object":"crkva","time0":"1.1.1992","date0":"ne","subtype":"ruined","type":"damaged"},"geometry":{"type":"Point","coordinates":[17.34765887260437,45.711500477134784]}},{"type":"Feature","properties":{"type":"damaged","subtype":"ruined","desc":"Čađavac, crkva Svetog apostola Tome, sagrađena 1746 godine, teško oštećena","time0":"1.1.1992","date0":"ne","object":"crkva"},"geometry":{"type":"Point","coordinates":[17.11269736289978,45.82404811279496]}},{"type":"Feature","properties":{"type":"damaged","subtype":"ruined","desc":"Sarajevo, crkva Rođenj Presvete Bogorodice teško oštećena u periodu 91-95","object":"crkva","time0":"1.1.1992","koor":" ","date0":"ne"},"geometry":{"type":"Point","coordinates":[18.425198793411255,43.85818847383808]}},{"type":"Feature","properties":{"type":"damaged","subtype":"ruined","desc":"Sarajevo, crkva Svetih arhangela Mihaila i Gavrila iz 15og vijeka nekoliko puta granatirana i teško oštećena","object":"crkva","time0":"1.1.1992","koor":" ","date0":"ne"},"geometry":{"type":"Point","coordinates":[18.43002676963806,43.86024624134914]}},{"type":"Feature","properties":{"desc":"Sarajevo, zgrada Mitropolije","object":"dom","subtype":"robbed","type":"damaged","time0":"1.1.1992","date0":"ne"},"geometry":{"type":"Point","coordinates":[18.425536751747128,43.85811111277209]}},{"type":"Feature","properties":{"subtype":"burned","type":"damaged","desc":"Sarajevo, zgrada Mitropolije","object":"dom","time0":"1.1.1992","date0":"ne"},"geometry":{"type":"Point","coordinates":[18.425504565238953,43.858085970404034]}},{"type":"Feature","properties":{"desc":"Sarajevo, crkva Svetog cara LAzara u izgradnji oštetili muslimani 92e godine (da li je to sada crkva Svetog Vasilija Ostroškog?)","object":"crkva","time0":"1.1.1992","koor":"ne","date0":"ne","subtype":"ruined","type":"damaged"},"geometry":{"type":"Point","coordinates":[18.359076976776123,43.825300977520826]}},{"type":"Feature","properties":{"type":"damaged","subtype":"robbed","desc":"Sarajevo, crkva Preobraženja Gospodnjeg opljačkana od strane muslimana","object":"crkva","time0":"1.1.1992","date0":"ne"},"geometry":{"type":"Point","coordinates":[18.390912115573883,43.8532971230033]}},{"type":"Feature","properties":{"type":"damaged","subtype":"ruined","desc":"Sarajevo, crkva Preobraženja Gospodnjeg oštećena od strane muslimana","object":"crkva","time0":"1.1.1992","date0":"ne"},"geometry":{"type":"Point","coordinates":[18.390932232141495,43.8532681102356]}},{"type":"Feature","properties":{"koor":"ne","date0":"ne","object":"crkva","time0":"1.1.1992","desc":"Blagaj, crkva velikomučenika Georgija sagrađena 1853, minirana i srušena do temalja od strane Hrvata i muslimana 1995 godine, parohijski dom spaljen iste godine (možda promašeno dosta u prostoru)","type":"destroyed","subtype":"mined"},"geometry":{"type":"Point","coordinates":[17.205898761749268,44.05625842772745]}},{"type":"Feature","properties":{"desc":"Blažuj, crkva Svetog Save Srpskog podignuta 1895, oštećena granatiranjem 1992","object":"crkva","time0":"1.1.1992","koor":"","date0":"ne","subtype":"mined","type":"damaged"},"geometry":{"type":"Point","coordinates":[18.274083137512207,43.8306454618328]}},{"type":"Feature","properties":{"type":"damaged","desc":"Bilješevo, crkva Svetog Jovana Krstitelja podignutu 1905 godine muslimani su spalili tokom 1992","object":"crkva","time0":"1.1.1992","koor":"","date0":"ne","subtype":"burned"},"geometry":{"type":"Point","coordinates":[17.99743741750717,44.13594332424759]}},{"type":"Feature","properties":{"type":"destroyed","subtype":"mined","desc":"Bugojno, crkva Rođenja Presvete Bogorodice sagrađena 1853 potpuno uništena od strane muslimana i hrvata","time0":"15.12.1992","object":"crkva","date0":""},"geometry":{"type":"Point","coordinates":[17.426118850708008,44.05460067774051]}},{"type":"Feature","properties":{"desc":"Bugojno, parohijski dom uništen od strane Hrvata 1992 godine","koor":"ne","date0":"ne","time0":"1.1.1992","object":"dom","subtype":"mined","type":"destroyed"},"geometry":{"type":"Point","coordinates":[17.426529228687286,44.05494186961202]}},{"type":"Feature","properties":{"type":"damaged","subtype":"ruined","desc":"Visoko, crkva Svetog velikomučenika Prokopija, znatno oštećena tokom 1992","object":"crkva","time0":"1.1.1992","date0":"ne"},"geometry":{"type":"Point","coordinates":[18.182576894760132,43.98177971693705]}},{"type":"Feature","properties":{"type":"damaged","subtype":"ruined","desc":"Visoko, crkva Svetog velikomučenika Prokopija, prekopan oltarski deo tokom 1995","object":"crkva","time0":"1.1.1995","koor":"","date0":"ne"},"geometry":{"type":"Point","coordinates":[18.182453513145447,43.981770066875704]}},{"type":"Feature","properties":{"desc":"Vitovlje, crkva Svetog Ilije zapaljena od strane muslimana","object":"crkva","time0":"1.1.1995","date0":"ne","subtype":"burned","type":"damaged"},"geometry":{"type":"Point","coordinates":[17.496301531791687,44.33197962745258]}},{"type":"Feature","properties":{"desc":"Donje Vukovsko, crkva Uspenja Presvete Bogorodice podignuta 1864 oštećena i opljačkana","object":"crkva","time0":"1.1.1995","subtype":"robbed","type":"damaged","date0":"ne"},"geometry":{"type":"Point","coordinates":[17.36211061477661,43.912741691059615]}},{"type":"Feature","properties":{"desc":"Goražde, crkva Svetog velikomučenika Georgija poznata i kao Donja Sopotnica, koju je sagradio Herceg Stjepan 1446 godine, muslimani su opljačkali i zapalili 1993","object":"crkva","time0":"1.1.1993","koor":"","date0":"ne","subtype":"burned","type":"damaged"},"geometry":{"type":"Point","coordinates":[19.001812040805817,43.68336395008893]}},{"type":"Feature","properties":{"type":"destroyed","subtype":"ruined","desc":"Goražde, srušena kapela u toku 1992 godine","object":"kapela","time0":"1.1.1992","koor":"ne","date0":"ne"},"geometry":{"type":"Point","coordinates":[19.0028715133667,43.68349584865767]}},{"type":"Feature","properties":{"desc":"Goražde, srušen parohijski dom u toku 1992 godine","object":"dom","time0":"1.1.1992","koor":"ne","date0":"ne","subtype":"ruined","type":"destroyed"},"geometry":{"type":"Point","coordinates":[18.999234437942505,43.68326696566219]}},{"type":"Feature","properties":{"desc":"Donja Zimča (Golo brdo?), crkva Začeća Svetog Jovana Krstitelja podignuta 1986 godine, spaljena i srušena 1992.","object":"crkva","time0":"1.1.1992","koor":"","date0":"ne","subtype":"mined","type":"destroyed"},"geometry":{"type":"Point","coordinates":[18.13377410173416,44.01949946344306]}},{"type":"Feature","properties":{"type":"damaged","subtype":"mined","desc":"Donji Malovan, crkva Svetog Lazara Kosovskog podignuta 1971 godine, granatirana u periodu 91-95 godine","object":"crkva","time0":"1.1.1992","koor":"","date0":"ne"},"geometry":{"type":"Point","coordinates":[17.180471420288086,43.89057073303237]}},{"type":"Feature","properties":{"desc":"Zavidovići, crkva Svetog Save Srpskog, sagrađena 1912, oštećena 1992 godine","object":"crkva","time0":"1.1.1992","koor":"","date0":"ne","subtype":"ruined","type":"damaged"},"geometry":{"type":"Point","coordinates":[18.139264583587646,44.444289838463824]}},{"type":"Feature","properties":{"type":"damaged","subtype":"burned","desc":"Čardak, crkva Svetog NIkole sagrađena 1984 spaljena od strane muslimana","object":"crkva","time0":"1.1.1992","koor":"","date0":"ne"},"geometry":{"type":"Point","coordinates":[18.18438470363617,44.38626213717311]}},{"type":"Feature","properties":{"desc":"Zenica, crkva Rođenja Presvete Bogorodice sagrađena 1886 oštećena od strane hrvatske vojske u junu i 1992","object":"crkva","time0":"1.1.1992","koor":"","date0":"ne","type":"damaged","subtype":"ruined"},"geometry":{"type":"Point","coordinates":[17.90199637413025,44.20157411350373]}},{"type":"Feature","properties":{"desc":"Zenica, crkva Rođenja Presvete Bogorodice sagrađena 1886 oštećena od strane hrvatske vojske u decembru i 1992","type":"damaged","subtype":"ruined","object":"crkva","time0":"1.1.1992","koor":"","date0":"ne"},"geometry":{"type":"Point","coordinates":[17.901960164308548,44.201593342027806]}},{"type":"Feature","properties":{"desc":"Jabuka, crkva Preobraženja Gospodnjeg, sagrađena 1937, Hrvati minirali i srušili do temelja 23.7.1992","time0":"23.7.1992","object":"crkva","date0":"","koor":"ne","subtype":"mined","type":"destroyed"},"geometry":{"type":"Point","coordinates":[18.655595183372498,43.634250385896465]}},{"type":"Feature","properties":{"type":"damaged","subtype":"ruined","desc":"Kakanj, crkva Svetih apostola Petra i Pavla, oštećena fasada i polupani prozori ","object":"crkva","time0":"1.1.1992","date0":"ne"},"geometry":{"type":"Point","coordinates":[18.117855191230774,44.128287128878846]}},{"type":"Feature","properties":{"desc":"Kiseljak, crkva Svetog proroka Ilije, podigmuta 1937, oštetili uslimani 1992 godine","object":"crkva","time0":"1.1.1992","koor":"","date0":"ne","type":"damaged","subtype":"ruined"},"geometry":{"type":"Point","coordinates":[18.075116872787476,43.944756337958175]}},{"type":"Feature","properties":{"type":"destroyed","subtype":"mined","desc":"Stog, crkva Svetog velikomučenika Georgija podignuta 1912, muslimani palili uništavali i konačno sravnili sa zemljom","object":"crkva","time0":"1.1.1995","date0":"ne"},"geometry":{"type":"Point","coordinates":[18.29451084136963,44.40974799127458]}},{"type":"Feature","properties":{"koor":"ne","date0":"ne","time0":"1.1.1995","object":"dom","desc":"Stog, parohijski dom , muslimani palili uništavali i konačno sravnili sa zemljom","type":"destroyed","subtype":"mined"},"geometry":{"type":"Point","coordinates":[18.294317722320557,44.409508485065125]}},{"type":"Feature","properties":{"koor":"ne","date0":"ne","time0":"1.1.1995","object":"dom","desc":"Stog, Svetosavski dom , muslimani palili uništavali i konačno sravnili sa zemljom","type":"destroyed","subtype":"mined"},"geometry":{"type":"Point","coordinates":[18.294827342033386,44.40943184287096]}},{"type":"Feature","properties":{"subtype":"mined","desc":"Pazarić, crkva Svetih apostola Petra i Pavla podignuta 1896 zapaljena i sravnjena sa zemljom od strane muslimana 1992 godine","object":"crkva","time0":"1.1.1992","date0":"ne","type":"destroyed"},"geometry":{"type":"Point","coordinates":[18.11967372894287,43.78622449790742]}},{"type":"Feature","properties":{"desc":"Pazarić, parohijski dom spaljen od strane muslimana tokom 1992","object":"dom","time0":"1.1.1992","koor":"ne","date0":"ne","subtype":"burned","type":"damaged"},"geometry":{"type":"Point","coordinates":[18.119209706783295,43.78640651529002]}},{"type":"Feature","properties":{"type":"destroyed","subtype":"mined","desc":"Trnovo, crkva velikomučenika Georgija iz 1886 godine, porušena od strane muslimana u julu 1992 godine","object":"crkva","time0":"1.6.1992","koor":"","date0":"ne"},"geometry":{"type":"Point","coordinates":[18.446688652038574,43.66518633013268]}},{"type":"Feature","properties":{"type":"damaged","subtype":"burned","desc":"Trnovo, parohijski dom spaljen od strane muslimana u julu 1992","object":"dom","time0":"1.6.1992","koor":"ne","date0":"ne"},"geometry":{"type":"Point","coordinates":[18.446636348962784,43.6653522233818]}},{"type":"Feature","properties":{"desc":"Ravno, crkva Svetog proroka Ilije zapaljena od strane Hrvata","object":"crkva","time0":"1.1.1995","koor":"ne","date0":"ne","type":"damaged","subtype":"burned"},"geometry":{"type":"Point","coordinates":[18.02981436252594,44.50595195453105]}},{"type":"Feature","properties":{"type":"damaged","subtype":"ruined","desc":"Turbe, crka Svetog Jovana Krstitelja, podignnuta 1970 godine teško oštetili muslimani tokom 1992","object":"crkva","time0":"1.1.1992","koor":"","date0":"ne"},"geometry":{"type":"Point","coordinates":[17.571816444396973,44.23848900476839]}},{"type":"Feature","properties":{"object":"dom","time0":"1.1.1992","koor":"ne","date0":"ne","desc":"Turbe, parohijski dom zapaljen tokom 1992 od strane muslimana","subtype":"burned","type":"damaged"},"geometry":{"type":"Point","coordinates":[17.57109761238098,44.23835064598509]}},{"type":"Feature","properties":{"type":"damaged","subtype":"mined","desc":"Hadžići, crkva Rođenja Presvete Bogorodice podignuta 1937, uništen krov sa kupolom granatiranjem tokom 1995","object":"crkva","time0":"1.1.1995","koor":"","date0":"ne"},"geometry":{"type":"Point","coordinates":[18.203077018260956,43.8218254514597]}}]}