{"type":"FeatureCollection","features":[{"id":"veFaHeV2IRsHU7oQ","type":"Feature","properties":{"identity":"yes","insertedby":"Božur Vujičić","source":"https://en.wikipedia.org/wiki/Villach","notes":"Beljak","type":"mesto","country":"Austria","dateinsert":"3.10.2019.","namenew":"Villach","namelat":"Beljak","namesrb":"Бељак"},"geometry":{"type":"Point","coordinates":[13.850411233,46.610745756]}},{"id":"gfvDacnI6Rzb3Mcg","type":"Feature","properties":{"marker-color":"#7e7e7e","marker-size":"medium","marker-symbol":"","identity":"yes","insertedby":"Božur Vujičić","type":"mesto","country":"Germany","dateinsert":"3.10.2019.","namenew":"Bautzen","namelat":"Budišin","namesrb":"Будишин"},"geometry":{"type":"Point","coordinates":[14.414854794,51.189311543]}},{"id":"YIDZJq9Czu5nZ6t6","type":"Feature","properties":{"identity":"yes","insertedby":"Božur Vujičić","type":"mesto","country":"Turkey","dateinsert":"3.10.2019.","namenew":"Istanbul","namelat":"Carigrad","namesrb":"Цариград"},"geometry":{"type":"Point","coordinates":[28.975339664,41.010390756]}},{"id":"psDlFtEnRcFJtUU7","type":"Feature","properties":{"identity":"yes","insertedby":"Božur Vujičić","source":"https://sr.wikipedia.org/sr-ec/%D0%9A%D1%81%D0%B0%D0%BD%D1%82%D0%BE%D1%81","notes":"Ksantos, Kinik","type":"mesto","country":"Turkey","dateinsert":"3.10.2019.","namenew":"Kinik","namelat":"Sirbin","namesrb":"Сибин"},"geometry":{"type":"Point","coordinates":[29.318251425,36.357189813]}},{"id":"b5lwnuJcqWblNqga","type":"Feature","properties":{"identity":"yes","insertedby":"Božur Vujičić","notes":"Peć","type":"mesto","country":"Austria","dateinsert":"3.10.2019.","namenew":"Wien","namelat":"Vindibona","namesrb":"Виндибона"},"geometry":{"type":"Point","coordinates":[16.373062133789062,48.21026091277582]}},{"id":"0nHJecsgGcQbLCJe","type":"Feature","properties":{"identity":"yes","insertedby":"Božur Vujičić","notes":"peščara","type":"mesto","country":"Italy","dateinsert":"3.10.2019.","namenew":"Pescara","namelat":"Peščara","namesrb":"Пешчара"},"geometry":{"type":"Point","coordinates":[14.224102688,42.462873691]}},{"id":"ljIe23wphMAJO3XH","type":"Feature","properties":{"identity":"yes","insertedby":"Božur Vujičić","notes":"Scutari, Scodra ","type":"mesto","country":"Albania","dateinsert":"3.10.2019.","namenew":"Shkoder","namelat":"Skadar","namesrb":"Скадар"},"geometry":{"type":"Point","coordinates":[19.499448715,42.050243693]}},{"id":"GSvMRjZ3ETMmkcsB","type":"Feature","properties":{"identity":"yes","insertedby":"Božur Vujičić","source":"","type":"mesto","country":"Hungary","dateinsert":"3.10.2019.","namenew":"Pecs","namelat":"Peć","namesrb":"Пећ"},"geometry":{"type":"Point","coordinates":[18.241285286,46.075844714]}},{"id":"2T7bGMA405vBqa11","type":"Feature","properties":{"identity":"yes","insertedby":"Božur Vujičić","source":"https://en.wikipedia.org/wiki/Naples","notes":"Neapolis, Naples","type":"mesto","country":"Italy","dateinsert":"3.10.2019.","namenew":"Napoli","namelat":"Novo polje","namesrb":"Ново поље"},"geometry":{"type":"Point","coordinates":[14.236256868,40.848351277]}},{"id":"dj6fjLwtrLArQaP8","type":"Feature","properties":{"identity":"yes","insertedby":"Božur Vujičić","source":"","notes":"Trst","type":"mesto","country":"Italy","dateinsert":"3.10.2019.","namenew":"Trieste","namelat":"Tersteno","namesrb":"Терстено"},"geometry":{"type":"Point","coordinates":[13.776095222,45.660905575]}},{"id":"JL7S04fz4ZU40izb","type":"Feature","properties":{"identity":"yes","insertedby":"Božur Vujičić","type":"mesto","country":"Russia","dateinsert":"3.10.2019.","namenew":"Sankt Peterburg","namelat":"Petrovgrad","namesrb":"Петровград"},"geometry":{"type":"Point","coordinates":[30.327956055,59.935731127]}},{"id":"1Lt4AZCHITOzg7Rd","type":"Feature","properties":{"identity":"yes","insertedby":"Božur Vujičić","notes":"","type":"mesto","country":"Greece","dateinsert":"3.10.2019.","namenew":"Γρεβενά","namelat":"Greben","namesrb":"Гребен"},"geometry":{"type":"Point","coordinates":[21.431671868,40.080194373]}},{"id":"xPPvLDbSNzqiVNK6","type":"Feature","properties":{"identity":"yes","insertedby":"Božur Vujičić","notes":"","type":"rijeka","country":"Germany","dateinsert":"3.10.2019.","namenew":"Elba","namelat":"Laba","namesrb":"Лаба"},"geometry":{"type":"LineString","coordinates":[[8.886450993,53.886262782],[9.295691716,53.865212978],[9.551123845,53.645991988],[9.740638005,53.538400529],[10.001563298,53.5286059],[10.215796697,53.379776115],[10.732154118,53.34535668],[11.078223454,53.144845788],[11.58634113,53.03102583],[11.987342107,52.868850748],[12.006568181,52.592757089],[11.899451482,52.345125201],[11.687964665,52.153430901],[11.773108708,52.016723362],[12.124671208,51.866030676],[12.591590154,51.867726665],[12.797583806,51.755654189],[13.028296697,51.563125025],[13.407325017,51.206593844],[13.692969548,51.05319037],[13.940161931,50.954675406],[14.225806462,50.888882505],[14.198340642,50.740508164],[14.078864323,50.603866165],[14.168128239,50.531467905],[14.444159734,50.391590953],[14.720191228,50.166926799],[15.055274236,50.180119964],[15.248908269,50.01008971],[15.409583318,50.043614878]]}},{"id":"HUPuiLfBb4EJ7hKe","type":"Feature","properties":{"insertedby":"Božur Vujičić","notes":"Tamiš + var, grad na Tamišu","type":"mesto","country":"Romania","identity":"yes","dateinsert":"3.10.2019.","namenew":"Timisoara","namelat":"Tamišvar","namesrb":"Тамишвар"},"geometry":{"type":"Point","coordinates":[21.229175916,45.756869201,0]}},{"id":"dScsoR6oIKZSOwKx","type":"Feature","properties":{"insertedby":"Božur Vujičić","source":"https://en.wikipedia.org/wiki/Villach","notes":"","type":"mesto","country":"Austria","identity":"yes","dateinsert":"3.10.2019.","namenew":"Vognje Polje","namelat":"Vognje Polje","namesrb":"Вогње поље"},"geometry":{"type":"Point","coordinates":[13.940157069,46.592120419,0]}},{"id":"E8EQHbjTtCkkSQkK","type":"Feature","properties":{"insertedby":"Božur Vujičić","source":"","notes":"Gradec tj Grac ne znači ništa na nemačkom","type":"mesto","country":"Austria","identity":"yes","dateinsert":"3.10.2019.","namenew":"Graz","namelat":"Gradec","namesrb":"Градец"},"geometry":{"type":"Point","coordinates":[15.43543019,47.070579041,0]}},{"id":"8rnduN2DZu0xh4NN","type":"Feature","properties":{"insertedby":"Božur Vujičić","source":"https://en.wikipedia.org/wiki/Klagenfurt","notes":"Celovec","type":"mesto","country":"Austria","identity":"yes","dateto":"1.1.1615.","dateinsert":"3.10.2019.","namenew":"Klagenfurth","namelat":"Celovec","namesrb":"Целовец"},"geometry":{"type":"Point","coordinates":[14.307796836,46.625042655,0]}},{"id":"NoesXxcwv2HsycJS","type":"Feature","properties":{"insertedby":"Božur Vujičić","notes":"Varoš, Vareš","type":"mesto","country":"Italy","identity":"yes","dateinsert":"3.10.2019.","namenew":"Varese","namelat":"Vareš","namesrb":"Вареш"},"geometry":{"type":"Point","coordinates":[8.824681122,45.820095619,0]}},{"id":"oPQOWbc9QA3iWLrk","type":"Feature","properties":{"insertedby":"Božur Vujičić","notes":"Jedrene, Adrianopolje,, Edirne","type":"mesto","country":"Turkey","identity":"yes","dateinsert":"3.10.2019.","namenew":"Edirne","namelat":"Jadar polje","namesrb":"Јадар поље"},"geometry":{"type":"Point","coordinates":[26.555686725,41.677059492,0]}},{"id":"bJFSGHt5C7IItOiV","type":"Feature","properties":{"insertedby":"Božur Vujičić","type":"mesto","country":"Hungary","identity":"yes","dateinsert":"3.10.2019.","namenew":"Pecsvarad","namelat":"Pečvarad","namesrb":"Печварад"},"geometry":{"type":"Point","coordinates":[18.407913069,46.160425504,0]}},{"id":"SXLFUiIi8feUSDWn","type":"Feature","properties":{"insertedby":"Božur Vujičić","source":"","notes":"","type":"mesto","country":"Italy","identity":"yes","dateinsert":"3.10.2019.","namenew":"Biella","namelat":"Bijela","namesrb":"Бијела"},"geometry":{"type":"Point","coordinates":[8.056768699,45.569833122,0]}},{"id":"f5cv8I9FegrTRQva","type":"Feature","properties":{"insertedby":"Božur Vujičić","notes":"mala šuma/brdo","type":"mesto","country":"Italy","identity":"yes","dateinsert":"3.10.2019.","namenew":"Gorizia","namelat":"Gorica","namesrb":"Горица"},"geometry":{"type":"Point","coordinates":[13.611021185,45.937305783,0]}},{"id":"YPXtrBGbKNGsGxN4","type":"Feature","properties":{"insertedby":"Božur Vujičić","source":"","notes":"","type":"mesto","country":"Romania","identity":"yes","dateinsert":"3.10.2019.","namenew":"Arad","namelat":"Varad","namesrb":"Варад"},"geometry":{"type":"Point","coordinates":[21.332000154,46.172928562,0]}},{"id":"fLwUP38UbGrXrBrf","type":"Feature","properties":{"insertedby":"Božur Vujičić","source":"https://sh.wikipedia.org/wiki/Tomislavgrad","notes":"Delminium, Dalma, Duvno","type":"oblast","country":"Bosnia and Herzegovina","identity":"yes","dateinsert":"3.10.2019.","namenew":"Tomislavgrad","namelat":"Dlmno","namesrb":"Длмно"},"geometry":{"type":"Point","coordinates":[17.22615519,43.717557973,0]}},{"id":"feMPRQmo1jAdwPw7","type":"Feature","properties":{"insertedby":"Božur Vujičić","notes":"Brljin","type":"mesto","country":"Germany","identity":"yes","dateinsert":"3.10.2019.","namenew":"Berlin","namelat":"Brlin","namesrb":"Брлин"},"geometry":{"type":"Point","coordinates":[13.405123939,52.519705518,0]}},{"id":"m67tnFQK3Q1f35EM","type":"Feature","properties":{"insertedby":"Božur Vujičić","notes":"","type":"mesto","country":"Italy","identity":"yes","dateinsert":"3.10.2019.","namenew":"Gallipoli","namelat":"Galipolje","namesrb":"Галипоље"},"geometry":{"type":"Point","coordinates":[17.998645097,40.059409503,0]}},{"id":"0MofXAfTsioZfbmB","type":"Feature","properties":{"insertedby":"Božur Vujičić","notes":"https://sr.wikipedia.org/sr-ec/%D0%9B%D0%B0%D1%98%D0%BF%D1%86%D0%B8%D0%B3","type":"mesto","country":"Germany","identity":"yes","dateinsert":"3.10.2019.","namenew":"Leipzig","namelat":"Lipsk","namesrb":"Липск"},"geometry":{"type":"Point","coordinates":[12.375508386,51.34239081,0]}},{"id":"izvNQax8aVfWPGBr","type":"Feature","properties":{"insertedby":"Božur Vujičić","notes":"venetska zemlja","type":"mesto","country":"Italy","identity":"yes","dateinsert":"3.10.2019.","namenew":"Venice","namelat":"Venetija","namesrb":"Венетија"},"geometry":{"type":"Point","coordinates":[12.325985571,45.44075599,0]}},{"id":"ug8O2OaYHBNsP2lS","type":"Feature","properties":{"insertedby":"Božur Vujičić","notes":"","type":"jezero","country":"Hungary","identity":"yes","dateinsert":"3.10.2019.","namenew":"Balaton","namelat":"Blatno","namesrb":"Блатно"},"geometry":{"type":"MultiPolygon","coordinates":[[[[17.260968741,46.766415621,0],[17.249295768,46.755596841,0],[17.244489249,46.727834385,0],[17.260968741,46.707120873,0],[17.328260001,46.715595543,0],[17.374951896,46.703353926,0],[17.443616446,46.708062569,0],[17.53013378,46.730658338,0],[17.55622631,46.750421874,0],[17.59742504,46.759830536,0],[17.655103263,46.782404621,0],[17.722394523,46.790867464,0],[17.797925528,46.820946796,0],[17.900922355,46.854765942,0],[17.983319816,46.88762526,0],[18.143994864,46.934532248,0],[18.163220939,46.969216989,0],[18.167340812,47.009498043,0],[18.036878165,47.057233895,0],[18.03001171,47.030095216,0],[18.012158927,47.022606254,0],[17.968213614,46.970154103,0],[17.939374503,46.972965345,0],[17.861096915,46.928905577,0],[17.896802482,46.910145738,0],[17.888562736,46.884809536,0],[17.839124259,46.914836313,0],[17.762219962,46.881993663,0],[17.688062247,46.871667533,0],[17.593305167,46.821886505,0],[17.567212638,46.806849204,0],[17.527387198,46.806849204,0],[17.494428214,46.787106365,0],[17.46146923,46.791807698,0],[17.449109611,46.781464223,0],[17.420270499,46.7946283,0],[17.390058097,46.790867464,0],[17.341992911,46.750421874,0],[17.260968741,46.766415621,0]]]]}},{"id":"8pFniECFDqrsmd63","type":"Feature","properties":{"insertedby":"Božur Vujičić","notes":"","type":"oblast","country":"Romania","identity":"yes","dateinsert":"3.10.2019.","namenew":"Valahia","namelat":"Vlaška","namesrb":"Влашка"},"geometry":{"type":"MultiPolygon","coordinates":[[[[22.289001259,44.656621194,0],[22.530700478,44.468759682,0],[22.57464579,44.012256891,0],[22.970153603,43.52035534,0],[24.420348915,43.472537325,0],[26.288024697,43.472537325,0],[28.089782509,43.949013044,0],[26.288024697,45.170112196,0],[25.277282509,45.014993377,0],[24.222595009,45.108115226,0],[23.189880165,45.030524218,0],[22.289001259,44.656621194,0]]]]}},{"id":"yQu39E6PiLuvJHg5","type":"Feature","properties":{"insertedby":"Božur Vujičić","notes":"biti, stražiti nad pešterom","type":"mesto","country":"Hungary","identity":"yes","dateinsert":"3.10.2019.","namenew":"Budapest","namelat":"Bdim peštera","namesrb":"Бдим пештера"},"geometry":{"type":"Point","coordinates":[19.058495338,47.476486843,0]}},{"id":"XnkynyvmtgIqFlx6","type":"Feature","properties":{"insertedby":"Božur Vujičić","source":"https://en.wikipedia.org/wiki/Bagni_di_Lucca","notes":"plodno mesto gde rijeka savijapogodno za kupanje","type":"mesto","country":"Italy","identity":"yes","dateinsert":"3.10.2019.","namenew":"Bagni di Lucca","namelat":"Banja Luka","namesrb":"Бања Лука"},"geometry":{"type":"Point","coordinates":[10.583813359,44.008598928,0]}},{"id":"6LgPNqHkfp7lhhV0","type":"Feature","properties":{"insertedby":"Božur Vujičić","type":"mesto","country":"Serbia","identity":"yes","dateinsert":"3.10.2019.","namenew":"Ferizaj","namelat":"Uroševac","namesrb":"Урошевац"},"geometry":{"type":"Point","coordinates":[21.151704056,42.369974115,0]}},{"id":"mJ2gFJbnghwZdoL6","type":"Feature","properties":{"insertedby":"Božur Vujičić","notes":"","type":"mesto","country":"Germany","identity":"yes","dateinsert":"3.10.2019.","namenew":"Dresden","namelat":"Drježdan","namesrb":"Дрјеждан"},"geometry":{"type":"Point","coordinates":[13.741839778,51.058234394,0]}},{"id":"HLrgthAaU0S0gpVO","type":"Feature","properties":{"insertedby":"Božur Vujičić","notes":"","type":"mesto","country":"Turkey","identity":"yes","dateinsert":"3.10.2019.","namenew":"Gelibolu","namelat":"Galipolje","namesrb":"Галипоље"},"geometry":{"type":"Point","coordinates":[26.670329513,40.414099649,0]}},{"id":"g1PsRRGI7pjO0z4K","type":"Feature","properties":{"insertedby":"Božur Vujičić","notes":"isturena zemlja","type":"oblast","country":"Croatia","identity":"yes","dateinsert":"3.10.2019.","namenew":"Istra","namelat":"Ister","namesrb":"Истер"},"geometry":{"type":"MultiPolygon","coordinates":[[[[14.386021641,45.366511019,0],[13.814732578,45.589909147,0],[13.551060703,45.505276188,0],[13.540074375,45.188703378,0],[13.858677891,44.815831769,0],[14.166295078,45.010338555,0],[14.243199375,45.304728078,0],[14.386021641,45.366511019,0]]]]}},{"id":"53Y7zv1v5bBUkyWL","type":"Feature","properties":{"insertedby":"Božur Vujičić","source":"https://www.visitbergamo.net/en/news/item/145/","notes":"Breg hlm, mesto za život na bregu","type":"mesto","country":"Italy","identity":"yes","dateinsert":"3.10.2019.","namenew":"Bergamo","namenewlocal":"","namelat":"Breg","namesrb":"Брег"},"geometry":{"type":"Point","coordinates":[9.662345127,45.703186646,0]}},{"id":"Gbv2HlENBNaHYx1Q","type":"Feature","properties":{"insertedby":"Božur Vujičić","notes":"Tuz turski Sol","type":"mesto","country":"Bosnia and Herzegovina","identity":"yes","dateinsert":"3.10.2019.","namenew":"Tuzla","namelat":"Soli","namesrb":"Соли"},"geometry":{"type":"Point","coordinates":[18.67136127,44.538527688,0]}},{"id":"U8oKBzznx87gznQY","type":"Feature","properties":{"insertedby":"Božur Vujičić","notes":"","type":"planina","country":"Serbia","source":"","identity":"no","dateinsert":"3.10.2019.","namenew":"Prokletije","namelat":"Trojanske planine","namesrb":"Тројанске планине"},"geometry":{"type":"MultiPolygon","coordinates":[[[[19.730456185,42.602914908,0],[19.702303719,42.596849643,0],[19.582140755,42.566514465,0],[19.532702279,42.389772294,0],[19.767535042,42.37455626,0],[20.112231087,42.427289412,0],[20.174715828,42.524020421,0],[20.078585457,42.616054289,0],[19.892504525,42.62262294,0],[19.867785286,42.621107159,0],[19.730456185,42.602914908,0]]]]}},{"id":"97lirPRqhKSEj3PT","type":"Feature","properties":{"insertedby":"Božur Vujičić","notes":"tal. Zante, Zakintos","type":"ostrvo","country":"Greece","identity":"yes","dateinsert":"3.10.2019.","namenew":"Ζακύνθου","namelat":"Zaton","namesrb":"Затон"},"geometry":{"type":"MultiPolygon","coordinates":[[[[20.715098196,37.917772925,0],[20.632700735,37.874424947,0],[20.671152883,37.744227918,0],[20.824961477,37.631204898,0],[20.835947805,37.69208485,0],[20.907358938,37.726850973,0],[21.006235891,37.713815588,0],[20.802988821,37.835389944,0],[20.715098196,37.917772925,0]]]]}},{"id":"4963JMqZ8xuxQ9OV","type":"Feature","properties":{"insertedby":"Božur Vujičić","source":"https://en.wikipedia.org/wiki/Leibnitz","notes":"nisu dobre koordinate","type":"mesto","country":"Austria","identity":"yes","dateinsert":"3.10.2019.","namenew":"Leibnitz","namelat":"Lipnica","namesrb":"Липница"},"geometry":{"type":"Point","coordinates":[15.537454952,46.763602198,0]}},{"id":"VVVPLi8vN21sKnh2","type":"Feature","properties":{"insertedby":"Božur Vujičić","country":"Romania","type":"mesto","identity":"yes","dateinsert":"3.10.2019.","namenew":"Toplița","namelat":"Toplica","namesrb":"Топлица"},"geometry":{"type":"Point","coordinates":[25.354335825,46.928663309,0]}},{"id":"vsd7KSVs7a7PJlJe","type":"Feature","properties":{"insertedby":"Božur Vujičić","notes":"rijeka Brza ->Barsa ->Barsov","type":"mesto","country":"Romania","identity":"yes","dateinsert":"3.10.2019.","namenew":"Brașov","namelat":"Brza","namesrb":"Брза"},"geometry":{"type":"Point","coordinates":[25.610469366,45.654622824,0]}},{"id":"wsYJcuWfvMtj09Zp","type":"Feature","properties":{"insertedby":"Božur Vujičić","source":"https://en.wikipedia.org/wiki/Lugano","notes":"šuma","type":"mesto","country":"Switzerland","identity":"yes","dateinsert":"3.10.2019.","namenew":"Lugano","namelat":"Luga","namesrb":"Луга"},"geometry":{"type":"Point","coordinates":[8.946109719,46.01276111,0]}},{"id":"UMaTLuJtaf57c0m1","type":"Feature","properties":{"insertedby":"Božur Vujičić","source":"https://en.wikipedia.org/wiki/Ravenna","notes":"ravno mesto","type":"mesto","country":"Italy","identity":"yes","dateinsert":"3.10.2019.","namenew":"Ravenna","namelat":"Ravna","namesrb":"Равна"},"geometry":{"type":"Point","coordinates":[12.077905073,44.366003489,0]}},{"id":"DP2AB0EVdrRk8DBC","type":"Feature","properties":{"insertedby":"Božur Vujičić","notes":"pad","type":"rijeka","country":"Italy","identity":"yes","dateinsert":"3.10.2019.","namenew":"Po","namelat":"Pad","namesrb":"Пад"},"geometry":{"type":"LineString","coordinates":[[12.551588721,44.956113862,0],[12.274183936,44.950282724,0],[12.23847837,45.004683635,0],[12.051710792,45.02215868,0],[12.054457374,44.971660666,0],[11.755079932,44.94833888,0],[11.598524756,44.888047057,0],[11.425490088,44.93084132,0],[11.271681495,45.0260413,0],[11.032728858,45.047391,0],[10.755324073,45.043509829,0],[10.65644712,45.035746696,0],[10.623488135,44.921118149,0],[10.48066587,44.925007615,0],[10.109877295,45.020217272,0],[9.983534522,45.128834765,0],[9.848952002,45.093944514,0],[9.434218116,45.099761037,0],[9.198012061,45.146271892,0],[8.95356626,45.072612193,0],[8.673414893,44.994972972,0],[8.530592627,45.196615863,0],[7.89887876,45.173385714,0],[7.714857764,45.07649139,0]]}},{"id":"bkLfMzZFCmnItB6v","type":"Feature","properties":{"insertedby":"Božur Vujičić","source":"https://en.wikipedia.org/wiki/Oradea","notes":"utvrda na brdu","type":"mesto","country":"Romania","identity":"yes","dateinsert":"3.10.2019.","namenew":"Oradea","namelat":"Varadin","namesrb":"Варадин"},"geometry":{"type":"Point","coordinates":[21.940334905,47.052061757,0]}},{"id":"BPytiGi3Gmsn2u6t","type":"Feature","properties":{"insertedby":"Božur Vujičić","notes":"utvrda Geta","country":"Romania","type":"mesto","identity":"yes","dateinsert":"3.10.2019.","namenew":"Sighișoara","namelat":"Segetvar","namesrb":"Сигетвар"},"geometry":{"type":"Point","coordinates":[24.789677974,46.215629485,0]}},{"id":"5TOrwSwhXSgCjFW3","type":"Feature","properties":{"insertedby":"Božur Vujičić","notes":"crvena","type":"mesto","country":"Romania","identity":"yes","dateinsert":"3.10.2019.","namenew":"Râșnov","namelat":"Rusna","namesrb":"Русна"},"geometry":{"type":"Point","coordinates":[25.477526741,45.587747655,0]}},{"type":"Feature","properties":{"source":"https://en.wikipedia.org/wiki/L%C3%BCbeck","type":"mesto","notes":"","insertedby":"Božur Vujičić","country":"Germany","identity":"yes","dateinsert":"4.10.2019.","namenew":"Lübeck","namelat":"Liubica","namesrb":"Љубица"},"geometry":{"type":"Point","coordinates":[10.686607360839844,53.866700200286715]}},{"type":"Feature","properties":{"notes":"Treva (Ptolomy)","insertedby":"Božur Vujičić","country":"Germany","type":"mesto","source":"https://en.wikipedia.org/wiki/Hamburg","identity":"yes","dateinsert":"4.10.2019.","namenew":"Hamburg","namelat":"Hlm breg","namesrb":"Хлм брег"},"geometry":{"type":"Point","coordinates":[10.012664794921875,53.51336792143507]}},{"type":"Feature","properties":{"country":"Greece","type":"more","source":"https://sr.wikipedia.org/sr-ec/%D0%95%D0%B3%D0%B5%D1%98%D1%81%D0%BA%D0%BE_%D0%BC%D0%BE%D1%80%D0%B5","notes":"Egejsko more","insertedby":"Božur Vujičić","identity":"yes","dateinsert":"4.10.2019.","namenew":"Αιγαίο","namelat":"Belo","namesrb":"Бело"},"geometry":{"type":"Polygon","coordinates":[[[26.169433593749996,40.04443758460856],[26.21337890625,40.3130432088809],[26.553955078125,40.51379915504413],[26.1474609375,40.588928169693745],[25.982666015625,40.84706035607122],[25.13671875,40.95501133048621],[24.840087890624996,40.84706035607122],[24.477539062499996,40.88860081193033],[24.136962890625,40.70562793820589],[23.90625,40.59727063442024],[24.43359375,40.17047886718109],[24.312744140625,40.094882122321145],[23.84033203125,40.34654412118006],[23.719482421875,40.287906612507406],[24.0380859375,40.094882122321145],[24.005126953125,39.918162846609455],[23.84033203125,39.95185892663005],[23.675537109375,40.212440718286466],[23.40087890625,40.25437660372649],[23.40087890625,40.12849105685408],[23.66455078125,39.99395569397331],[23.73046875,39.8928799002948],[23.37890625,39.93501296038254],[23.291015625,40.17887331434696],[22.862548828125,40.43022363450862],[22.686767578125,40.47202439692057],[22.664794921874996,40.32141999593439],[22.67578125,39.9602803542957],[22.928466796875,39.65645604812829],[23.389892578124996,39.20671884491848],[23.269042968749996,39.0533181067413],[23.7744140625,38.676933444637925],[24.2138671875,38.64261790634527],[24.27978515625,38.1777509666256],[24.63134765625,38.16911413556086],[24.58740234375,37.95286091815649],[24.158935546875,38.048091067457236],[24.027099609375,37.60552821745789],[23.521728515625,37.814123701604466],[23.18115234375,37.67512527892127],[23.53271484375,37.413800350662896],[23.104248046875,37.33522435930639],[22.763671875,37.49229399862877],[23.18115234375,36.474306755095235],[27.685546874999996,36.16005298551354],[27.344970703125,36.69044623523481],[28.026123046875,36.901587303978474],[27.2515869140625,36.98500309285596],[27.301025390625,37.142803443716836],[27.4658203125,37.17782559332976],[27.2625732421875,37.33522435930639],[27.158203125,37.400710068740565],[27.1527099609375,37.58376576718623],[26.982421875,37.69251435532741],[27.2406005859375,37.76202988573211],[27.169189453124996,37.97884504049713],[26.861572265625,38.017803980061124],[26.74072265625,38.19502155795575],[26.641845703125,38.182068998322094],[26.619873046875,38.06971703320484],[26.21337890625,38.28131307922966],[26.34521484375,38.638327308061875],[26.4385986328125,38.70694605159386],[26.7022705078125,38.41916639395372],[26.9769287109375,38.41055825094609],[26.6912841796875,38.736946065676],[26.9659423828125,38.839707613545144],[26.806640624999996,38.96368010198575],[26.8121337890625,39.031986028740086],[26.746215820312496,39.18969082109678],[26.592407226562496,39.27053717095511],[26.91650390625,39.554883059924016],[26.070556640625,39.46164364205549],[26.169433593749996,40.04443758460856]]]}},{"type":"Feature","properties":{"identity":"yes","notes":"Gradac","type":"mesto","country":"Serbia","insertedby":"Božur Vujičić","dateinsert":"4.10.2109.","namenew":"Čačak","namenewlocal":"","namelat":"Gradac","namesrb":"Градац"},"geometry":{"type":"Point","coordinates":[20.348567962646484,43.893129936601724]}},{"type":"Feature","properties":{"identity":"no","notes":"Karanovac","type":"mesto","insertedby":"Božur Vujičić","country":"Serbia","dateinsert":"4.10.2109.","namenew":"Kraljevo","namelat":"Rudo polje","namesrb":"Рудо поље"},"geometry":{"type":"Point","coordinates":[20.686912536621094,43.724529370774434]}},{"type":"Feature","properties":{"country":"Montenegro","insertedby":"Božur Vujičić","notes":"Podgorica","type":"mesto","identity":"no","dateinsert":"4.10.2109.","namenew":"Podgorica","namelat":"Ribnica","namesrb":"Рибница"},"geometry":{"type":"Point","coordinates":[19.25907611846924,42.4359368863858]}},{"type":"Feature","properties":{"identity":"yes","notes":"put za Carigrad","type":"mesto","country":"Serbia","insertedby":"Božur Vujičić","dateinsert":"4.10.2109.","namenew":"Dimitrovgrad","namelat":"Caribrod","namesrb":"Цариброд"},"geometry":{"type":"Point","coordinates":[22.776825428009033,43.01556776176427]}},{"type":"Feature","properties":{"identity":"no","type":"mesto","country":"Serbia","insertedby":"Božur Vujičić","dateinsert":"4.10.2109.","namenew":"Obrenovac","namelat":"Palež","namesrb":"Палеж"},"geometry":{"type":"Point","coordinates":[20.206217765808102,44.6554358961747]}},{"type":"Feature","properties":{"type":"mesto","identity":"no","country":"Serbia","insertedby":"Božur Vujičić","dateinsert":"4.10.2109.","namenew":"Apatin","namenewlocal":"","namelat":"Opatija","namesrb":"Опатија"},"geometry":{"type":"Point","coordinates":[18.97510528564453,45.67056427639407]}},{"type":"Feature","properties":{"identity":"no","notes":"Singidunum","type":"mesto","country":"Serbia","insertedby":"Božur Vujičić","dateinsert":"4.10.2109.","namenew":"Beograd","namelat":"Sigetdin","namesrb":"Сигетдин"},"geometry":{"type":"Point","coordinates":[20.45551300048828,44.821055555099875]}},{"type":"Feature","properties":{"identity":"yes","country":"Albania","type":"mesto","insertedby":"Božur Vujičić","dateinsert":"4.10.2109.","namenew":"Durrës","namelat":"Drač","namesrb":"Драч"},"geometry":{"type":"Point","coordinates":[19.445886611938477,41.32075163040873]}},{"type":"Feature","properties":{"notes":"Segedin, getska utvrda ","identity":"yes","country":"Hungary","type":"mesto","insertedby":"Božur Vujičić","dateinsert":"4.10.2109.","namenew":"Szeged","namelat":"Siget","namesrb":"Сигет"},"geometry":{"type":"Point","coordinates":[20.151071548461914,46.25365094608467]}},{"type":"Feature","properties":{"source":"https://en.wikipedia.org/wiki/Gy%C5%91r","identity":"yes","country":"Hungary","type":"mesto","insertedby":"Božur Vujičić","dateinsert":"4.10.2109.","namenew":"Győr","namelat":"Rab","namesrb":"Раб"},"geometry":{"type":"Point","coordinates":[17.630181312561035,47.689312506350575]}},{"type":"Feature","properties":{"identity":"yes","country":"Hungary","type":"mesto","insertedby":"Božur Vujičić","dateinsert":"4.10.2109.","namenew":"Sziget","namelat":"Siget","namesrb":"Сигет"},"geometry":{"type":"Point","coordinates":[17.62069702148437,47.690121377630035]}},{"type":"Feature","properties":{"identity":"yes","country":"Greece","type":"oblast","insertedby":"Božur Vujičić","dateinsert":"4.10.2109.","namenew":"Pelopones","namelat":"Moreja","namesrb":"Мореја"},"geometry":{"type":"Polygon","coordinates":[[[23.1866455078125,36.4477991295848],[23.0438232421875,36.71687068791304],[23.09326171875,36.778492404594154],[22.884521484375,37.3002752813443],[22.7142333984375,37.55764242679522],[23.1207275390625,37.45741810262938],[23.054809570312496,37.330856613297144],[23.148193359374996,37.278423856453706],[23.2855224609375,37.374522644077246],[23.565673828125,37.39634613318923],[23.5382080078125,37.53586597792038],[23.3843994140625,37.65773212628272],[23.13720703125,37.84015683604136],[21.9781494140625,38.3287297527893],[21.807861328125,38.33734763569314],[21.676025390625,38.21660403859855],[21.533203125,38.156156969924915],[21.37939453125,38.212288054388175],[21.181640624999996,37.931200459333716],[21.104736328125,37.94852933714952],[21.07177734375,37.84015683604136],[21.324462890625,37.74465712069939],[21.3079833984375,37.61423141542417],[21.4068603515625,37.63163475580643],[21.708984375,37.32648861334206],[21.5277099609375,37.155938651244625],[21.6925048828125,36.923547681089296],[21.665039062499996,36.82247761166621],[21.8682861328125,36.73448194195683],[21.97265625,36.796089518731506],[21.939697265625,37.00255267215955],[22.137451171875,37.01571219880126],[22.137451171875,36.910372213522535],[22.2198486328125,36.8708321556463],[22.357177734375,36.53170884914869],[22.43408203125,36.421282443649496],[22.5054931640625,36.363798554158635],[22.5054931640625,36.61552763134925],[22.598876953125,36.778492404594154],[22.7801513671875,36.78289206199065],[22.96142578125,36.491973470593685],[23.054809570312496,36.491973470593685],[23.1317138671875,36.40802070382984],[23.192138671875,36.42570252039198],[23.1866455078125,36.4477991295848]]]}},{"type":"Feature","properties":{"insertedby":"Božur Vujičić","identity":"yes","type":"mesto","country":"Hungary","dateinsert":"4.10.2109.","namenew":"Szigetvár","namelat":"Siget","namesrb":"Сигет"},"geometry":{"type":"Point","coordinates":[17.79682159423828,46.050807739169095]}},{"type":"Feature","properties":{"identity":"yes","type":"mesto","notes":"","source":"https://en.wikipedia.org/wiki/T%C3%A2rgovi%C8%99te","country":"Romania","dateinsert":"4.10.2109.","namenew":"Târgovişte","namelat":"Trgovište","insertedby":"Božur Vujičić","namesrb":"Трговиште"},"geometry":{"type":"Point","coordinates":[25.461244583129883,44.926343758896294]}},{"type":"Feature","properties":{"identity":"yes","type":"mesto","country":"Romania","dateinsert":"4.10.2109.","namenew":"Sibiu","namelat":"Sibinj","insertedby":"Božur Vujičić","namesrb":"Сибињ"},"geometry":{"type":"Point","coordinates":[24.15189743041992,45.797361682608]}},{"type":"Feature","properties":{"identity":"yes","insertedby":"Božur Vujičić","source":"https://en.wikipedia.org/wiki/Haliacmon","type":"reka","country":"Greece","namenewlocal":"Αλιάκμονας","namelat":"Bistrica","namesrb":"Бистрица","dateinsert":"7.10.2109.","namenew":"Haliacmon","dateto":""},"geometry":{"type":"LineString","coordinates":[[20.836257934570312,40.391011807973285],[20.874710083007812,40.40983633607083],[20.866127014160156,40.44381173426701],[20.905609130859375,40.457397087754444],[21.01203918457031,40.39231923694332],[21.0498046875,40.39807162285346],[21.086883544921875,40.41584861765072],[21.14593505859375,40.479336856947604],[21.215286254882812,40.50153051763842],[21.262664794921875,40.46079299699701],[21.241378784179688,40.44929845762177],[21.255111694335938,40.43675671753991],[21.324806213378906,40.4166327886885],[21.33956909179687,40.41820110334611],[21.559295654296875,40.16418235037417],[21.505050659179688,40.118515137824204],[21.575088500976562,40.04443758460856],[21.556549072265625,40.02551125229787],[21.60736083984375,39.97606773596748],[21.635513305664062,39.95975404544819],[21.720657348632812,39.96291183776863],[21.815414428710938,40.006579667838636],[21.787948608398438,40.09067983779908],[21.853866577148438,40.12481588857424],[22.09951400756836,40.30204709875983],[22.101058959960938,40.31880236161984],[22.126808166503906,40.331496940470096],[22.147579193115234,40.34929150484991],[22.15066909790039,40.36747374615593],[22.19186782836914,40.39375737949246],[22.189464569091797,40.404477110599004],[22.208003997802734,40.434796859277725],[22.24233627319336,40.47202439692057],[22.265682220458984,40.499703081749566],[22.294521331787106,40.51340763745765],[22.321300506591797,40.52058509664245],[22.327823638916016,40.53219790284562],[22.342071533203125,40.53011035569975],[22.345504760742188,40.53676418550201],[22.3406982421875,40.54720023441049],[22.405586242675778,40.563503305734514],[22.41983413696289,40.58449581195546],[22.473392486572266,40.58280100930842],[22.50772476196289,40.558808428207605],[22.518367767333984,40.54446092895438],[22.54669189453125,40.54341735454887],[22.553043365478516,40.54941768533954],[22.585487365722656,40.54159106021584],[22.601795196533203,40.53493770978277],[22.652435302734375,40.46967379420939]]}},{"type":"Feature","properties":{"insertedby":"Božur Vujičić","type":"mesto","notes":"Antska tvrđava","country":"Italy","identity":"yes","namesrb":"Антивар","namelat":"Antivar","dateinsert":"7.10.2109.","namenewlocal":"","namenew":"Bari"},"geometry":{"type":"Point","coordinates":[16.866567134857178,41.12850414323882]}},{"type":"Feature","properties":{"identity":"yes","insertedby":"Božur Vujičić","type":"mesto","notes":"lipe","country":"Italy","namesrb":"Липар","namelat":"Lipar","dateinsert":"7.10.2109.","namenew":"Lipari"},"geometry":{"type":"Point","coordinates":[14.956233501434324,38.46793769611061]}},{"type":"Feature","properties":{"namesrb":"Вардар","type":"reka","country":"Greece","notes":"vodena prepreka","insertedby":"Božur Vujičić","dateinsert":"7.10.2109.","namenew":"Aksios","namenewlocal":"Αξιός","namelat":"Vardar","identity":"yes"},"geometry":{"type":"LineString","coordinates":[[22.5384521484375,41.126952506008436],[22.54119873046875,41.08193906631372],[22.525405883789062,41.054501963290505],[22.56317138671875,41.03171529379291],[22.554931640625,40.994929259285605],[22.614669799804688,40.92544613787744],[22.606430053710934,40.90676656647375],[22.631835937499996,40.86991083161536],[22.644882202148438,40.79925662005228],[22.636642456054688,40.76650157923057],[22.65655517578125,40.73112880602221],[22.69397735595703,40.6920928987952],[22.692260742187496,40.676211751311484],[22.716293334960938,40.587103116788455],[22.712860107421875,40.50883976336899]]}},{"type":"Feature","properties":{"namelat":"Terme","namesrb":"Терме","namenew":"Termi","namenewlocal":"Θέρμη","dateinsert":"7.10.2109.","country":"Greece","type":"mesto","insertedby":"Božur Vujičić","identity":"yes"},"geometry":{"type":"Point","coordinates":[23.01910400390625,40.547526334740084]}},{"type":"Feature","properties":{"namenew":"Thessaloníki","namenewlocal":"Θεσσαλονίκη","namelat":"Slanik","namesrb":"Сланик","dateinsert":"7.10.2109.","identity":"yes","type":"mesto","country":"Greece","insertedby":"Božur Vujičić","source":""},"geometry":{"type":"Point","coordinates":[22.949098348617554,40.626143490911524]}},{"type":"Feature","properties":{"country":"Turkey","type":"mesto","namesrb":"","namelat":"Terme","namenew":"Terme","dateinsert":"7.10.2109.","insertedby":"Božur Vujičić","identity":"yes"},"geometry":{"type":"Point","coordinates":[36.972126960754395,41.20938085249501]}},{"type":"Feature","properties":{"namenew":"Terme","namelat":"Terme","type":"reka","country":"Turkey","dateinsert":"7.10.2109.","insertedby":"Božur Vujičić","identity":"yes","source":""},"geometry":{"type":"LineString","coordinates":[[36.82539939880371,41.07605140770576],[36.82642936706543,41.087502742466306],[36.821537017822266,41.08821434148435],[36.82110786437988,41.09351874585794],[36.83157920837402,41.09351874585794],[36.83870315551758,41.09558864114791],[36.83372497558594,41.0992108009673],[36.83672904968262,41.107165915111835],[36.84170722961425,41.10774795879974],[36.84934616088867,41.11369744278692],[36.8507194519043,41.11757725057868],[36.84762954711914,41.124948253613496],[36.85458183288574,41.12727576679062],[36.85921669006348,41.133676002337296],[36.87183380126953,41.14427703889261],[36.88831329345703,41.1455697310095],[36.88934326171875,41.161080048697045],[36.89861297607422,41.16495705472103],[36.90753936767578,41.16288934671815],[36.9195556640625,41.168575386736336],[36.94770812988281,41.195964845331034],[36.973114013671875,41.20758898181025],[36.988563537597656,41.217145058387416],[37.02735900878906,41.211204958730455]]}},{"type":"Feature","properties":{"namenew":"Izmir","namelat":"Smirna","country":"Turkey","type":"mesto","dateinsert":"7.10.2109.","insertedby":"Božur Vujičić","identity":"yes","namenewlocal":"","notes":""},"geometry":{"type":"Point","coordinates":[27.142925262451172,38.423671809881775]}},{"type":"Feature","properties":{"insertedby":"Božur Vujičić","type":"planina","country":"Greece","namenew":"Olimp","namenewlocal":"Όλυμπος","namelat":"Olib","notes":"objekat ushićenja","identity":"yes","dateinsert":"7.10.2109."},"geometry":{"type":"Polygon","coordinates":[[[22.3846435546875,40.153686857794035],[22.31048583984375,40.17257757632168],[22.247314453125,40.134790883048524],[22.256240844726562,40.07649521197062],[22.322158813476562,40.01394257474289],[22.42584228515625,40.00184595114704],[22.507553100585938,40.04916834696681],[22.48764038085937,40.11588965267845],[22.425155639648434,40.16155862932432],[22.3846435546875,40.153686857794035]]]}},{"type":"Feature","properties":{"country":"Austria","namelat":"Dobro polje","source":"http://wwwg.uni-klu.ac.at/spw/oenf/name1.htm","type":"mesto","namenew":"Drobollach","namenewlocal":"","dateinsert":"7.10.2109.","identity":"yes"},"geometry":{"type":"Point","coordinates":[13.917671442031859,46.58746171554189]}},{"type":"Feature","properties":{"namenew":"Tröpolach","namelat":"Dobro polje","country":"Austria","source":"http://wwwg.uni-klu.ac.at/spw/oenf/name1.htm","dateinsert":"7.10.2109.","type":"mesto","identity":"yes"},"geometry":{"type":"Point","coordinates":[13.278608322143553,46.614190907333914]}},{"type":"Feature","properties":{"namenew":"Pölling","namelat":"Polje","country":"Germany","insertedby":"","type":"mesto","dateinsert":"7.10.2109.","dateto":"","identity":"yes"},"geometry":{"type":"Point","coordinates":[11.418764591217041,49.291755562326195]}},{"type":"Feature","properties":{"namenew":"Pölla","namelat":"Polje","country":"Austria","source":"http://wwwg.uni-klu.ac.at/spw/oenf/name1.htm","dateinsert":"7.10.2109.","type":"oblast","identity":"yes"},"geometry":{"type":"Polygon","coordinates":[[[15.697402954101562,48.68189420361741],[15.604019165039062,48.69730575091258],[15.545654296875,48.68506755483561],[15.496902465820312,48.69096039092549],[15.497589111328123,48.70319715481828],[15.428237915039062,48.724944057611985],[15.400085449218748,48.74396488684373],[15.348587036132812,48.6977589603096],[15.34515380859375,48.6705591741806],[15.27168273925781,48.67327981384221],[15.216751098632812,48.65423225111565],[15.228424072265625,48.62746280105111],[15.2764892578125,48.61475368407372],[15.31219482421875,48.618839106368604],[15.348587036132812,48.613845767553634],[15.342407226562502,48.575698529571355],[15.412445068359377,48.575698529571355],[15.418624877929688,48.59386747325061],[15.460510253906248,48.58887166485966],[15.448837280273436,48.62292419804796],[15.508575439453125,48.63744629097557],[15.571746826171873,48.60930594004602],[15.636978149414062,48.63245479293965],[15.611572265625,48.653325044758695],[15.645217895507812,48.67101262432597],[15.67474365234375,48.661489314308504],[15.697402954101562,48.68189420361741]]]}},{"type":"Feature","properties":{"country":"Austria","namenew":"Pöllau","namelat":"Polje","dateinsert":"7.10.2109.","source":"http://wwwg.uni-klu.ac.at/spw/oenf/name1.htm","type":"mesto","identity":"yes"},"geometry":{"type":"Point","coordinates":[15.83374500274658,47.30335973911606]}},{"type":"Feature","properties":{"namenew":"Pöllauberg","namelat":"Poljski breg","country":"Austria","dateinsert":"7.10.2109.","source":"http://wwwg.uni-klu.ac.at/spw/oenf/name1.htm","type":"brdo","identity":"yes"},"geometry":{"type":"Polygon","coordinates":[[[15.866146087646483,47.32218512530744],[15.842113494873047,47.32358148644258],[15.837478637695314,47.314038949740414],[15.84554672241211,47.30298141688142],[15.864772796630861,47.30286500949532],[15.877132415771484,47.3103145654624],[15.866146087646483,47.32218512530744]]]}},{"type":"Feature","properties":{"country":"Austria","source":"http://wwwg.uni-klu.ac.at/spw/oenf/name1.htm","namenew":"Plöschenberg","namelat":"Plješivica","type":"brdo","dateto":"","identity":"yes","dateinsert":"7.10.2109."},"geometry":{"type":"Polygon","coordinates":[[[14.242701530456543,46.57290475870924],[14.234762191772461,46.57284575599839],[14.229226112365723,46.57181319816751],[14.223518371582031,46.57119365403279],[14.21802520751953,46.57101664012299],[14.213519096374512,46.56892193165661],[14.210472106933594,46.56611902618421],[14.212360382080078,46.563552027804135],[14.222960472106932,46.56305041623296],[14.234676361083983,46.563552027804135],[14.244332313537596,46.566856646929516],[14.254202842712402,46.571488675931946],[14.256219863891602,46.57594331153929],[14.25021171569824,46.57762476759738],[14.242701530456543,46.57290475870924]]]}},{"type":"Feature","properties":{"namenew":"Plaschischen","namelat":"Plješište","source":"http://wwwg.uni-klu.ac.at/spw/oenf/name1.htm","type":"oblast","country":"Austria","identity":"yes","notes":"gola površina (ćelava)","dateinsert":"7.10.2109."},"geometry":{"type":"Polygon","coordinates":[[[14.172921180725098,46.59417105328445],[14.163908958435059,46.593669724891036],[14.16412353515625,46.59104504760706],[14.168500900268555,46.590455214995515],[14.17330741882324,46.587564942413096],[14.187297821044922,46.592667054191246],[14.182534217834473,46.59685455582855],[14.18004512786865,46.59564552168011],[14.172921180725098,46.59417105328445]]]}},{"type":"Feature","properties":{"namelat":"Plješevo","namenew":"Plascherken","source":"http://wwwg.uni-klu.ac.at/spw/oenf/name1.htm","notes":"verovatno od povlačenja vode","country":"Austria","type":"oblast","identity":"yes","dateinsert":"7.10.2109."},"geometry":{"type":"Polygon","coordinates":[[[14.150691032409668,46.587240514441596],[14.142751693725586,46.58809582035991],[14.137215614318846,46.58703405926695],[14.135627746582031,46.58390764194217],[14.142494201660156,46.57868671298067],[14.154596328735352,46.57744777467815],[14.158244132995605,46.57951265612228],[14.150691032409668,46.587240514441596]]]}},{"type":"Feature","properties":{"country":"Germany","namenew":"Plochingen","namelat":"Plješigon","notes":"goli prolaz; vidi /wwwg.uni-klu.ac.at/spw/oenf/name1.htm","source":"","type":"mesto","identity":"yes","dateinsert":"7.10.2109."},"geometry":{"type":"Point","coordinates":[9.418394565582275,48.71129670929981]}},{"type":"Feature","properties":{"country":"Austria","type":"mesto","namelat":"Podgrad","namenew":"Pugrad","identity":"yes","dateinsert":"7.10.2109."},"geometry":{"type":"Point","coordinates":[14.139575958251953,46.54750553588289]}},{"type":"Feature","properties":{"type":"mesto","notes":"utvrda na vodi","country":"Germany","namenew":"Werder(Havel)","namelat":"Vardar","dateinsert":"7.10.2109.","identity":"no"},"geometry":{"type":"Point","coordinates":[12.942409515380858,52.37879534725308]}},{"type":"Feature","properties":{"dateinsert":"7.10.2109.","namenew":"Verdun","namelat":"Vardin","notes":"utvrda na brdu","type":"mesto","country":"France","identity":"no"},"geometry":{"type":"Point","coordinates":[5.374202728271484,49.15922851994143]}},{"type":"Feature","properties":{"namenew":"Sofia (Sovia)","namelat":"Sredac","dateinsert":"7.10.2109.","identity":"yes","type":"mesto","country":"Bulgaria"},"geometry":{"type":"Point","coordinates":[23.31985473632812,42.69858589169842]}},{"type":"Feature","properties":{"type":"oblast","country":"Germany","dateinsert":"7.10.2109.","namenew":"Zauchen","namelat":"Suha","identity":"yes"},"geometry":{"type":"Polygon","coordinates":[[[13.959825038909912,47.55456185090505],[13.955404758453367,47.55532936590859],[13.951220512390137,47.55482251763861],[13.950812816619873,47.55269370136898],[13.951349258422852,47.55057928124212],[13.964567184448242,47.55081100267848],[13.959825038909912,47.55456185090505]]]}},{"type":"Feature","properties":{"namenew":"Zauchensee","namelat":"Suvo jezero","dateinsert":"7.10.2109.","type":"mesto","country":"Austria","source":"http://wwwg.uni-klu.ac.at/spw/oenf/name1.htm","identity":"yes"},"geometry":{"type":"Point","coordinates":[13.456814289093018,47.29254738690224]}},{"type":"Feature","properties":{"type":"jezero","country":"Austria","namenew":"Zauchensee","namelat":"Suvo jezero","namenewlocal":"","source":"http://wwwg.uni-klu.ac.at/spw/oenf/name1.htm","identity":"yes","dateinsert":"7.10.2109."},"geometry":{"type":"Polygon","coordinates":[[[13.456556797027588,47.29869600101815],[13.455430269241333,47.2981357427105],[13.455591201782227,47.29708797098204],[13.45525860786438,47.29608383692606],[13.455880880355835,47.29578550356855],[13.4562349319458,47.29592375582154],[13.456760644912718,47.29580733289568],[13.45698595046997,47.29699337945697],[13.457200527191162,47.29727715352451],[13.45696449279785,47.29739357321423],[13.4572434425354,47.297859249409825],[13.457189798355103,47.2981357427105],[13.4567391872406,47.29831764540925],[13.456556797027588,47.29869600101815]]]}},{"type":"Feature","properties":{"type":"mesto","source":"","namenew":"Gradnitz","namelat":"Gradec","country":"Austria","identity":"yes","dateinsert":"7.10.2109."},"geometry":{"type":"Point","coordinates":[14.360504150390625,46.6150163094945]}},{"type":"Feature","properties":{"type":"mesto","country":"Germany","namenew":"Graditz","namelat":"Gradec","identity":"yes","dateinsert":"7.10.2109."},"geometry":{"type":"Point","coordinates":[13.059225082397461,51.54550770434273]}},{"type":"Feature","properties":{"namenew":"Torgau","namelat":"Trg","country":"Germany","type":"mesto","identity":"yes","dateinsert":"7.10.2109."},"geometry":{"type":"Point","coordinates":[13.004062771797178,51.55841988855633]}},{"type":"Feature","properties":{"country":"Germany","type":"mesto","identity":"yes","namenew":"Ribnitz-Damgarten","namelat":"Ribnica","dateinsert":"7.10.2109."},"geometry":{"type":"Point","coordinates":[12.43128776550293,54.243613231136145]}},{"type":"Feature","properties":{"namenew":"Reifnitz","namelat":"Ribnica","country":"Austria","type":"mesto","source":"http://wwwg.uni-klu.ac.at/spw/oenf/name1.htm","dateinsert":"7.10.2109.","identity":"yes"},"geometry":{"type":"Point","coordinates":[14.18285608291626,46.60654059943363]}},{"type":"Feature","properties":{"namenew":"Reifnitz","namelat":"Ribnica","country":"Austria","type":"mesto","dateinsert":"7.10.2109.","identity":"yes"},"geometry":{"type":"Point","coordinates":[14.711294174194336,46.653000667434874]}},{"type":"Feature","properties":{"namenew":"Zellach","namelat":"Selo","country":"Austria","type":"mesto","source":"http://wwwg.uni-klu.ac.at/spw/oenf/name1.htmhttp://wwwg.uni-klu.ac.at/spw/oenf/name1.htm","dateinsert":"7.10.2109.","identity":"yes"},"geometry":{"type":"Point","coordinates":[14.845318794250488,46.86099798868347]}},{"type":"Feature","properties":{"source":"http://wwwg.uni-klu.ac.at/spw/oenf/name1.htmhttp://wwwg.uni-klu.ac.at/spw/oenf/name1.htm","type":"mesto","country":"Austria","namenew":"Zauchen","namelat":"Suha","notes":"","dateinsert":"7.10.2109.","identity":"yes"},"geometry":{"type":"Point","coordinates":[14.574565887451172,46.5191414457998]}},{"type":"Feature","properties":{"namelat":"Suva reka","namenew":"Zauchen","country":"Austria","type":"rijaka","source":"http://wwwg.uni-klu.ac.at/spw/oenf/name1.htmhttp://wwwg.uni-klu.ac.at/spw/oenf/name1.htm","dateinsert":"7.10.2109.","identity":"yes"},"geometry":{"type":"LineString","coordinates":[[14.51396942138672,46.51003050057521],[14.523882865905762,46.510443996329826],[14.525492191314697,46.51168446471924],[14.526886940002441,46.51245235953421],[14.527745246887207,46.51249666082713],[14.532508850097656,46.514490181632674],[14.537336826324463,46.517694428500455],[14.538688659667967,46.5168823100728],[14.541263580322267,46.51757630293805],[14.549160003662111,46.51671988493078],[14.554524421691895,46.51745817711881],[14.56031799316406,46.52094278083657],[14.563493728637695,46.521356193566575],[14.566090106964113,46.51946628112168],[14.567892551422117,46.51995353046326],[14.569952487945558,46.518919966057815],[14.572935104370117,46.518831373908235],[14.577012062072752,46.52052936496088]]}},{"type":"Feature","properties":{"namenew":"Ebriach","namelat":"Obirsko","type":"mesto","country":"Austria","dateinsert":"7.10.2109.","identity":"yes"},"geometry":{"type":"Point","coordinates":[14.515385627746582,46.47583976875207]}},{"type":"Feature","properties":{"namelat":"Dvor","namenew":"Hof","country":"Austria","type":"mesto","dateinsert":"7.10.2109.","identity":"yes"},"geometry":{"type":"Point","coordinates":[14.764562845230103,46.57085437686481]}},{"type":"Feature","properties":{"namenew":"Austria","namelat":"Ošterija","source":"https://web.archive.org/web/20050215234158/http://www-oedt.kfunigraz.ac.at/Seiten/OEDT/oestname.html","type":"oblast","country":"Austria","notes":"Oštrija,, Oštra, Ošter, zemlja Oštrogeta","dateinsert":"7.10.2109.","identity":"yes"},"geometry":{"type":"Polygon","coordinates":[[[15.75439453125,46.852678248531106],[16.512451171875,48.144097934938884],[9.20654296875,47.61356975397398],[8.41552734375,46.55130547880643],[9.854736328125,46.126556302418514],[15.776367187499998,46.830133640447386],[15.75439453125,46.84328581149685],[15.75439453125,46.852678248531106]]]}},{"type":"Feature","properties":{"type":"mesto","source":"https://web.archive.org/web/20050215234158/http://www-oedt.kfunigraz.ac.at/Seiten/OEDT/oestname.html","country":"Austria","namenew":"Zauche","namelat":"Suha","dateinsert":"7.10.2109.","identity":"yes"},"geometry":{"type":"Point","coordinates":[12.753045558929443,46.84743923229839]}},{"type":"Feature","properties":{"namenew":"Zauchwitz","namelat":"Suvac","country":"Germany","type":"mesto","dateinsert":"7.10.2109.","identity":"yes"},"geometry":{"type":"Point","coordinates":[13.052616119384766,52.217046872609025]}},{"type":"Feature","properties":{"country":"Austria","type":"mesto","source":"https://web.archive.org/web/20050215234158/http://www-oedt.kfunigraz.ac.at/Seiten/OEDT/oestname.html","namenew":"Weistrach","namelat":"Bistra","dateinsert":"7.10.2109.","identity":"yes"},"geometry":{"type":"Point","coordinates":[14.583384990692139,48.05463384900074]}},{"type":"Feature","properties":{"namenew":"Ferschnitz","namelat":"Bresnica","country":"Austria","type":"mesto","source":"https://web.archive.org/web/20050215234158/http://www-oedt.kfunigraz.ac.at/Seiten/OEDT/oestname.html","dateinsert":"7.10.2109.","identity":"yes"},"geometry":{"type":"Point","coordinates":[14.985566139221191,48.09447698966592]}},{"type":"Feature","properties":{"type":"rijeka","country":"Austria","namenew":"Weistrach","namelat":"Bistra","source":"https://web.archive.org/web/20050215234158/http://www-oedt.kfunigraz.ac.at/Seiten/OEDT/oestname.html","dateinsert":"7.10.2109.","identity":"yes"},"geometry":{"type":"LineString","coordinates":[[14.56435203552246,48.03945695873867],[14.564244747161865,48.039686510233174],[14.56458806991577,48.04020299735605],[14.564309120178223,48.04041819879567],[14.563407897949219,48.04102075804412],[14.562849998474121,48.04104945116587],[14.562828540802002,48.041494192509276],[14.562013149261475,48.042139777949856],[14.562528133392332,48.04318704378977],[14.563043117523192,48.043344849125255],[14.563279151916502,48.044248634006216],[14.563021659851072,48.04454989210929],[14.563472270965576,48.04470769326963],[14.563407897949219,48.0450519850323],[14.563043117523192,48.04522413005065],[14.563300609588625,48.045367583793116],[14.563150405883789,48.04628567828395],[14.563300609588625,48.0472611357494],[14.564201831817629,48.04721810125075],[14.564695358276369,48.04800706134582],[14.565424919128416,48.048265263842936],[14.564952850341797,48.04883904253529],[14.56563949584961,48.049197650971855],[14.566905498504637,48.04885338692072],[14.56705570220947,48.04902551923395],[14.567570686340334,48.049168962388805],[14.568085670471191,48.048996830555],[14.567742347717285,48.04936978213444],[14.568300247192381,48.04949888012883],[14.568815231323242,48.05094762431654],[14.570789337158203,48.05215248942948],[14.572720527648924,48.053758932394985],[14.572033882141113,48.05433264988003],[14.574866294860838,48.05519321412198],[14.575467109680178,48.05496373173044],[14.575896263122559,48.05548006567314],[14.57756996154785,48.054619506225436],[14.579629898071287,48.05519321412198],[14.587440490722654,48.058032974075374],[14.589843749999998,48.058348493290794],[14.590873718261719,48.05662745589703],[14.595465660095215,48.0574019298436],[14.600046873092653,48.058269613668216],[14.604123830795286,48.059811329842404],[14.60687041282654,48.06031327398276],[14.608629941940308,48.06151074952367],[14.60859775543213,48.06234251254742],[14.609584808349611,48.06280858078027],[14.609745740890505,48.06318143232829],[14.610207080841063,48.06284443200801],[14.610668420791626,48.063238793865196],[14.611644744873047,48.06306670906271],[14.615131616592407,48.06396297777101],[14.618500471115112,48.06582716669613]]}},{"type":"Feature","properties":{"namelat":"Suha","namenew":"Zauche","country":"Austria","type":"rijeka","source":"https://web.archive.org/web/20050215234158/http://www-oedt.kfunigraz.ac.at/Seiten/OEDT/oestname.html","dateinsert":"7.10.2109.","identity":"yes"},"geometry":{"type":"LineString","coordinates":[[14.590004682540892,48.09438383371693],[14.590991735458372,48.094075701298664],[14.593695402145384,48.09183989449307],[14.594693183898924,48.09148158308253],[14.598952531814573,48.088464501992384],[14.599467515945436,48.08865083516889],[14.602138996124268,48.087769329953254],[14.603426456451416,48.08698814603734],[14.603480100631712,48.08631445496679],[14.604960680007933,48.08499571498845],[14.60605502128601,48.0841213144048],[14.606484174728394,48.08316089007684],[14.60736393928528,48.08192808032944],[14.607943296432495,48.08179906364809],[14.608919620513914,48.0805572615447],[14.608458280563354,48.08000892380266],[14.609128832817078,48.07828681857966],[14.610271453857422,48.07683167537397],[14.610496759414673,48.076767160683026],[14.610512852668762,48.07652702195572],[14.611682295799255,48.07570624082858],[14.611473083496096,48.074494758296574],[14.612503051757812,48.07432271112689],[14.616236686706541,48.069333092963866],[14.616150856018065,48.06792788330159],[14.616537094116211,48.066780744928785],[14.621129035949707,48.064916590540825],[14.622159004211428,48.064887910715214],[14.623446464538572,48.0623927047137],[14.626407623291014,48.05972528178409],[14.627217650413513,48.058032974075374],[14.627142548561094,48.057660085236925],[14.626193046569824,48.057394758841994],[14.626466631889343,48.056785220053236],[14.627013802528383,48.05672426577747],[14.626927971839907,48.05654498807754],[14.62702989578247,48.056423078885025],[14.627308845520018,48.056354953034074],[14.627196192741394,48.05607886313626],[14.627952575683594,48.05559839147245],[14.628108143806458,48.055989223240694],[14.628354907035828,48.05589241197817],[14.62853729724884,48.05558763459281],[14.629282951354979,48.05546572313353],[14.629132747650145,48.05596770964253],[14.630355834960936,48.05589599758374],[14.632458686828613,48.05512150098449],[14.637115001678465,48.05579560053366],[14.637866020202637,48.05624021455503],[14.640934467315674,48.05638363761388],[14.641320705413818,48.05684258871746],[14.642844200134277,48.05688561517366],[14.644432067871092,48.056225872227174],[14.645204544067383,48.056512718025246],[14.645676612854004,48.05596770964253],[14.646406173706053,48.05611113346048],[14.65151309967041,48.054619506225436],[14.652843475341797,48.05510715834501],[14.657135009765625,48.054246592664775]]}},{"type":"Feature","properties":{"type":"mesto","country":"Germany","namenew":"Windischenbach","namelat":"Srbski rijeka","source":"https://web.archive.org/web/20050215234158/http://www-oedt.kfunigraz.ac.at/Seiten/OEDT/oestname.html","dateinsert":"7.10.2109.","identity":"yes"},"geometry":{"type":"Point","coordinates":[9.48369026184082,49.17931889811683]}},{"type":"Feature","properties":{"source":"https://web.archive.org/web/20050215234158/http://www-oedt.kfunigraz.ac.at/Seiten/OEDT/oestname.html","type":"mesto","country":"Austria","namenew":"Windischendorf","namelat":"Srbsko selo","dateinsert":"7.10.2109.","identity":"yes"},"geometry":{"type":"Point","coordinates":[15.00108003616333,48.08738232289079]}},{"type":"Feature","properties":{"namenew":"Windischendorf","namelat":"Srbsko selo","country":"Austria","type":"mesto","dateinsert":"7.10.2109.","identity":"yes"},"geometry":{"type":"Point","coordinates":[14.957563877105711,48.052998746881066]}},{"type":"Feature","properties":{"country":"Austria","type":"mesto","namenew":"Windischenlaibach","namelat":"Srbski lapac?","dateinsert":"7.10.2109.","identity":"yes"},"geometry":{"type":"Point","coordinates":[11.753439903259276,49.865486859982894]}},{"type":"Feature","properties":{"namenew":"Windischenhaig","namelat":"Srbski ?","country":"Germany","type":"mesto","dateinsert":"7.10.2109.","identity":"yes"},"geometry":{"type":"Point","coordinates":[11.417477130889893,50.06977000426141]}},{"type":"Feature","properties":{"namenew":"Windischenbach","namelat":"Srbska rijeka","country":"Germany","type":"rijeka","dateinsert":"7.10.2109.","identity":"yes"},"geometry":{"type":"LineString","coordinates":[[9.480171203613281,49.161557850243376],[9.479742050170898,49.16254006512167],[9.479913711547852,49.164139630512246],[9.479742050170898,49.165234040220284],[9.480128288269043,49.16635648658974],[9.480385780334473,49.168152347857635],[9.481029510498047,49.16930278725271],[9.481501579284668,49.17123883222738],[9.48343276977539,49.17188416372787],[9.484376907348633,49.172725887825585],[9.486780166625977,49.17553153145589],[9.48665142059326,49.176653744383195],[9.487080574035645,49.177186786610804],[9.486823081970215,49.17931889811683],[9.487048387527466,49.17957488559221],[9.48645293712616,49.18026920111979],[9.486351013183594,49.18083727021552],[9.486882090568542,49.181517541910964],[9.487799406051636,49.1827132545471],[9.489033222198486,49.1844383960595],[9.491908550262451,49.18623360141743],[9.49195146560669,49.18658421986131],[9.496607780456543,49.18867385425654],[9.497294425964355,49.18936103017683]]}},{"type":"Feature","properties":{"type":"mesto","country":"Germany","namenew":"Windishbuch","namelat":"Srbska knjiga","dateinsert":"7.10.2109.","identity":"yes"},"geometry":{"type":"Point","coordinates":[9.622564315795898,49.435259293353866]}},{"type":"Feature","properties":{"namenew":"Windischenbach","namelat":"Srbska rijeka","country":"Germany","type":"mesto","dateinsert":"7.10.2109.","identity":"yes"},"geometry":{"type":"Point","coordinates":[12.160234451293945,49.799937508061305]}},{"type":"Feature","properties":{"type":"oblast","namenew":"Isère","namelat":"Jezera","country":"France","dateinsert":"8.10.2019.","identity":"yes"},"geometry":{"type":"Polygon","coordinates":[[[4.8394775390625,45.51019654498558],[5.3338623046875,44.77013681219717],[6.3226318359375,44.66474608911831],[6.641235351562499,44.98422783516651],[7.0257568359375,45.20139301126898],[7.00927734375,45.58713413436411],[6.2896728515625,46.038922598236],[5.295410156249999,46.32796494040746],[4.8504638671875,46.08085173686784],[4.8394775390625,45.51019654498558]]]}},{"type":"Feature","properties":{"type":"rijeka","country":"Germany","namenew":"Isar","dateinsert":"8.10.2019.","namelat":"Jezera","identity":"yes"},"geometry":{"type":"LineString","coordinates":[[11.41180157661438,47.3752717616109],[11.40703797340393,47.37574401693737],[11.40081524848938,47.375845732915636],[11.400268077850342,47.376405167288944],[11.394463777542114,47.37612181815333],[11.392639875411987,47.3752717616109],[11.391974687576294,47.37546066424902],[11.387608051300049,47.373760516144195],[11.381610631942749,47.37501020299477],[11.378896236419678,47.37446528504429],[11.376804113388062,47.37485762653625],[11.374014616012573,47.37562050441426],[11.372523307800293,47.37518457554966],[11.367555856704712,47.376782963767916],[11.364079713821411,47.376979126256714],[11.362309455871582,47.37649961666246],[11.356301307678223,47.377335122983474],[11.355324983596802,47.377974458009525],[11.353340148925781,47.37789454155521],[11.351752281188965,47.37898430095081],[11.346162557601929,47.37894797600047],[11.345154047012329,47.379529172202275],[11.343748569488525,47.37950011254432],[11.342257261276245,47.37997959485207],[11.339285373687744,47.379732589359314],[11.337289810180662,47.3789261810183],[11.334339380264282,47.379471052870386],[11.332193613052366,47.37843942406846],[11.328341960906982,47.37861378528342],[11.327376365661621,47.377524018229856],[11.326303482055664,47.37720434895498],[11.325337886810303,47.37740777508139],[11.320606470108032,47.376339779162016],[11.319533586502073,47.37498840638487],[11.3179349899292,47.375584177146514],[11.316550970077515,47.374610597048346],[11.312634944915771,47.37491575095346],[11.310961246490479,47.374421691365015],[11.31040334701538,47.37535168204035],[11.308847665786741,47.37600557191364],[11.308332681655884,47.375896590831196],[11.30393385887146,47.37758213970796],[11.30220651626587,47.37842489394119],[11.299299001693726,47.37860652024433],[11.297603845596313,47.379870621983216],[11.295876502990723,47.38048813192862],[11.293419599533081,47.379718059588384],[11.292550563812256,47.38085136969448],[11.291477680206299,47.38013215649005],[11.283119916915894,47.379768913769034],[11.278270483016968,47.381912009647905],[11.276049613952637,47.38361189493023],[11.272391080856323,47.38376444605735],[11.270653009414673,47.38616162008044],[11.268603801727293,47.386168884078494],[11.267187595367432,47.38613256407832],[11.262649297714233,47.391006484433554],[11.264805793762207,47.393475959067416],[11.264955997467041,47.39540787913153],[11.266790628433228,47.397586651362126],[11.264612674713135,47.40050606490949],[11.258679628372192,47.407593321196636],[11.255954504013062,47.41141975270805],[11.256136894226074,47.41539836578778],[11.255868673324585,47.42013165255693],[11.257907152175903,47.42261428008665],[11.260074377059937,47.42765176677375],[11.259387731552124,47.43011226585467],[11.25821828842163,47.431679957487816],[11.259462833404541,47.43301536167587],[11.261179447174072,47.43371933828662],[11.26546025276184,47.43469908387515],[11.268421411514282,47.43750032987954],[11.275330781936646,47.454609366741906],[11.274590492248535,47.45600947834338],[11.275019645690918,47.45821475987167],[11.277744770050049,47.45975985267942],[11.28123164176941,47.46441661829795],[11.280405521392822,47.46707847814281],[11.282486915588379,47.46909472911743],[11.28071665763855,47.47208995197166],[11.275652647018433,47.472024682590835],[11.273431777954102,47.471139911876044],[11.273206472396849,47.4732285270181],[11.275856494903564,47.47541858290478],[11.27946138381958,47.476796385859295],[11.278839111328123,47.481299374037626],[11.278806924819946,47.481908444255794],[11.280330419540405,47.48311931288222],[11.278753280639648,47.48659949845064],[11.279278993606567,47.4878102589492],[11.278527975082397,47.48989096179574],[11.27873182296753,47.49486401511101],[11.281800270080565,47.49722713776631],[11.282873153686523,47.497553327325555],[11.283398866653442,47.49954666393502],[11.283237934112547,47.50096007494715],[11.28419280052185,47.50174287082688],[11.285641193389893,47.50205453630806],[11.287904977798462,47.50624372062807],[11.287121772766113,47.50915710845923],[11.288484334945679,47.51030212706903],[11.289149522781372,47.51154857462553],[11.291166543960571,47.51259933590537],[11.293655633926392,47.51401964185106],[11.29368782043457,47.5145703623853],[11.295028924942017,47.5172586651799],[11.295661926269531,47.517425320927096],[11.296370029449463,47.51872231930403],[11.300511360168457,47.520780060997645],[11.302624940872192,47.5222146359801],[11.303493976593018,47.52267108342976],[11.304974555969238,47.524764894644974],[11.304706335067749,47.52625731805916],[11.306154727935791,47.52718462772377],[11.307249069213867,47.52719187226598],[11.307646036148071,47.52763378744903],[11.306369304656982,47.529191327668684],[11.306755542755127,47.5297201563878],[11.307291984558105,47.529698423805776],[11.30841851234436,47.530763309734766],[11.31068229675293,47.53106031487908],[11.312806606292725,47.53125590271411],[11.314855813980103,47.52985779586484],[11.314963102340698,47.528858090394735],[11.317151784896849,47.52854658407182],[11.319844722747803,47.52887257901587],[11.321861743927002,47.52923479324397],[11.322365999221802,47.53002441159058],[11.321829557418823,47.53119795083903],[11.323771476745605,47.53147322167531],[11.325777769088745,47.53039386196395],[11.329554319381714,47.53035039734922],[11.3334059715271,47.532581534369776],[11.33414626121521,47.53647130923852],[11.344242095947266,47.539803102962395],[11.34939193725586,47.53890498810667],[11.356215476989746,47.54217868744347],[11.375226974487305,47.54356922353347],[11.394968032836914,47.54947859042801],[11.42629623413086,47.55295437739535],[11.437110900878906,47.56002110000066],[11.455135345458984,47.559905259772975],[11.464147567749023,47.56239576822413],[11.486978530883789,47.56146908123592],[11.506633758544922,47.561584918005885],[11.552467346191406,47.580810271725284],[11.54783248901367,47.589146784980386],[11.56036376953125,47.60049157245997],[11.578216552734375,47.60344312921053],[11.592121124267578,47.62224815754168],[11.59006118774414,47.64110425422311],[11.583881378173826,47.65151268066222],[11.585254669189453,47.65740986833501],[11.571006774902344,47.68526796177686],[11.557960510253906,47.70352370383532],[11.559333801269531,47.75548288513191],[11.540451049804688,47.76494541923992],[11.549034118652344,47.80762081718071],[11.514358520507812,47.84104461029329],[11.519508361816404,47.847496380857706],[11.4312744140625,47.93451675076962],[11.473503112792969,47.961421995094305],[11.481056213378906,48.004395313455944],[11.521224975585938,48.052381984350035],[11.545257568359375,48.08450117877953],[11.563796997070312,48.12301775410865],[11.59332275390625,48.13447544771421],[11.639328002929688,48.19950665733754],[11.667823791503906,48.233477824968006],[11.686363220214844,48.25428403554671],[11.681385040283201,48.265598145673884],[11.712455749511717,48.33537022186937],[11.755714416503906,48.39980455476607],[11.778545379638672,48.40481902832667],[11.830558776855469,48.406414438973066],[11.860599517822264,48.41712518580645],[11.920852661132812,48.43330097195569],[11.949005126953125,48.456985788093284],[11.945915222167969,48.46632003599557],[11.956214904785154,48.47428693834255],[11.951923370361328,48.49692887143835],[11.971664428710938,48.502729950715185],[11.984539031982422,48.49567757122466],[12.019386291503906,48.499658873794836],[12.030501365661621,48.502218117483075],[12.03902006149292,48.50683864687508],[12.058868408203125,48.507023459289165],[12.067837715148926,48.506255772539085],[12.077279090881348,48.511942065093415],[12.095260620117188,48.51899218172587],[12.140750885009766,48.52876975157647],[12.151908874511719,48.53968201868509],[12.19001770019531,48.56536202891141],[12.251129150390625,48.596592251456705],[12.316360473632812,48.60567378414743],[12.361679077148438,48.6215625375562],[12.435150146484375,48.624739688227955],[12.548446655273438,48.64425208334806],[12.632217407226562,48.66194284607006],[12.742767333984375,48.68642750129342],[12.849884033203125,48.71452483966837],[12.861557006835936,48.75166174807409],[12.913742065429688,48.783342285295475],[12.949447631835938,48.784247149826534],[12.972793579101562,48.80595900439478]]}},{"type":"Feature","properties":{"type":"mesto","country":"Germany","dateinsert":"8.10.2019.","namenew":"Triberg","namelat":"Tribreg","identity":"yes"},"geometry":{"type":"Point","coordinates":[8.232836723327637,48.13178311948775]}},{"type":"Feature","properties":{"namenew":"Breg","namelat":"Breg","dateinsert":"8.10.2019.","country":"Germany","type":"rijeka","identity":"no"},"geometry":{"type":"LineString","coordinates":[[8.521099090576172,47.95101799531728],[8.509511947631836,47.94607392422895],[8.501529693603516,47.93739191095298],[8.491487503051758,47.92318706372565],[8.47346305847168,47.921001356307805],[8.461017608642578,47.92738566360356],[8.452949523925781,47.931181364660986],[8.440160751342773,47.9400369171184],[8.442649841308594,47.94561398659476],[8.43973159790039,47.94837355100934],[8.4429931640625,47.955271817451],[8.439989089965819,47.95981267353786],[8.440074920654297,47.96515772686212],[8.430547714233398,47.966881819634054],[8.41252326965332,47.97366269284862],[8.405227661132812,47.97234106707977],[8.381710052490234,47.98302802791759],[8.378963470458984,47.988830235843544],[8.367204666137695,47.98917490093841],[8.362913131713867,47.99089819188585],[8.357505798339844,47.988543013172844],[8.351755142211914,47.9901514395405],[8.334674835205078,47.996699515093596],[8.326349258422852,47.99847998843073],[8.328237533569336,48.001093152539184],[8.328688144683838,48.002701187738815],[8.328280448913574,48.00432352959679],[8.327100276947021,48.00463937782981],[8.319053649902344,48.0156497866894],[8.317594528198242,48.0302310115382],[8.312444686889648,48.03166594850795],[8.3111572265625,48.04136507445029],[8.301715850830078,48.04543931051452],[8.288497924804688,48.04549669181974],[8.274850845336914,48.04257016374877],[8.266611099243164,48.04480811193814],[8.247127532958984,48.04882469814589],[8.23476791381836,48.04446381854534],[8.210220336914062,48.04974273101305],[8.203954696655273,48.05741627184386],[8.203235864639282,48.05750949474814],[8.19580078125,48.06331049569644],[8.191852569580078,48.0696772200937],[8.18568080663681,48.07601806751523],[8.185619115829468,48.07674565576808],[8.183237314224243,48.079548387261745],[8.183258771896362,48.081791896045196],[8.181177377700806,48.08295303469022],[8.178892135620117,48.08513189079079],[8.176016807556152,48.08549741353016],[8.173055648803711,48.08610661232343],[8.171183466911316,48.08658321576034],[8.170995712280273,48.087453991085056],[8.169772624969482,48.088933916972024],[8.167927265167236,48.09054996173072],[8.167423009872435,48.09085094893606],[8.16508948802948,48.09065745736345],[8.164188265800476,48.090940528121294],[8.16257894039154,48.09148158308253],[8.160250782966614,48.09194738742939],[8.158673644065857,48.09270699777499],[8.157252073287964,48.093581252396575],[8.15685510635376,48.09439099956515],[8.156007528305054,48.09491768667528],[8.154843449592589,48.095347631337034]]}},{"type":"Feature","properties":{"namenew":"Villingen","namelat":"Vilin","dateinsert":"8.10.2019.","country":"Germany","type":"mesto","identity":"yes"},"geometry":{"type":"Point","coordinates":[8.46247673034668,48.060528391401874]}},{"type":"Feature","properties":{"namenew":"Bern","namelat":"Bran","dateinsert":"8.10.2019.","country":"Switzerland","type":"mesto","identity":"yes","source":"https://en.wikipedia.org/wiki/History_of_Bern"},"geometry":{"type":"Point","coordinates":[7.448902130126952,46.942879284830596]}},{"type":"Feature","properties":{"namenew":"Brno","namelat":"Bran","dateinsert":"8.10.2019.","country":"Czech","source":"https://en.wikipedia.org/wiki/Brno","identity":"no","type":"mesto"},"geometry":{"type":"Point","coordinates":[16.611027717590332,49.1927406748742]}},{"type":"Feature","properties":{"type":"mesto","namenew":"Lausanne","dateinsert":"8.10.2019.","country":"Switzerland","namelat":"Lozana","notes":"vinogradarski kraj","identity":"yes","insertedby":""},"geometry":{"type":"Point","coordinates":[6.630592346191406,46.521075663842865]}},{"type":"Feature","properties":{"type":"oblast","country":"France","notes":"vinogradarski kraj","dateinsert":"8.10.2019.","namenew":"Lozanne","namelat":"Lozana","identity":"yes","insertedby":""},"geometry":{"type":"Polygon","coordinates":[[[4.691333770751953,45.86461225080278],[4.675970077514648,45.863835251853565],[4.671335220336914,45.853434374328245],[4.675884246826172,45.842493421298165],[4.683780670166016,45.8371118352861],[4.706268310546875,45.84040064414446],[4.707555770874023,45.8537332772689],[4.698200225830078,45.863895021389055],[4.691333770751953,45.86461225080278]]]}},{"type":"Feature","properties":{"type":"oblast","country":"Germany","dateinsert":"8.10.2019.","namenew":"Brandenburg","namelat":"Branibor","source":"https://en.wikipedia.org/wiki/Brandenburg","notes":"","identity":"yes","insertedby":""},"geometry":{"type":"Polygon","coordinates":[[[14.4195556640625,53.32759237756109],[14.26025390625,53.24549522839595],[14.0625,53.26849833145892],[14.249267578124998,53.42262754609993],[14.0130615234375,53.43244666955443],[13.7933349609375,53.54030739150022],[13.8043212890625,53.48477702972815],[13.3978271484375,53.27178347923819],[12.9583740234375,53.20274235350723],[12.4749755859375,53.261927278592474],[12.12890625,53.36038708103963],[11.7169189453125,53.225768435790194],[11.5411376953125,53.140180585580396],[11.25,53.126998061776156],[11.953125,52.86581372042818],[12.2772216796875,52.8492298820527],[12.2003173828125,52.5897007687178],[12.183837890625,52.51287794429001],[12.3211669921875,52.49950372242746],[12.28271484375,52.278241126812276],[12.2552490234375,52.14023120108506],[12.469482421875,52.00179230422271],[12.7716064453125,51.95442214470791],[13.106689453125,51.92394344554469],[13.1781005859375,51.7406361640977],[13.1341552734375,51.62142713341988],[13.216552734375,51.406059404992746],[13.4088134765625,51.43346414054374],[13.831787109375,51.37178037591737],[14.024047851562498,51.354631230360226],[14.1119384765625,51.5189980614127],[14.556884765625002,51.56341232867588],[14.765625,51.5463350479341],[14.743652343749998,51.70320428462806],[14.600830078125,51.84935276370605],[14.738159179687502,52.07950600379697],[14.6612548828125,52.14697334064471],[14.716186523437498,52.24125614966341],[14.5513916015625,52.311837071418886],[14.5513916015625,52.429222277955134],[14.6063232421875,52.49281508540494],[14.628295898437498,52.58302586141648],[14.144897460937498,52.826001860971836],[14.144897460937498,52.94201777829491],[14.381103515624998,53.09402405506325],[14.381103515624998,53.20603255157844],[14.4525146484375,53.26849833145892],[14.4195556640625,53.32759237756109]]]}},{"type":"Feature","properties":{"type":"mesto","country":"Switzerland","namenew":"Uster","namelat":"Uzdar","dateinsert":"8.10.2019.","notes":"uz vodu (uz ter - uska zemlja?)","identity":"yes"},"geometry":{"type":"Point","coordinates":[8.718080520629883,47.3508613026224]}},{"type":"Feature","properties":{"namelat":"Sečsen","namenew":"Saxsony","dateinsert":"8.10.2019.","country":"Germany","type":"oblast","identity":"yes","insertedby":""},"geometry":{"type":"Polygon","coordinates":[[[14.7271728515625,51.55145890537641],[14.543151855468752,51.55999738544502],[14.10919189453125,51.52241608253253],[14.03228759765625,51.35120063065598],[13.414306640625,51.43517639096306],[13.2110595703125,51.40777268236964],[13.1341552734375,51.61290019118336],[12.84576416015625,51.674258422595145],[12.31842041015625,51.58901622923166],[12.17010498046875,51.46598592502469],[12.2222900390625,51.09144802136697],[12.6068115234375,50.998200340934766],[12.6507568359375,50.90649688226159],[12.27447509765625,50.80767039437801],[12.3101806640625,50.65990836093937],[12.05474853515625,50.56230444080573],[12.00531005859375,50.62158811330538],[11.88446044921875,50.534380406110806],[11.9036865234375,50.427768268027606],[12.1014404296875,50.305130024910035],[12.3211669921875,50.17865705409927],[12.510681152343748,50.392761107929395],[12.82379150390625,50.46449795300867],[12.9693603515625,50.401515322782366],[13.04351806640625,50.508186602590555],[13.23028564453125,50.51167994970682],[13.40057373046875,50.64771894418296],[13.4857177734375,50.59892964194682],[13.5406494140625,50.67557582058605],[13.5406494140625,50.712112896185104],[13.89495849609375,50.73819338460293],[13.93890380859375,50.793783247910106],[14.422302246093748,50.91169247570917],[14.2877197265625,51.03621279582444],[14.5404052734375,51.015482592607846],[14.65301513671875,50.90996067566236],[14.628295898437498,50.84757295365389],[14.80133056640625,50.816347765191075],[14.979858398437502,51.10179728957702],[15.0238037109375,51.28597042110153],[14.966125488281252,51.436888577204996],[14.7271728515625,51.55145890537641]]]}},{"type":"Feature","properties":{"type":"oblast","country":"Germany","namenew":"Mecklenburg-Vorpommern","namelat":"Pomorje","dateinsert":"8.10.2019.","identity":"yes","insertedby":""},"geometry":{"type":"Polygon","coordinates":[[[10.919036865234375,53.952853199668546],[10.748748779296873,53.85252660044951],[10.765228271484373,53.743838123480074],[10.973968505859375,53.671493758257235],[10.92041015625,53.55907325414039],[10.7281494140625,53.48641131437413],[10.58807373046875,53.36858181608028],[10.8160400390625,53.312006056326894],[10.923156738281248,53.34071328580364],[11.0028076171875,53.31610827171959],[11.185455322265625,53.16982647814065],[11.26922607421875,53.125349961911496],[11.545257568359375,53.143475584594526],[12.1014404296875,53.37677497506021],[12.9583740234375,53.212612189941574],[13.3978271484375,53.27506837459297],[13.787841796875,53.491313790532956],[13.787841796875,53.55988897245464],[14.0350341796875,53.42917388041458],[14.271240234375,53.42917388041458],[14.0789794921875,53.26521293124656],[14.249267578124998,53.25206880589411],[14.408569335937498,53.34399288223422],[14.205322265624998,53.93668778432749],[13.8153076171875,54.172081409976904],[13.6669921875,54.591162795306],[13.447265624999998,54.689709430616546],[13.2989501953125,54.667477840945715],[12.50244140625,54.4923771548133],[12.293701171875,54.26843214835872],[11.678466796874998,54.159217654166895],[11.3873291015625,54.00131186464819],[11.063232421875,54.017452229774214],[10.919036865234375,53.952853199668546]]]}},{"type":"Feature","properties":{"stroke":"#555555","stroke-width":2,"stroke-opacity":1,"fill":"#555555","fill-opacity":0.5,"identity":"no","type":"oblast","country":"Germany","dateinsert":"8.10.2019.","namelat":"Bojvarija","namenew":"Bavaria"},"geometry":{"type":"Polygon","coordinates":[[[11.8927001953125,50.42251884281916],[11.5081787109375,50.39801383084027],[11.414794921875,50.50993330845742],[11.2445068359375,50.48197825997291],[11.2664794921875,50.26476541187554],[11.151123046874998,50.292848766619365],[11.1126708984375,50.369992582877195],[10.72265625,50.341954777309994],[10.8489990234375,50.254229882306205],[10.645751953125,50.222609311890224],[10.579833984375,50.3454604086048],[10.140380859375,50.551834865795165],[9.503173828125,50.226123744371364],[9.5306396484375,50.10648772767332],[9.1461181640625,50.12057809796008],[9.0472412109375,49.92293545449574],[9.0802001953125,49.550161777111995],[9.613037109375,49.76352592833392],[9.9700927734375,49.49667452747045],[10.48095703125,48.91888968903368],[10.316162109375,48.567520373908295],[10.0140380859375,48.4146186174932],[10.118408203125,47.90529605906089],[9.99755859375,47.50978034953473],[10.272216796875,47.25686404408872],[10.39306640625,47.48008846346322],[10.9423828125,47.54687159892238],[11.304931640625,47.37603463349758],[11.502685546875,47.5913464767971],[12.359619140624998,47.66538735632654],[13.02978515625,47.49493650511712],[12.919921874999998,47.916342040161155],[12.974853515625,48.04870994288686],[12.963867187499998,48.21003212234042],[13.46923828125,48.3416461723746],[13.524169921874998,48.596592251456705],[13.73291015625,48.545705491847464],[13.897705078125,48.79239019646406],[12.908935546875,49.38952445158216],[12.711181640625,49.38952445158216],[12.403564453125,49.745781306155735],[12.54638671875,49.92293545449574],[12.3046875,50.190967765585604],[11.8927001953125,50.42251884281916]]]}},{"type":"Feature","properties":{"namenew":"Brigach","namelat":"Brigaš","dateinsert":"8.10.2019.","country":"Austria","type":"rijeka","identity":"yes"},"geometry":{"type":"LineString","coordinates":[[8.521099090576172,47.951190454376324],[8.492002487182617,47.95073056227322],[8.488998413085938,47.95452454972844],[8.491315841674805,47.95958276636587],[8.487710952758789,47.9619967406434],[8.482561111450195,47.96044491298534],[8.480329513549805,47.95785842996354],[8.4759521484375,47.96084724315064],[8.474750518798828,47.96475543026787],[8.467884063720703,47.966594474835226],[8.473377227783203,47.97090447896541],[8.472261428833008,47.97291569113552],[8.474235534667969,47.97521412341618],[8.47543716430664,47.974811905152386],[8.476123809814453,47.97906376828657],[8.468828201293945,47.98463662615423],[8.462562561035156,47.99980094507301],[8.458099365234375,47.99980094507301],[8.457412719726562,48.0030170459058],[8.46221923828125,48.00600324571959],[8.463249206542969,48.017946316196635],[8.470115661621094,48.0227686952051],[8.468399047851562,48.030804991120775],[8.464279174804688,48.030804991120775],[8.469429016113281,48.0473328598339],[8.462562561035156,48.051004999484974],[8.46445083618164,48.05920899041382],[8.458700180053711,48.06471583142591],[8.448743820190428,48.066035091275545],[8.439559936523438,48.066035091275545],[8.425140380859375,48.06855879850826],[8.416728973388672,48.07251618111357],[8.410377502441406,48.07612917771703],[8.40402603149414,48.08318239231027],[8.404197692871094,48.08862933522144],[8.401193618774414,48.08971865458321],[8.398618698120117,48.09562351060145],[8.3935546875,48.10582642065786],[8.394412994384766,48.11476663187632],[8.39080810546875,48.12084050334061],[8.378791809082031,48.12897607379905],[8.364200592041016,48.13115297973008],[8.338623046874998,48.124392812310205],[8.333280086517332,48.121098340485425],[8.331520557403564,48.121026719186105],[8.326349258422852,48.121126988977174],[8.323452472686768,48.12062563806472],[8.322594165802,48.11947967474863],[8.320212364196777,48.11847693587734],[8.317186832427979,48.11840531092333],[8.309783935546875,48.11541129852206],[8.302574157714842,48.112359804932716],[8.298218250274656,48.10946573279166],[8.296029567718506,48.1075601408626],[8.294237852096558,48.10758163289485],[8.291620016098022,48.107524320788876],[8.286395072937012,48.10708731387939],[8.284109830856323,48.107244923357115],[8.28140616416931,48.10703000122222]]}},{"type":"Feature","properties":{"identity":"yes","namenew":"Seigbichl","namelat":"Žihpolje","dateinsert":"8.10.2019.","country":"Austria","type":"mesto","source":"http://wwwg.uni-klu.ac.at/spw/oenf/name1.htm"},"geometry":{"type":"Point","coordinates":[14.209806919097899,46.66800730373285]}},{"type":"Feature","properties":{"namenew":"Faning","namelat":"Baniče","dateinsert":"8.10.2019.","country":"Austria","source":"http://wwwg.uni-klu.ac.at/spw/oe","type":"mesto","identity":"yes"},"geometry":{"type":"Point","coordinates":[14.21330451965332,46.68936874111175]}},{"type":"Feature","properties":{"source":"http://wwwg.uni-klu.ac.at/spw/oe","identity":"yes","type":"mesto","country":"Austria","namenew":"Faningsberg","namelat":"Banjska gora","dateinsert":"8.10.2019."},"geometry":{"type":"Point","coordinates":[13.692913055419922,47.14933398689592]}},{"type":"Feature","properties":{"namenew":"Pfannsdorf","namelat":"Banjska ves","source":"http://wwwg.uni-klu.ac.at/spw/oe","type":"mesto","country":"Austria","dateinsert":"8.10.2019.","identity":"yes"},"geometry":{"type":"Point","coordinates":[14.636921882629395,46.55559946304116]}},{"type":"Feature","properties":{"namenew":"Sonnegg","namelat":"Ženek","dateinsert":"8.10.2019.","type":"mesto","country":"Austria","identity":"yes","notes":""},"geometry":{"type":"Point","coordinates":[14.640998840332031,46.559701302480285]}},{"type":"Feature","properties":{"type":"mesto","country":"Austria","namenew":"Kirstendorf","namelat":"Kršna vas","dateinsert":"8.10.2019.","identity":"yes","insertedby":""},"geometry":{"type":"Point","coordinates":[14.648905992507935,46.554094393837865]}},{"type":"Feature","properties":{"type":"mesto","namenew":"Tichoja","namelat":"Tihoja","dateinsert":"8.10.2109","country":"Austria","identity":"yes"},"geometry":{"type":"Point","coordinates":[14.636321067810059,46.55106937359954]}},{"type":"Feature","properties":{"namenew":"Wriesnitz","namelat":"Vriježnica","dateinsert":"8.10.2109","country":"Austria","type":"mesto","identity":"yes"},"geometry":{"type":"Point","coordinates":[14.650182723999022,46.55194000646054]}},{"type":"Feature","properties":{"namenew":"Sittersdorf","namelat":"Žitara vas","dateinsert":"8.10.2109","country":"Austria","type":"mesto","identity":"yes"},"geometry":{"type":"Point","coordinates":[14.606924057006834,46.545136893183475]}},{"type":"Feature","properties":{"namenew":"Sellach","namelat":"Selo","dateinsert":"8.10.2109","country":"Austria","type":"mesto","identity":"yes"},"geometry":{"type":"Point","coordinates":[14.619584083557127,46.5427164910794]}},{"type":"Feature","properties":{"type":"planina","namenew":"Biasnitzenberg","namelat":"Bjelašnica","dateinsert":"8.10.2109","country":"Austria","identity":"yes"},"geometry":{"type":"Polygon","coordinates":[[[14.635591506958008,46.535366072105596],[14.621171951293947,46.538554327832834],[14.605894088745117,46.53412614432399],[14.600830078125,46.524914365934364],[14.621171951293947,46.51723669051567],[14.631471633911133,46.52131189949598],[14.635162353515625,46.531232869403546],[14.635591506958008,46.535366072105596]]]}},{"type":"Feature","properties":{"namenew":"Sagerberg","namelat":"Zagorje","dateinsert":"8.10.2109","country":"Austria","type":"planina","identity":"yes"},"geometry":{"type":"Polygon","coordinates":[[[14.645633697509766,46.54729155060242],[14.636707305908205,46.535543202334765],[14.634990692138672,46.5180635692279],[14.664945602416992,46.51381091609014],[14.689579010009766,46.52975664934808],[14.671382904052733,46.53943992120242],[14.645633697509766,46.54729155060242]]]}},{"type":"Feature","properties":{"namenew":"Slovenjach","namelat":"Slovenje","dateinsert":"8.10.2109","country":"Austria","type":"planina","identity":"yes"},"geometry":{"type":"Polygon","coordinates":[[[14.690093994140625,46.53205953510894],[14.70219612121582,46.546051895137865],[14.682369232177734,46.551364504947664],[14.656791687011719,46.55331233159562],[14.654903411865234,46.54546157306168],[14.690093994140625,46.53205953510894]]]}},{"type":"Feature","properties":{"namenew":"Globasnitz","namelat":"Globašnica","dateinsert":"8.10.2109","country":"Austria","type":"mesto","identity":"yes"},"geometry":{"type":"Point","coordinates":[14.701981544494627,46.55741434391593]}},{"type":"Feature","properties":{"namenew":"Unterort","namelat":"Podkraj","dateinsert":"8.10.2109","country":"Austria","type":"mesto","identity":"yes"},"geometry":{"type":"Point","coordinates":[14.78309154510498,46.5419785421434]}},{"type":"Feature","properties":{"type":"mesto","namenew":"Bleiburg","namelat":"Pliberg","country":"Austria","dateinsert":"8.10.2109","identity":"yes"},"geometry":{"type":"Point","coordinates":[14.798927307128906,46.59057318203134]}},{"type":"Feature","properties":{"namenew":"Pirkdorf","namelat":"Breška vas","dateinsert":"8.10.2109","country":"Austria","type":"mesto","identity":"yes"},"geometry":{"type":"Point","coordinates":[14.740476608276367,46.56240126496207]}},{"type":"Feature","properties":{"namenew":"Penk","namelat":"Ponikva","country":"Austria","type":"mesto","dateinsert":"8.10.2109","identity":"yes"},"geometry":{"type":"Point","coordinates":[14.786438941955566,46.561560307448815]}},{"type":"Feature","properties":{"namenew":"Loibach","namelat":"Libuče","country":"Austria","type":"mesto","dateinsert":"8.10.2109","identity":"yes"},"geometry":{"type":"Point","coordinates":[14.804978370666502,46.56731396675452]}},{"type":"Feature","properties":{"namenew":"Eberndorf","namelat":"Dobria vas","type":"mesto","country":"Austria","dateinsert":"8.10.2109","identity":"yes"},"geometry":{"type":"Point","coordinates":[14.639625549316406,46.59139894409289]}},{"type":"Feature","properties":{"type":"mesto","country":"Hungary","namenew":"Szombathely","namelat":"Sabarija","dateinsert":"8.10.2109","source":"https://en.wikipedia.org/wiki/Szombathely","identity":"yes"},"geometry":{"type":"Point","coordinates":[16.617164611816406,47.232391549941546]}},{"type":"Feature","properties":{"type":"mesto","country":"Slovenia","dateinsert":"8.10.2109","namenew":"Murska Sobota","namelat":"Belmura","source":"https://en.wikipedia.org/wiki/Murska_Sobota","identity":"no"},"geometry":{"type":"Point","coordinates":[16.167755126953125,46.661866720526646]}},{"type":"Feature","properties":{"type":"rijeka","country":"Hungary","namenew":"Rába","namelat":"Raba","dateinsert":"8.10.2109","identity":"no"},"geometry":{"type":"LineString","coordinates":[[16.247406005859375,46.94920759633602],[16.272125244140625,46.954832134062926],[16.274099349975586,46.958288587932536],[16.28800392150879,46.953894752157474],[16.32619857788086,46.95869866086379],[16.371173858642578,46.95014506033967],[16.42559051513672,46.9502622421856],[16.47623062133789,46.940300869361366],[16.511249542236328,46.95834716997226],[16.527042388916016,46.97990100594081],[16.571674346923828,46.99266521436125],[16.61355972290039,47.00788459698956],[16.67278289794922,47.02871641221868],[16.691665649414062,47.04696682612403],[16.778526306152344,47.07853932995949],[16.842041015625,47.10238171040462],[16.920318603515625,47.2279619858493],[16.975250244140625,47.26664987622105],[16.9683837890625,47.30018756886947],[17.044601440429688,47.3955603961201],[17.15103149414062,47.43737696208075],[17.30621337890625,47.43412575348547],[17.365951538085938,47.44016355242185],[17.384490966796875,47.45873704984453],[17.395477294921875,47.54455416428098],[17.455902099609375,47.60847775345513],[17.536239624023438,47.638559656739545],[17.610397338867188,47.65845047937922],[17.62481689453125,47.68526796177686],[17.62928009033203,47.69006360152613]]}},{"type":"Feature","properties":{"namenew":"Sárvár","namelat":"Šarvar","country":"Hungary","type":"mesto","dateinsert":"8.10.2109","identity":"yes"},"geometry":{"type":"Point","coordinates":[16.937119960784912,47.25202142697984]}},{"type":"Feature","properties":{"country":"Austria","namenew":"Achomitz","namelat":"Zahomec","dateinsert":"8.10.2109","type":"mesto","identity":"yes"},"geometry":{"type":"Point","coordinates":[13.60781192779541,46.56896618689734]}},{"type":"Feature","properties":{"country":"Austria","type":"mesto","dateinsert":"8.10.2109","namenew":"Niederdorf","namelat":"Podnja","source":"http://wwwg.uni-klu.ac.at/spw/oenf/name1.htm","identity":"yes"},"geometry":{"type":"Point","coordinates":[10.257689952850342,47.90322467512341]}},{"type":"Feature","properties":{"type":"mesto","namenew":"Mallnitz","namelat":"Maljnica","country":"Austria","dateinsert":"8.10.2109","source":"http://wwwg.uni-klu.ac.at/spw/oenf/name1.htm","identity":"yes"},"geometry":{"type":"Point","coordinates":[13.170461654663084,46.989855008117836]}},{"type":"Feature","properties":{"namenew":"Mürz","namelat":"Murica","dateinsert":"8.10.2109","country":"Austria","type":"rijeka","identity":"yes"},"geometry":{"type":"LineString","coordinates":[[15.275287628173828,47.409764328791304],[15.273656845092772,47.413278412287966],[15.277647972106934,47.414556202697234],[15.280265808105469,47.41838938789477],[15.279364585876465,47.42135120351677],[15.274043083190918,47.42448706198019],[15.27292728424072,47.42765176677375],[15.268549919128416,47.43011952379391],[15.283012390136719,47.43702862791111],[15.288591384887695,47.43354515938342],[15.287132263183592,47.440860176947176],[15.295372009277342,47.442079247671344],[15.29717445373535,47.44562019766909],[15.308246612548828,47.44387877663593],[15.31219482421875,47.447187427309146],[15.327644348144531,47.450437828812575],[15.328502655029295,47.45246922774712],[15.322322845458983,47.457228197989686],[15.343008041381836,47.464075716428546],[15.355539321899412,47.46680286948291],[15.361461639404295,47.46343742613263],[15.378885269165037,47.46633868321022],[15.379142761230467,47.46987800000272],[15.390644073486326,47.48090057423614],[15.397510528564453,47.479508376653996],[15.406436920166014,47.48855700150933],[15.411930084228514,47.48971696889715],[15.421371459960938,47.49899578574834],[15.43785095214844,47.50189507978143],[15.441627502441404,47.49760406774153],[15.44454574584961,47.498183954727445],[15.45158386230469,47.50514209901774],[15.45098304748535,47.509142614392644],[15.461540222167969,47.513374711772926],[15.465831756591797,47.51204134805232],[15.470809936523436,47.515287739676346],[15.463428497314453,47.52433020022881],[15.475702285766602,47.527170138636336],[15.488491058349611,47.52601099867386],[15.493898391723631,47.52815538746433],[15.497503280639648,47.5353992958054],[15.51492691040039,47.53771713515207],[15.52087068557739,47.5449452385626],[15.526556968688967,47.549739282446794],[15.533509254455566,47.54794337779334],[15.536384582519531,47.55199855895939],[15.55337905883789,47.54501765940571],[15.575180053710938,47.55764632413959],[15.588397979736328,47.56355410390806],[15.6060791015625,47.559268133942446],[15.648651123046875,47.58266294496283],[15.667619705200194,47.6013018203069],[15.668478012084961,47.6059894365203],[15.663928985595705,47.616173426292185],[15.666847229003906,47.6196447877187],[15.660324096679688,47.62496709428051],[15.658607482910156,47.63080943730887],[15.653629302978514,47.63283385926336],[15.653629302978514,47.6342798269323],[15.640754699707031,47.63925365016244],[15.5731201171875,47.66423127417956],[15.574150085449217,47.67162975748323],[15.543251037597656,47.6745195051821],[15.532264709472656,47.66989583205316],[15.526599884033203,47.66203464756057],[15.49192428588867,47.67579094347484],[15.477333068847656,47.69127688626756],[15.477161407470703,47.71103212201742],[15.481452941894531,47.721657572751155],[15.48574447631836,47.7420939217573],[15.501022338867188,47.753059276402304],[15.508704185485838,47.75311698268388]]}},{"type":"Feature","properties":{"namenew":"Stille Mürz","namelat":"Tiha Murica","type":"rijeka","country":"Austria","dateinsert":"8.10.2109","identity":"yes"},"geometry":{"type":"LineString","coordinates":[[15.508714914321901,47.75311698268388],[15.510123074054716,47.753569614110525],[15.51095187664032,47.753948306701545],[15.51170289516449,47.754061913941456],[15.512775778770447,47.7546966672889],[15.512856245040894,47.755262889593],[15.514202713966368,47.75547927865518],[15.51468551158905,47.756889392004176],[15.514658689498901,47.757783766342605],[15.516386032104492,47.75825979802783],[15.516064167022705,47.759897025270355],[15.516241192817688,47.759983573294335],[15.519540309906004,47.75988260058572],[15.522243976593018,47.761007713979],[15.526299476623533,47.760286490244404],[15.529088973999022,47.76083462119456],[15.532350540161133,47.76344537619157],[15.53316593170166,47.76468579950011],[15.541105270385744,47.766185806778466],[15.543937683105469,47.77114706114516],[15.549302101135252,47.77183929157127],[15.551576614379883,47.77331025063271],[15.562133789062498,47.776482765780024],[15.576725006103516,47.78138536301491],[15.594062805175781,47.7809816371814],[15.594685077667235,47.78073651639566]]}},{"type":"Feature","properties":{"namenew":"Kalte Mürz","namelat":"Hladna Murica","dateinsert":"8.10.2109","country":"Austria","type":"rijeka","identity":"yes"},"geometry":{"type":"LineString","coordinates":[[15.508747100830078,47.75311698268388],[15.513296127319334,47.74653805440978],[15.518617630004883,47.7459609157629],[15.521621704101564,47.74798087303008],[15.529174804687498,47.74561462950306],[15.550889968872072,47.74965449252323],[15.554666519165037,47.7460763440042],[15.570974349975586,47.74353686356504],[15.587196350097654,47.73441679894919],[15.593633651733397,47.73505179189662],[15.597324371337889,47.7338972535053],[15.601873397827148,47.73326946251121],[15.60555338859558,47.73242517993072],[15.606486797332764,47.73269217675659],[15.608986616134642,47.73212210079379],[15.613900423049927,47.730801521110905],[15.614426136016844,47.730087095193056],[15.616571903228758,47.729387092616506],[15.61905026435852,47.72886028034908],[15.6205415725708,47.728391196448115]]}},{"type":"Feature","properties":{"type":"mesto","country":"Austria","namenew":"Murau","namelat":"Murav","dateinsert":"8.10.2109","identity":"yes","notes":""},"geometry":{"type":"Point","coordinates":[14.169166088104248,47.11219605898184]}},{"type":"Feature","properties":{"namenew":"Muritzen","namelat":"Murica","country":"Austria","type":"mesto","dateinsert":"8.10.2109","identity":"yes"},"geometry":{"type":"Point","coordinates":[13.397054672241211,47.13237404688666]}},{"type":"Feature","properties":{"namenew":"Muritzenbach","namelat":"Murica","type":"rijeka","country":"Austria","dateinsert":"8.10.2109","identity":"yes"},"geometry":{"type":"LineString","coordinates":[[13.376766443252562,47.11411636341217],[13.377131223678589,47.1151385504383],[13.377195596694946,47.11586137084104],[13.377689123153687,47.116511170701095],[13.37833285331726,47.11645276204949],[13.378697633743284,47.11738729278173],[13.378504514694214,47.11794216263832],[13.379223346710205,47.11894967469118],[13.379244804382324,47.1199936706771],[13.379899263381958,47.12092083874816],[13.38158369064331,47.12185529100663],[13.381948471069334,47.12184069031631],[13.383922576904295,47.12465124934591],[13.38531732559204,47.12527174236853],[13.386883735656738,47.12560023574452],[13.387173414230347,47.12663680154197],[13.390252590179442,47.12840329670831],[13.390552997589111,47.12980477179819],[13.395960330963133,47.131979904790946],[13.398996591567993,47.13227916109354],[13.399498164653776,47.13249447861105],[13.400034606456755,47.132521849419454],[13.401989936828613,47.13203099744961],[13.404189348220825,47.13199450269841],[13.405584096908568,47.13206019323251]]}},{"type":"Feature","properties":{"type":"jezero","country":"Germany","dateinsert":"9.10.2019.","namenew":"Walchensee","namelat":"Vlaško","identity":"yes"},"geometry":{"type":"Polygon","coordinates":[[[11.308879852294922,47.56830301243495],[11.322956085205078,47.57189336475817],[11.341323852539062,47.574788630897444],[11.344242095947266,47.57305149042265],[11.361408233642578,47.57409378162266],[11.36587142944336,47.5812734461813],[11.369991302490234,47.57698892610686],[11.379432678222656,47.57918912885917],[11.382522583007812,47.5810418594655],[11.392135620117188,47.581620824334166],[11.393165588378906,47.585789182379905],[11.382007598876953,47.584399766577576],[11.371879577636719,47.591462247489595],[11.373939514160156,47.59655590441905],[11.363983154296875,47.6002600707703],[11.363983154296875,47.60199630847375],[11.370677947998047,47.602112055605225],[11.370849609375,47.60431120244565],[11.363983154296875,47.60442694445526],[11.365013122558594,47.608130553547454],[11.356086730957031,47.6106766326815],[11.350936889648436,47.611255269744255],[11.35110855102539,47.61403263852783],[11.348190307617188,47.61715700209572],[11.34012222290039,47.61426407926828],[11.338748931884766,47.60894068308017],[11.325874328613281,47.59921830048998],[11.317462921142578,47.59609286518617],[11.317291259765625,47.58903100916583],[11.307849884033203,47.58636809474634],[11.308021545410154,47.582778734863226],[11.321582794189453,47.58879945676841],[11.326217651367188,47.58798901531023],[11.329479217529295,47.58532604787685],[11.323814392089844,47.57779953787762],[11.316776275634766,47.57918912885917],[11.306476593017578,47.57189336475817],[11.308879852294922,47.56830301243495]]]}},{"type":"Feature","properties":{"namelat":"Vlaško","namenew":"Walchensee","dateinsert":"9.10.2019.","country":"Germany","type":"mesto","identity":"yes"},"geometry":{"type":"Point","coordinates":[11.311712265014648,47.590941277356606]}},{"type":"Feature","properties":{"namenew":"Sachensee","namelat":"Suho jezero","dateinsert":"9.10.2019.","country":"Germany","type":"jezero","identity":"yes"},"geometry":{"type":"Polygon","coordinates":[[[11.28522276878357,47.537988750243564],[11.284611225128174,47.53788372590837],[11.28318965435028,47.5382060413037],[11.282572746276855,47.538024965482784],[11.282315254211426,47.53773524286863],[11.282368898391724,47.53730065594564],[11.282406449317932,47.537159414420124],[11.282063126564026,47.53686244381781],[11.282025575637817,47.5364930390139],[11.283291578292847,47.53600411688945],[11.283790469169617,47.53562021928553],[11.283790469169617,47.5350950717848],[11.283672451972961,47.53511680213052],[11.283586621284485,47.534856037387534],[11.283817291259766,47.534787224253016],[11.283924579620361,47.534968311255284],[11.284085512161255,47.5356854096428],[11.28470778465271,47.53684433579984],[11.28590941429138,47.53774248595349],[11.285845041275024,47.53780767367224],[11.285625100135803,47.53777507982299],[11.285485625267029,47.53778956598073],[11.28522276878357,47.537988750243564]]]}},{"type":"Feature","properties":{"namenew":"Walchenfeld","namelat":"Vlaško polje","country":"Germany","type":"mesto","dateinsert":"9.10.2019.","identity":"yes"},"geometry":{"type":"Point","coordinates":[10.566487312316893,50.16997169735088]}},{"type":"Feature","properties":{"type":"mesto","country":"Austria","dateinsert":"9.10.2019.","namenew":"Lech","namelat":"Likija","source":"https://en.wikipedia.org/wiki/Lech_(river)","identity":"yes"},"geometry":{"type":"Point","coordinates":[10.140166282653809,47.20904474789059]}},{"type":"Feature","properties":{"type":"rijeka","source":"https://en.wikipedia.org/wiki/Lech_(river)","country":"Austria","namenew":"Lech","namelat":"Likija","dateinsert":"9.10.2019.","identity":"yes"},"geometry":{"type":"LineString","coordinates":[[10.008587837219238,47.17343639581669],[10.007321834564209,47.17523050826891],[10.007944107055664,47.176164006220674],[10.012675523757933,47.177739246802524],[10.01875877380371,47.179059204081675],[10.0230073928833,47.181064601235825],[10.02973437309265,47.186416817655996],[10.040903091430664,47.19379528294363],[10.049314498901367,47.19245382009602],[10.069999694824219,47.19764450981031],[10.0799560546875,47.19945238363177],[10.10519027709961,47.19711963167912],[10.12639045715332,47.201959977596175],[10.143299102783203,47.21035663855128],[10.174884796142578,47.24404652858924],[10.186471939086914,47.25156262976332],[10.206127166748047,47.25564068788856],[10.210418701171875,47.25600478494984],[10.221662521362305,47.25360169808079],[10.223679542541504,47.249406957888446],[10.229859352111816,47.24920303843896],[10.236597061157227,47.244570942349924],[10.24324893951416,47.24477487963266],[10.244665145874023,47.24395912579106],[10.251617431640625,47.245648887666],[10.251317024230957,47.24768818366419],[10.259084701538086,47.2494652204441],[10.278396606445312,47.24159919573075],[10.289983749389648,47.239967577681966],[10.299425125122069,47.245270152622055],[10.314016342163084,47.245328419728146],[10.332813262939453,47.25674753519211],[10.442676544189451,47.285168106231886],[10.536575317382812,47.3344020338263],[10.553741455078123,47.38091675222654],[10.590820312499998,47.429945332976125],[10.652618408203125,47.440860176947176],[10.71063995361328,47.48658499815577],[10.711326599121094,47.5213741826685],[10.661201477050781,47.54524940543122],[10.667552947998047,47.555561066342044],[10.680599212646484,47.55677747680909]]}},{"type":"Feature","properties":{"namenew":"Lech","namelat":"Likija","country":"Germany","type":"rijeka","dateinsert":"9.10.2019.","source":"https://en.wikipedia.org/wiki/Lech_(river)","notes":"","identity":"yes"},"geometry":{"type":"LineString","coordinates":[[10.68094253540039,47.556719553141455],[10.694074630737303,47.560079020018435],[10.694847106933594,47.56482824357802],[10.70866584777832,47.565349473601586],[10.714588165283201,47.57861013709884],[10.74411392211914,47.63728731152228],[10.740594863891602,47.65353630050677],[10.769777297973633,47.65613798222679],[10.795783996582031,47.67902719206281],[10.800418853759766,47.70456339548199],[10.828399658203125,47.71715357016648],[10.825309753417969,47.737822579595175],[10.834407806396483,47.753636336338474],[10.84299087524414,47.753982569228604],[10.84299087524414,47.7574447714268],[10.835609436035156,47.76829151323966],[10.853118896484375,47.7619452898863],[10.930023193359375,47.82836915324866],[10.92041015625,47.902994516235886],[10.871658325195312,47.943026761143095],[10.875778198242188,48.0542179068944],[10.855865478515623,48.12943437745315],[10.941696166992186,48.27999430071926],[10.941009521484375,48.343928144639065],[10.932769775390625,48.36856693556385],[10.893630981445312,48.398664832741375],[10.888309478759766,48.405274865046685],[10.889511108398438,48.44229794818326],[10.876808166503906,48.48407313462839],[10.865135192871094,48.50432228771794],[10.87320327758789,48.53593119214538],[10.869770050048828,48.575017067120385],[10.883502960205078,48.60748989475176],[10.878524780273438,48.61906606457987],[10.87921142578125,48.64924241413968],[10.889854431152344,48.684840893522235],[10.901870727539062,48.72041422804209],[10.937232971191406,48.735587551234275]]}},{"type":"Feature","properties":{"type":"mesto","country":"Switzerland","namenew":"Zernez","namelat":"Čarnec","source":"https://en.wikipedia.org/wiki/Zernez","dateinsert":"9.10.2019.","identity":"yes"},"geometry":{"type":"Point","coordinates":[10.094139575958252,46.69812581392456]}},{"type":"Feature","properties":{"source":"https://sh.wikipedia.org/wiki/St._Moritz","type":"mesto","country":"Switzerland","namenew":"Sankt Moritz","namelat":"Murica","dateinsert":"9.10.2019.","identity":"yes","insertedby":""},"geometry":{"type":"Point","coordinates":[9.83898639678955,46.496087945701376]}},{"type":"Feature","properties":{"type":"mesto","country":"Switzerland","namenew":"Silvaplana","namelat":"Siva planina","dateinsert":"9.10.2019.","identity":"yes"},"geometry":{"type":"Point","coordinates":[9.796714782714844,46.45979691816992]}},{"type":"Feature","properties":{"type":"rijeka","country":"Switzerland","namenew":"Inn","namelat":"Una","dateinsert":"9.10.2019.","source":"https://en.wikipedia.org/wiki/Inn_(river)","identity":"yes","notes":""},"geometry":{"type":"LineString","coordinates":[[9.856710433959961,46.50530461139445],[9.86372709274292,46.50973514453876],[9.862933158874512,46.51358941462103],[9.865808486938475,46.51604064725837],[9.861259460449219,46.520012590692616],[9.869241714477539,46.5296975997113],[9.8891544342041,46.54250986638839],[9.899711608886719,46.54723252003176],[9.90117073059082,46.55638149232393],[9.931297302246094,46.583465209833086],[9.942197799682617,46.58523491660521],[9.948205947875977,46.59148741785329],[9.96211051940918,46.59596989934333],[9.964942932128906,46.60056995535554],[9.97309684753418,46.60186733644424],[9.977946281433105,46.609444600769116],[9.985799789428711,46.611508263427694],[10.005025863647461,46.618435698710485],[10.008888244628906,46.62798526273379],[10.02253532409668,46.63600088004092],[10.027084350585938,46.636825949723566],[10.025711059570312,46.64654903744502],[10.062103271484375,46.675354470982896],[10.086822509765625,46.69301892051677],[10.091285705566406,46.7076171712239],[10.080642700195312,46.72409432343172],[10.079612731933594,46.7506825388258],[10.094375610351562,46.76267823616486],[10.129737854003906,46.77184961467733],[10.208358764648438,46.770086009314014],[10.336761474609375,46.80569963924226],[10.42327880859375,46.8569043093802],[10.465078353881834,46.88395495634796],[10.475807189941404,46.897211247926755],[10.478639602661133,46.91034699415817],[10.484819412231445,46.91421673408155],[10.488166809082031,46.928344775117765],[10.486536026000975,46.93326819602296]]}},{"type":"Feature","properties":{"namenew":"Inn","namelat":"Una","type":"rijeka","country":"Austria","dateinsert":"9.10.2019.","source":"https://en.wikipedia.org/wiki/Inn_(river)","identity":"yes"},"geometry":{"type":"LineString","coordinates":[[10.4864501953125,46.93332680545054],[10.494003295898438,46.93883580525047],[10.506792068481445,46.946277915494086],[10.515203475952148,46.95442203149969],[10.518207550048828,46.95881582398119],[10.523357391357422,46.958288587932536],[10.525932312011719,46.96320925568553],[10.540523529052734,46.96971087251765],[10.616226196289062,47.021929410040514],[10.654335021972656,47.060299719543764],[10.664291381835938,47.09326676640354],[10.652961730957031,47.11429889824975],[10.605926513671875,47.11873795272715],[10.56610107421875,47.140460613922556],[10.578804016113281,47.15073491039044],[10.598630905151365,47.16964376350849],[10.667724609375,47.20394264240714],[10.72866439819336,47.217352840714064],[10.808143615722654,47.21327183495476],[10.859298706054688,47.245678021018755],[10.984268188476562,47.28412007756301],[11.10992431640625,47.310430956443994],[11.363296508789062,47.251737410123965],[11.476593017578125,47.2685136391655],[11.82952880859375,47.40299687942138],[12.049942016601562,47.4889049944156],[12.166156768798828,47.5820839916191],[12.179889678955078,47.6002600707703],[12.207870483398438,47.61380119676306],[12.161178588867188,47.70121320371109]]}},{"type":"Feature","properties":{"source":"https://en.wikipedia.org/wiki/Inn_(river)","identity":"yes","type":"rijeka","country":"Germany","namenew":"Inn","namelat":"Una","dateinsert":"9.10.2019.","notes":""},"geometry":{"type":"LineString","coordinates":[[12.15980529785156,47.700520033704954],[12.12615966796875,47.756406134955995],[12.12615966796875,47.814076743593624],[12.151565551757812,47.84404017499422],[12.135086059570312,47.86707719746549],[12.158432006835938,47.96464048780833],[12.152938842773436,47.98164918953037],[12.229499816894531,48.06247874831347],[12.235336303710938,48.106284930862884],[12.275505065917969,48.14157793403966],[12.403564453125,48.183714404203776],[12.457466125488281,48.19927781885942],[12.484588623046875,48.23244872681151],[12.66998291015625,48.25256955799006],[12.8045654296875,48.26628376883913],[12.926788330078123,48.209574538403075],[12.957000732421873,48.2074009588649],[13.008155822753906,48.24685421761493],[13.033561706542969,48.26125565204099],[13.062357902526855,48.26771212089315],[13.078923225402832,48.27630995676686],[13.141708374023438,48.28113667898437],[13.180160522460936,48.29575686451831],[13.261871337890625,48.29233063405986],[13.33465576171875,48.324071563935945],[13.408641815185547,48.373014336245824],[13.438854217529297,48.434895488970035],[13.42529296875,48.45709963072363],[13.454132080078125,48.510918579522865],[13.435935974121094,48.555023415233244],[13.47198486328125,48.5743355954839]]}},{"type":"Feature","properties":{"country":"Austria","namenew":"Sanna","namelat":"Sana","dateinsert":"9.10.2019.","type":"rijeka","identity":"yes"},"geometry":{"type":"LineString","coordinates":[[10.49046277999878,47.11730698219157],[10.495355129241943,47.11980385474878],[10.49595594406128,47.122913830378465],[10.498745441436766,47.126782795101896],[10.498702526092528,47.12818431288975],[10.50816535949707,47.131060228541365],[10.511941909790039,47.13491400365719],[10.51486015319824,47.132870369814995],[10.5413818359375,47.14081090672473],[10.564212799072266,47.143729923657055]]}},{"type":"Feature","properties":{"namenew":"Bludentz","namelat":"Bludenc","dateinsert":"9.10.2019.","country":"Austria","source":"https://en.wikipedia.org/wiki/Bludenz","type":"mesto","identity":"yes"},"geometry":{"type":"Point","coordinates":[9.820575714111328,47.15312806927067]}},{"type":"Feature","properties":{"namenew":"Trisanna","namelat":"Trisana","country":"Austria","type":"rijeka","dateinsert":"9.10.2019.","identity":"yes"},"geometry":{"type":"LineString","coordinates":[[10.139157772064207,46.881483703442896],[10.130800008773804,46.88618411946925],[10.127935409545897,46.888383860685806],[10.123987197875975,46.89671272988556],[10.118408203125,46.90580262468002],[10.112099647521973,46.91172488813311],[10.109481811523438,46.91829138545136],[10.11364459991455,46.92195537568493],[10.12814998626709,46.93030833652098],[10.140552520751951,46.94452003002087],[10.151796340942383,46.95418768576675],[10.154285430908203,46.96262348563637],[10.165958404541014,46.96584514153663],[10.18458366394043,46.96877375126787],[10.242691040039062,46.98634204252131],[10.323715209960938,47.036672488302514],[10.386886596679688,47.06474327660513],[10.459671020507812,47.078773130594676],[10.484390258789062,47.09864243495672],[10.490913391113281,47.11756981639951]]}},{"type":"Feature","properties":{"type":"rijeka","country":"Austria","namenew":"Rosanne","namelat":"Rosana","dateinsert":"9.10.2019.","identity":"yes"},"geometry":{"type":"LineString","coordinates":[[10.167846679687498,46.98622493969181],[10.16660213470459,46.987542331732904],[10.166430473327637,46.990616120232396],[10.167717933654785,46.991055218445155],[10.16934871673584,46.996148494078774],[10.170164108276367,46.99752418066569],[10.16836166381836,47.005250783309194],[10.164284706115723,47.01244956640179],[10.161280632019043,47.01496598526934],[10.156989097595215,47.018623359406114],[10.153341293334961,47.02333368818491],[10.152740478515625,47.02865790726654],[10.154285430908203,47.03474207882402],[10.16106605529785,47.04334063828224],[10.165529251098633,47.05182085301206],[10.177974700927734,47.06404168695503],[10.188531875610352,47.07023874274547],[10.190897583961487,47.07172212917585],[10.191417932510376,47.07193769174835],[10.192989706993103,47.07432708966356],[10.193697810173035,47.074955476215926],[10.195409059524536,47.07835667249942],[10.196170806884764,47.07891194923641],[10.195441246032715,47.080365870121206],[10.19606351852417,47.08281333576831],[10.19900321960449,47.085406796065634],[10.200505256652832,47.08600583091658],[10.200644731521606,47.08686784485598],[10.202844142913818,47.089300402184016],[10.203251838684082,47.09156484519396],[10.204024314880371,47.09247789981553],[10.206427574157715,47.09268242190485],[10.206813812255858,47.09388032122663],[10.207972526550293,47.09487368071481],[10.211319923400879,47.095165841743736],[10.214495658874512,47.098321078718776],[10.217928886413574,47.10249855853072],[10.222864151000977,47.105536519792125],[10.221619606018066,47.10790250414097],[10.243034362792969,47.11780344571663],[10.267410278320312,47.12749815775342],[10.276679992675781,47.13520594493793],[10.295906066894531,47.14116119721898],[10.316333770751953,47.142445575952316],[10.377960205078125,47.15166883887242],[10.409889221191406,47.146999032347345],[10.426368713378906,47.12878286652481],[10.461387634277344,47.127147777248645],[10.493316650390623,47.118037074007965]]}},{"type":"Feature","properties":{"type":"mesto","country":"Austria","namelat":"Ventska nisa","namenew":"Zürich","dateinsert":"9.10.2019.","source":"https://en.wikipedia.org/wiki/List_of_ancient_Celtic_peoples_and_tribes#/media/File:R%C3%B6mische_Provinzen_im_Alpenraum_ca_14_n_Chr.png","notes":"Vendi = Serbi","identity":"yes"},"geometry":{"type":"Point","coordinates":[8.540496826171875,47.37603463349758]}},{"type":"Feature","properties":{"type":"rijeka","country":"Germany","namenew":"Laber","namelat":"Laber","identity":"no","insertedby":"","dateinsert":"9.10.2019."},"geometry":{"type":"LineString","coordinates":[[11.529234051704407,49.2746263842272],[11.528440117835999,49.273702394276796],[11.528536677360535,49.27240737923393],[11.530092358589172,49.271266337806416],[11.537275314331055,49.266320353130695],[11.539206504821777,49.265452216913594],[11.539936065673828,49.26365988737252],[11.539463996887207,49.260327101565174],[11.538476943969727,49.25931881949591],[11.540043354034424,49.25786237569522],[11.541223526000977,49.25630785460682],[11.536481380462646,49.25280650166781],[11.536202430725098,49.2529605664207],[11.53491497039795,49.25258240662345],[11.534829139709473,49.251924121547354],[11.531996726989746,49.24980914625938],[11.529872417449951,49.24723183535351],[11.529850959777832,49.245817058585274],[11.528606414794922,49.24550888401142],[11.52941107749939,49.24015054137491],[11.530591249465942,49.24001745095546],[11.530462503433228,49.238756576556305],[11.531202793121338,49.237026324292984],[11.532447338104248,49.23566029284749],[11.532490253448486,49.23158298973044],[11.534721851348875,49.22802383151843],[11.53691053390503,49.22346941656235],[11.536309719085693,49.220105886820726],[11.537168025970459,49.21805962756784],[11.53588056564331,49.21583107077566],[11.534056663513184,49.21473777976313],[11.53637409210205,49.21002794203406],[11.53491497039795,49.204140013845716],[11.536846160888672,49.20021433885426],[11.536202430725098,49.1958957364268],[11.537790298461914,49.18577078126724],[11.536331176757812,49.18088986887604],[11.52942180633545,49.17794425779623],[11.523284912109375,49.17592430887454],[11.520838737487793,49.17339925679931],[11.522426605224608,49.167843688837756],[11.521053314208984,49.166514328569825],[11.52091383934021,49.16566548355396],[11.521321535110472,49.164725423332364],[11.5201735496521,49.16331179171676],[11.518821716308594,49.16199283352136],[11.518285274505615,49.16077206431447],[11.518070697784422,49.15809187923961],[11.518226265907288,49.15675173231223],[11.518988013267517,49.15647106867778],[11.518397927284239,49.15515894509066],[11.517598628997803,49.15294158773553],[11.51566743850708,49.151117105356725],[11.51440143585205,49.1500785238386],[11.514337062835693,49.14934869677367],[11.515774726867676,49.14576958149891],[11.516847610473633,49.143607951371244],[11.516096591949461,49.143186843619205],[11.517156064510345,49.14198140289648],[11.517711281776428,49.14203755216929],[11.518371105194092,49.1407162727287],[11.521096229553223,49.13681364279042],[11.52167558670044,49.136911914222146],[11.522684097290039,49.13510088083443],[11.522705554962158,49.13191386296848],[11.522383689880371,49.12869855803915],[11.520066261291504,49.1269433909523],[11.51841402053833,49.126353640865894],[11.5161395072937,49.12319414596088],[11.517169475555418,49.11820875573092],[11.516118049621582,49.11393917816613],[11.511054039001465,49.11242226608513],[11.510539054870605,49.108011721191154],[11.51792049407959,49.10289836951136],[11.537833213806152,49.09564886915943],[11.549978256225586,49.08938197498222],[11.55585765838623,49.08302996565535],[11.55555725097656,49.07642413844637],[11.563539505004883,49.06821482264097],[11.573710441589355,49.06329420584512],[11.593022346496582,49.057698169517266],[11.603450775146484,49.05246713370346],[11.59851551055908,49.04504149255946],[11.597024202346802,49.04092034581133],[11.593430042266846,49.03723493559948],[11.581907272338865,49.03381654386847],[11.57935380935669,49.027963936994226]]}},{"type":"Feature","properties":{"namenew":"Lachen","namelat":"Vlasi","dateinsert":"9.10.2019.","country":"Germany","type":"mesto","identity":"yes","insertedby":""},"geometry":{"type":"Point","coordinates":[10.239171981811523,47.945901448095746]}},{"type":"Feature","properties":{"country":"Germany","namelat":"Devona","namenew":"Bamberg","dateinsert":"9.10.2019.","type":"mesto","source":"https://books.google.rs/books?id=WHMeteyqxjwC&pg=PA148&lpg=PA148&dq=lech+river+germany+celt&source=bl&ots=D2ZCxa8A7I&sig=ACfU3U3BVaQ1ltQTAcez7CH0Yd9c07Vsiw&hl=sr&sa=X&ved=2ahUKEwjZ8a2G2o7lAhXloosKHUQIAi4Q6AEwDHoECAgQAQ#v=onepage&q=lech%20river%20germany%20celt&f=false","identity":"yes"},"geometry":{"type":"Point","coordinates":[10.884790420532227,49.89076381993294]}},{"type":"Feature","properties":{"namenew":"Kempten","namelat":"Karodin","source":"https://books.google.rs/books?id=WHMeteyqxjwC&pg=PA148&lpg=PA148&dq=lech+river+germany+celt&source=bl&ots=D2ZCxa8A7I&sig=ACfU3U3BVaQ1ltQTAcez7CH0Yd9c07Vsiw&hl=sr&sa=X&ved=2ahUKEwjZ8a2G2o7lAhXloosKHUQIAi4Q6AEwDHoECAgQAQ#v=onepage&q=lech%20river%20germany%20celt&f=false","identity":"yes","country":"Germany","dateinsert":"9.10.2019.","type":"mesto"},"geometry":{"type":"Point","coordinates":[10.320968627929688,47.72298560174291]}},{"type":"Feature","properties":{"country":"Germany","namenew":"Würzburg","namelat":"Sigedin","source":"https://books.google.rs/books?id=WHMeteyqxjwC&pg=PA148&lpg=PA148&dq=lech+river+germany+celt&source=bl&ots=D2ZCxa8A7I&sig=ACfU3U3BVaQ1ltQTAcez7CH0Yd9c07Vsiw&hl=sr&sa=X&ved=2ahUKEwjZ8a2G2o7lAhXloosKHUQIAi4Q6AEwDHoECAgQAQ#v=onepage&q=lech%20river%20germany%20celt&f=false","type":"mesto","dateinsert":"9.10.2019.","identity":"yes","insertedby":""},"geometry":{"type":"Point","coordinates":[9.920976161956787,49.78967354273297]}},{"type":"Feature","properties":{"type":"mesto","country":"Germany","namenew":"Innstadt","namelat":"Bojodurum","source":"https://books.google.rs/books?id=WHMeteyqxjwC&pg=PA148&lpg=PA148&dq=lech+river+germany+celt&source=bl&ots=D2ZCxa8A7I&sig=ACfU3U3BVaQ1ltQTAcez7CH0Yd9c07Vsiw&hl=sr&sa=X&ved=2ahUKEwjZ8a2G2o7lAhXloosKHUQIAi4Q6AEwDHoECAgQAQ#v=onepage&q=lech%20river%20germany%20celt&f=false","dateinsert":"9.10.2019.","identity":"yes"},"geometry":{"type":"Point","coordinates":[13.46975326538086,48.56649801144473]}},{"type":"Feature","properties":{"namenew":"Passau","namelat":"Batava","source":"https://books.google.rs/books?id=WHMeteyqxjwC&pg=PA148&lpg=PA148&dq=lech+river+germany+celt&source=bl&ots=D2ZCxa8A7I&sig=ACfU3U3BVaQ1ltQTAcez7CH0Yd9c07Vsiw&hl=sr&sa=X&ved=2ahUKEwjZ8a2G2o7lAhXloosKHUQIAi4Q6AEwDHoECAgQAQ#v=onepage&q=lech%20river%20germany%20celt&f=false","type":"mesto","country":"Germany","dateinsert":"9.10.2019.","identity":"yes"},"geometry":{"type":"Point","coordinates":[13.465075492858887,48.575031264348496]}},{"type":"Feature","properties":{"country":"Germany","namenew":"Rottenburg am Neckar","namelat":"Sumelocenna","type":"mesto","source":"https://books.google.rs/books?id=WHMeteyqxjwC&pg=PA148&lpg=PA148&dq=lech+river+germany+celt&source=bl&ots=D2ZCxa8A7I&sig=ACfU3U3BVaQ1ltQTAcez7CH0Yd9c07Vsiw&hl=sr&sa=X&ved=2ahUKEwjZ8a2G2o7lAhXloosKHUQIAi4Q6AEwDHoECAgQAQ#v=onepage&q=lech%20river%20germany%20celt&f=false","dateinsert":"9.10.2019.","identity":"yes"},"geometry":{"type":"Point","coordinates":[8.934760093688965,48.47417313425861]}},{"type":"Feature","properties":{"type":"mesto","country":"Germany","source":"https://core.ac.uk/download/pdf/78075644.pdf","namenew":"Straubing","dateinsert":"9.10.2019.","namelat":"Serbiodurum","identity":"yes"},"geometry":{"type":"Point","coordinates":[12.571020126342772,48.88238449504303]}},{"type":"Feature","properties":{"namenew":"Regensburg","namelat":"Radasbona","source":"https://core.ac.uk/download/pdf/78075644.pdf","type":"mesto","country":"Germany","dateinsert":"9.10.2019.","identity":"yes","notes":""},"geometry":{"type":"Point","coordinates":[12.096805572509766,49.018057956916444]}},{"type":"Feature","properties":{"type":"rijeka","source":"https://books.google.rs/books?id=pTA3BAAAQBAJ&pg=PA48&lpg=PA48&dq=loisach+river+celtic+name&source=bl&ots=FFODA0cRw7&sig=ACfU3U1HL6z5kDISKESerijKm9cYE8fxHA&hl=sr&sa=X&ved=2ahUKEwikkcCD1o7lAhW2AxAIHbegACAQ6AEwAnoECAkQAQ#v=onepage&q=loisach%20river%20celtic%20name&f=false","country":"Germany","namenew":"Traun","namelat":"Drun","dateinsert":"9.10.2019.","identity":"yes"},"geometry":{"type":"LineString","coordinates":[[13.828353881835938,47.62190104905555],[13.783721923828125,47.61264397257417],[13.778915405273438,47.60060732292067],[13.733253479003906,47.595977104737685],[13.718490600585938,47.58972566021155],[13.711280822753904,47.5772205307505],[13.720550537109375,47.5610057315948],[13.70819091796875,47.55498181333744],[13.674888610839844,47.55289644950153],[13.656005859375,47.56401743101017],[13.660125732421875,47.59250417219734],[13.630599975585938,47.61287541946062],[13.624420166015625,47.636477621161035],[13.6065673828125,47.650818850092364],[13.618927001953125,47.68480570814145],[13.617210388183594,47.70860644364867],[13.651542663574219,47.72662307300181],[13.672142028808594,47.74347914666067],[13.73291015625,47.77740564293292],[13.773765563964844,47.81361563260797],[13.794364929199219,47.85694216853858],[13.801918029785154,47.92048367523512],[13.798828125,48.01013769851873],[13.868865966796875,48.095508859658345],[14.037780761718748,48.151428143221224],[14.319305419921875,48.24113823848043],[14.3701171875,48.27405352192057]]}},{"type":"Feature","properties":{"namenew":"Loich","namelat":"Luka","dateinsert":"9.10.2019.","country":"Austria","type":"mesto","source":"https://books.google.rs/books?id=pTA3BAAAQBAJ&pg=PA48&lpg=PA48&dq=loisach+river+celtic+name&source=bl&ots=FFODA0cRw7&sig=ACfU3U1HL6z5kDISKESerijKm9cYE8fxHA&hl=sr&sa=X&ved=2ahUKEwikkcCD1o7lAhW2AxAIHbegACAQ6AEwAnoECAkQAQ#v=onepage&q=loisach%20river%20celtic%20name&f=false","identity":"yes"},"geometry":{"type":"Point","coordinates":[15.401008129119871,47.995680022858785]}},{"type":"Feature","properties":{"namenew":"Traismauer","namelat":"Tragisa","dateinsert":"9.10.2019.","country":"Austria","type":"mesto","source":"https://books.google.rs/books?id=pTA3BAAAQBAJ&pg=PA48&lpg=PA48&dq=loisach+river+celtic+name&source=bl&ots=FFODA0cRw7&sig=ACfU3U1HL6z5kDISKESerijKm9cYE8fxHA&hl=sr&sa=X&ved=2ahUKEwikkcCD1o7lAhW2AxAIHbegACAQ6AEwAnoECAkQAQ#v=onepage&q=loisach%20river%20celtic%20name&f=false","identity":"yes"},"geometry":{"type":"Point","coordinates":[15.742721557617188,48.349860794413225]}},{"type":"Feature","properties":{"namenew":"Wolfratshausen","namelat":"Vlase","dateinsert":"9.10.2019.","source":"https://books.google.rs/books?id=pTA3BAAAQBAJ&pg=PA48&lpg=PA48&dq=loisach+river+celtic+name&source=bl&ots=FFODA0cRw7&sig=ACfU3U1HL6z5kDISKESerijKm9cYE8fxHA&hl=sr&sa=X&ved=2ahUKEwikkcCD1o7lAhW2AxAIHbegACAQ6AEwAnoECAkQAQ#v=onepage&q=loisach%20river%20celtic%20name&f=false","type":"mesto","country":"Germany","identity":"yes"},"geometry":{"type":"Point","coordinates":[11.423721313476562,47.91012896590063]}},{"type":"Feature","properties":{"namenew":"Loisach","namelat":"Liubasa","dateinsert":"9.10.2019.","country":"Germany","type":"rijeka","source":"https://books.google.rs/books?id=pTA3BAAAQBAJ&pg=PA48&lpg=PA48&dq=loisach+river+celtic+name&source=bl&ots=FFODA0cRw7&sig=ACfU3U1HL6z5kDISKESerijKm9cYE8fxHA&hl=sr&sa=X&ved=2ahUKEwikkcCD1o7lAhW2AxAIHbegACAQ6AEwAnoECAkQAQ#v=onepage&q=loisach%20river%20celtic%20name&f=false","identity":"yes"},"geometry":{"type":"LineString","coordinates":[[11.35535717010498,47.66004026176056],[11.367630958557129,47.67102289013564],[11.363511085510254,47.67778472750453],[11.369562149047852,47.700115680278515],[11.366643905639648,47.70444787521195],[11.36836051940918,47.70797112827668],[11.365785598754883,47.7121294156196],[11.366901397705078,47.7147859255021],[11.364068984985352,47.71894366909904],[11.371686458587646,47.724544549099676],[11.374647617340088,47.72923554442805],[11.379883289337158,47.7317324250259],[11.389431953430176,47.73202107402284],[11.391191482543945,47.731010795533955],[11.39505386352539,47.73219426265306],[11.395869255065918,47.734561116208106],[11.407327651977539,47.73727420623296],[11.409173011779785,47.74091067962969],[11.429901123046873,47.74148787427116],[11.430845260620115,47.743392571184096],[11.42796993255615,47.74509519579378],[11.414923667907715,47.74544148550925],[11.412134170532227,47.74847142225],[11.415910720825195,47.753088129551095],[11.415610313415527,47.755511736936874],[11.4093017578125,47.762983815781816],[11.404666900634766,47.764080015068075],[11.39904499053955,47.78207745714944],[11.402521133422852,47.78573963523056],[11.411190032958984,47.78819055517493],[11.40629768371582,47.81102180701895],[11.421833038330078,47.82324047503194],[11.423978805541992,47.82802341559099],[11.414451599121094,47.829694459600724],[11.412820816040039,47.84087178397514],[11.401748657226562,47.85020358126201],[11.415395736694336,47.853947348968894],[11.419172286987303,47.8647163734391],[11.41153335571289,47.869610645095634],[11.41179084777832,47.877095107822726],[11.419858932495117,47.91501894797467],[11.43101692199707,47.93434423607448]]}},{"type":"Feature","properties":{"namenew":"Glonn","namelat":"Glina","dateinsert":"9.10.2019.","country":"Germany","type":"mesto","source":"https://books.google.rs/books?id=pTA3BAAAQBAJ&pg=PA48&lpg=PA48&dq=loisach+river+celtic+name&source=bl&ots=FFODA0cRw7&sig=ACfU3U1HL6z5kDISKESerijKm9cYE8fxHA&hl=sr&sa=X&ved=2ahUKEwikkcCD1o7lAhW2AxAIHbegACAQ6AEwAnoECAkQAQ#v=onepage&q=loisach%20river%20celtic%20name&f=false","identity":"yes"},"geometry":{"type":"Point","coordinates":[11.865921020507812,47.987810588127466]}},{"type":"Feature","properties":{"namenew":"Glonn","country":"Germany","source":"https://books.google.rs/books?id=pTA3BAAAQBAJ&pg=PA48&lpg=PA48&dq=loisach+river+celtic+name&source=bl&ots=FFODA0cRw7&sig=ACfU3U1HL6z5kDISKESerijKm9cYE8fxHA&hl=sr&sa=X&ved=2ahUKEwikkcCD1o7lAhW2AxAIHbegACAQ6AEwAnoECAkQAQ#v=onepage&q=loisach%20river%20celtic%20name&f=false","type":"rijeka","dateinsert":"9.10.2019.","namelat":"Glina","identity":"yes"},"geometry":{"type":"LineString","coordinates":[[11.858518123626709,47.98882305529625],[11.858947277069092,47.99012989844712],[11.858432292938232,47.99063252161669],[11.857713460922241,47.99175981578037],[11.858153343200684,47.99247782470309],[11.861575841903687,47.99188187800204],[11.862713098526001,47.99209010112562],[11.864869594573975,47.990969994426536],[11.86974048614502,47.990194521700296],[11.868882179260254,47.987322298989376],[11.874514818191528,47.9799471351069],[11.877937316894531,47.97429476278083],[11.877808570861816,47.97231233570913],[11.879997253417969,47.96900812146097],[11.885731816291809,47.96692851301287],[11.892764568328857,47.96156568208107],[11.892786026000975,47.9577865813645],[11.89244270324707,47.950989252084796],[11.89171314239502,47.949178396210016],[11.89394474029541,47.94696504174858],[11.89544677734375,47.944464124603535],[11.901755332946777,47.94089938987162],[11.907119750976562,47.940870641011664],[11.914029121398926,47.93647187708898],[11.924886703491211,47.93204398514112],[11.927375793457031,47.92456746293405],[11.937417984008789,47.92008103081933],[11.945486068725584,47.9228419581677],[11.953125,47.924337398957476],[11.955442428588867,47.92928354895446],[11.966857910156248,47.9281908355915],[12.001876831054688,47.91887307876936],[12.010974884033203,47.90529605906089],[12.001533508300781,47.89033420146017],[11.997070312499998,47.879628065734565],[12.006168365478516,47.87651941829968],[12.006683349609375,47.868113622827785],[12.016124725341797,47.85383216014649]]}},{"type":"Feature","properties":{"namenew":"Glonn","namelat":"Glina","dateinsert":"9.10.2019.","country":"Germany","type":"mesto","source":"https://books.google.rs/books?id=pTA3BAAAQBAJ&pg=PA48&lpg=PA48&dq=loisach+river+celtic+name&source=bl&ots=FFODA0cRw7&sig=ACfU3U1HL6z5kDISKESerijKm9cYE8fxHA&hl=sr&sa=X&ved=2ahUKEwikkcCD1o7lAhW2AxAIHbegACAQ6AEwAnoECAkQAQ#v=onepage&q=loisach%20river%20celtic%20name&f=false","identity":"yes"},"geometry":{"type":"Point","coordinates":[11.38556957244873,48.36984987946931]}},{"type":"Feature","properties":{"type":"rijeka","country":"Germany","source":"https://books.google.rs/books?id=pTA3BAAAQBAJ&pg=PA48&lpg=PA48&dq=loisach+ri","namenew":"Glonn","namelat":"Glina","dateinsert":"9.10.2019.","identity":"yes"},"geometry":{"type":"LineString","coordinates":[[11.110900640487671,48.24774728165389],[11.10993504524231,48.24764725925702],[11.106072664260862,48.24815451367875],[11.105042695999146,48.249947724893524],[11.10537528991699,48.25207663505297],[11.106147766113281,48.25322678118141],[11.100440025329588,48.254569776217146],[11.0982084274292,48.25379827274216],[11.094346046447754,48.25505553169217],[11.092329025268555,48.255712722930475],[11.091899871826172,48.25688421679607],[11.098551750183104,48.25779853482062],[11.100826263427734,48.25928426673579],[11.107263565063475,48.26176991396541],[11.11142635345459,48.26414116590927],[11.116061210632322,48.267283619468465],[11.117391586303711,48.26888333978974],[11.122090816497803,48.269983118463585],[11.126039028167725,48.269754594972895],[11.132218837738035,48.269983118463585],[11.135051250457762,48.2711971323727],[11.142411231994627,48.27133995564236],[11.149792671203613,48.271325673333344],[11.160027980804443,48.27288242151845],[11.165628433227539,48.275710154696256],[11.164491176605225,48.277788010384214],[11.160575151443481,48.27947308214892],[11.156262159347532,48.27972298212709],[11.150929927825928,48.28125091540578],[11.148580312728882,48.28449226739575],[11.148591041564941,48.28587727578552],[11.15262508392334,48.28859006998566],[11.157023906707764,48.29016056918771],[11.162538528442383,48.29050321714062],[11.174726486206055,48.29457198582466],[11.179769039154053,48.29864043030041],[11.182923316955566,48.29963964777105],[11.185948848724365,48.303265215498364],[11.188352108001709,48.303836147576774],[11.188523769378662,48.306762074246556],[11.198930740356444,48.3152819881266],[11.223735809326172,48.320647233957544],[11.229400634765625,48.319562814873194],[11.249656677246092,48.32441398429022],[11.282787322998045,48.33080540894628],[11.317977905273438,48.3377665850617],[11.368789672851562,48.35008895945914],[11.374969482421875,48.360127210118826],[11.391105651855469,48.36765460023365],[11.406984329223633,48.37381254653499],[11.439599990844725,48.38116689534805],[11.45848274230957,48.39393471346839],[11.46723747253418,48.40367941865281],[11.48019790649414,48.408123751986835],[11.48543357849121,48.414960429540024],[11.511611938476562,48.424188486187234],[11.52191162109375,48.424644149283615],[11.539936065673828,48.42931446049157],[11.553668975830076,48.432788438002426],[11.582765579223633,48.43221894976855],[11.601390838623045,48.43022569068558],[11.604480743408203,48.431877253764455]]}},{"type":"Feature","properties":{"source":"https://books.google.rs/books?id=pTA3BAAAQBAJ&pg=PA48&lpg=PA48&dq=loisach+ri","type":"mesto","country":"Italy","dateinsert":"9.10.2019.","namenew":"Brescia","namelat":"Brežna","identity":"yes"},"geometry":{"type":"Point","coordinates":[10.235824584960938,45.54290788814744]}},{"type":"Feature","properties":{"identity":"no","source":"https://en.wikipedia.org/wiki/Brig-Glis","type":"mesto","country":"Switzerland","dateinsert":"10.10.2019.","namenew":"Brig","namelat":"Brig"},"geometry":{"type":"Point","coordinates":[7.9886484146118155,46.316465619794904]}},{"type":"Feature","properties":{"type":"mesto","identity":"yes","country":"Austria","dateinsert":"10.10.2019.","namenew":"Zell-Pfar3e","namelat":"Selle-Cerkev"},"geometry":{"type":"Point","coordinates":[14.387058019638062,46.471280858251646]}},{"type":"Feature","properties":{"namenew":"Grabelsdorf","namelat":"Grabelja vas","dateinsert":"10.10.2019.","country":"Austria","type":"mesto","identity":"yes"},"geometry":{"type":"Point","coordinates":[14.594221115112305,46.594672377040204]}},{"type":"Feature","properties":{"namenew":"Gail","namelat":"Zilja","source":"https://en.wikipedia.org/wiki/Gail_(river)","identity":"yes","type":"rijeka","country":"Austria","dateinsert":"10.10.2019.","notes":""},"geometry":{"type":"LineString","coordinates":[[12.542814016342163,46.7173201748024],[12.548779249191284,46.71623152436772],[12.556278705596924,46.71516491987166],[12.55987286567688,46.714723560120454],[12.5623619556427,46.71398795251341],[12.566771507263184,46.71382611749423],[12.567608356475828,46.71424541631645],[12.570011615753174,46.71408358206938],[12.57286548614502,46.71314199136935],[12.575268745422363,46.71217831512682],[12.576792240142822,46.71217831512682],[12.578186988830566,46.71036861706008],[12.580010890960693,46.70917683153688],[12.58434534072876,46.70947110201394],[12.589237689971924,46.707852594536355],[12.593035697937012,46.708352865666015],[12.596790790557861,46.70617518103036],[12.600116729736328,46.7056601751973],[12.600224018096924,46.7052334523564],[12.602519989013672,46.704335851922394],[12.60807752609253,46.70056871030465],[12.609171867370605,46.69886163771902],[12.611703872680664,46.7000242188764],[12.618098258972168,46.70184897932518],[12.628011703491211,46.70123092220906],[12.640414237976074,46.698994084937105],[12.651014328002928,46.697492997441415],[12.668352127075195,46.69967103231127],[12.672815322875977,46.70308507233155],[12.711439132690428,46.70455657472434],[12.76285171508789,46.7014958046966],[12.77933120727539,46.6965511173143],[12.794952392578125,46.69619790803103],[12.807826995849608,46.69231245343324],[12.81005859375,46.68830896539997],[12.850570678710938,46.68501175243325],[12.875118255615233,46.68136103188833],[12.901725769042969,46.683834127599084],[12.90842056274414,46.67924114545936],[12.917861938476562,46.681596569690676],[12.924900054931639,46.677827841631924],[12.93262481689453,46.677710064644344],[12.953567504882812,46.68018332747401],[12.958545684814453,46.67358770834943],[12.976226806640625,46.67028959689113],[12.984123229980469,46.66710908451567],[13.0133056640625,46.66875826244199],[13.094158172607422,46.65108588039371],[13.133983612060547,46.63847605134899],[13.171749114990234,46.63871177604488],[13.20608139038086,46.625155937892956],[13.237495422363281,46.62727794538748],[13.365898132324219,46.61312965749893],[13.423576354980469,46.602516015338495],[13.467521667480469,46.6058182602021],[13.47541809082031,46.612657984230204],[13.578414916992188,46.579630646972575],[13.60931396484375,46.586709628118015],[13.653945922851562,46.56971852046506],[13.769302368164062,46.559332444715345],[13.839340209960938,46.57255074148125],[13.882598876953125,46.605582392244486],[13.888006210327148,46.60652585791292]]}},{"type":"Feature","properties":{"type":"rijeka","country":"Austria","dateinsert":"10.10.2019.","namelat":"Lisura","namenew":"Lieser","identity":"yes"},"geometry":{"type":"LineString","coordinates":[[13.45424473285675,47.0649150184981],[13.45450758934021,47.065086759837754],[13.45544099807739,47.06593084220942],[13.457200527191162,47.06691010717377],[13.457200527191162,47.067063572440595],[13.457989096641539,47.06735223210249],[13.459131717681885,47.06772492960701],[13.460333347320555,47.067681082977025],[13.461298942565918,47.068090316787526],[13.46247911453247,47.067988008629435],[13.46400260925293,47.06844108612437],[13.46747875213623,47.06902569655612],[13.46850872039795,47.068660315787675],[13.474795818328857,47.06882839125224],[13.475536108016968,47.06848493212917],[13.476126194000244,47.066672600532684],[13.477756977081299,47.065963728265054],[13.480052947998047,47.06535715997458],[13.481125831604004,47.065393700428416],[13.481533527374268,47.06495521332929],[13.482488393783568,47.06446556513937],[13.485310077667236,47.06284311660895],[13.486425876617432,47.06318661208483],[13.492755889892578,47.06032895468211],[13.500738143920897,47.05911568296942],[13.503055572509766,47.05962730693757],[13.509407043457031,47.05708375645988],[13.512067794799805,47.057697728029275],[13.52816104888916,47.05258108227044],[13.540778160095213,47.04383779151834],[13.546528816223143,47.03901228495555],[13.5516357421875,47.03801788391461],[13.553910255432129,47.03845659254067],[13.575153350830078,47.035239312185006],[13.59781265258789,47.02994500139999],[13.611974716186523,47.018535585360745],[13.618927001953125,47.00162176062695],[13.622875213623047,46.98060370218798],[13.616952896118164,46.96402932297923],[13.602275848388672,46.935612523095635],[13.566913604736328,46.917793063424114],[13.531551361083984,46.90196159909572],[13.508548736572264,46.87333582901027],[13.498249053955078,46.838706402954735],[13.491039276123045,46.827549800008775],[13.494987487792967,46.81674330330521],[13.491039276123045,46.81345393837867],[13.498764038085936,46.80076450318144],[13.499622344970703,46.790892872885806],[13.499794006347654,46.781019431658954]]}},{"type":"Feature","properties":{"namenew":"Pölla","namelat":"Polje","dateinsert":"10.10.2019.","country":"Austria","type":"mesto","identity":"yes"},"geometry":{"type":"Point","coordinates":[13.544318675994873,47.04225858287084]}},{"type":"Feature","properties":{"namenew":"Deutsch Goritz","namelat":"Gorica","dateinsert":"10.10.2019.","country":"Austria","type":"mesto","identity":"yes"},"geometry":{"type":"Point","coordinates":[15.829710960388184,46.752123339652165]}},{"type":"Feature","properties":{"type":"oblast","country":"Austria","dateinsert":"10.10.2019.","namenew":"Krast","namelat":"Krast","identity":"no"},"geometry":{"type":"Polygon","coordinates":[[[15.376052856445312,46.68130214727729],[15.37107467651367,46.68074274027169],[15.368928909301756,46.6786817171146],[15.36914348602295,46.67564892580618],[15.37909984588623,46.67667950505256],[15.37841320037842,46.679623908884295],[15.376052856445312,46.68130214727729]]]}},{"type":"Feature","properties":{"type":"mesto","country":"Austria","namelat":"Dolinčiče","namenew":"Dolintchitschach","dateinsert":"10.10.2019.","notes":"","identity":"yes"},"geometry":{"type":"Point","coordinates":[14.778027534484865,46.55691267559806]}},{"type":"Feature","properties":{"namenew":"Bolzano","namelat":"Bojsan","dateinsert":"10.10.2019.","type":"mesto","country":"Austria","identity":"yes"},"geometry":{"type":"Point","coordinates":[11.35087251663208,46.49772756297579]}},{"type":"Feature","properties":{"namenew":"Borgo Valsugana","namelat":"Vlaško brdo","dateinsert":"10.10.2019.","country":"Austria","type":"mesto","identity":"yes"},"geometry":{"type":"Point","coordinates":[11.457635164260864,46.055364520987986]}},{"type":"Feature","properties":{"type":"mesto","country":"Italy","dateinsert":"10.10.2019.","namenew":"Breganze","namelat":"Bregance","identity":"yes"},"geometry":{"type":"Point","coordinates":[11.564526557922363,45.708576787494145]}},{"type":"Feature","properties":{"type":"oblast","country":"Italy","dateinsert":"10.10.2019.","namenew":"Veneto","namelat":"Venetija","identity":"yes"},"geometry":{"type":"Polygon","coordinates":[[[12.406311035156248,44.79937794671695],[12.572479248046875,44.959939425508466],[12.447509765625,45.41869637328527],[13.094329833984373,45.64092778836502],[12.98583984375,45.82114340079471],[12.79083251953125,45.86036850884735],[12.67547607421875,45.799126963971986],[12.586212158203125,45.816357959181374],[12.415924072265625,45.94542053059529],[12.402191162109375,46.040829158935196],[12.50244140625,46.097995389276704],[12.504501342773438,46.151297121751725],[12.43927001953125,46.204072064441746],[12.36785888671875,46.22830302903789],[12.327346801757812,46.25442247883765],[12.35137939453125,46.28954539190777],[12.353439331054688,46.31848113932307],[12.41455078125,46.33128388238719],[12.429656982421875,46.34882351589622],[12.462615966796875,46.38151753240084],[12.49420166015625,46.408510875107204],[12.515487670898436,46.445900624943434],[12.535400390625,46.45914653248179],[12.580718994140625,46.47191632087041],[12.665863037109375,46.47144341916267],[12.6397705078125,46.50311874868842],[12.737274169921875,46.558860303117164],[12.72491455078125,46.639065361163226],[12.476348876953125,46.68053664149379],[12.4090576171875,46.64755071082884],[12.297821044921875,46.616431255357995],[12.205123901367188,46.61077125007589],[12.073974609375,46.67111414362431],[11.998443603515625,46.53713734839792],[11.924972534179686,46.532413816559455],[11.816482543945312,46.50170084480368],[11.813735961914062,46.479009353404926],[11.892013549804688,46.46009254545998],[11.875534057617188,46.43596408010131],[11.84326171875,46.43359796898864],[11.82952880859375,46.366357522955745],[11.77459716796875,46.35972369548122],[11.833648681640625,46.321326452271464],[11.83502197265625,46.270800151198564],[11.883430480957031,46.27768206051137],[11.890296936035156,46.25252330176688],[11.929435729980469,46.248012492636065],[11.910552978515625,46.22307764691826],[11.937675476074217,46.1997949019545],[11.96205139160156,46.19718091651456],[11.950035095214844,46.17008319939009],[11.931495666503906,46.1760268245766],[11.894760131835936,46.11965543797171],[11.800346374511719,46.10442288519013],[11.7718505859375,46.106089150705124],[11.759147644042969,46.09585272412609],[11.752967834472656,46.10418484314803],[11.72035217285156,46.10418484314803],[11.704902648925781,46.091329046507695],[11.690826416015625,46.09561464508116],[11.681556701660156,46.08942422913245],[11.700439453125,46.04368887663177],[11.675033569335938,46.04488038198492],[11.667137145996094,46.01675400235616],[11.684303283691404,45.970481216767304],[11.641387939453123,45.95974231054558],[11.546630859375,46.01699242164089],[11.377716064453125,45.97883226014907],[11.383895874023438,45.94542053059529],[11.352996826171875,45.91198865118152],[11.302185058593748,45.92966229799841],[11.29737854003906,45.920109674491265],[11.260986328125,45.917243566677804],[11.25274658203125,45.89287567291743],[11.239013671875,45.85510821010423],[11.196441650390625,45.828320792071516],[11.195755004882812,45.78380604900099],[11.177902221679688,45.78045403744003],[11.175155639648438,45.732546153514406],[11.144943237304688,45.71480981187499],[11.136703491210938,45.69562905418698],[11.122283935546875,45.69227174496596],[11.089324951171875,45.69946573221641],[11.013107299804688,45.707617798968435],[10.935516357421875,45.675002399585445],[10.910110473632812,45.68747523930905],[10.92041015625,45.69946573221641],[10.84625244140625,45.71720694385141],[10.877838134765625,45.766564985445],[10.887451171875,45.80965764997408],[10.84075927734375,45.836454050187726],[10.64849853515625,45.623642598278074],[10.61004638671875,45.53136488027206],[10.71441650390625,45.325116643332684],[11.063232421875,45.13555516012536],[11.315917968749998,45.00559312697019],[11.62353515625,44.89285004222291],[12.030029296875,44.99588261816546],[12.268981933593748,44.94730538740607],[12.406311035156248,44.79937794671695]]]}},{"type":"Feature","properties":{"namenew":"Gorizia","namelat":"Gorica","dateinsert":"10.10.2019.","country":"Italy","type":"oblast","identity":"yes"},"geometry":{"type":"Polygon","coordinates":[[[13.41156005859375,45.6716438522655],[13.7164306640625,45.58713413436411],[13.85101318359375,45.57752269483689],[13.919677734375,45.625563438215984],[13.842773437499998,45.719603972998634],[13.59283447265625,45.83454044932631],[13.634033203125,45.95305927379983],[13.60382080078125,45.99123719923831],[13.5626220703125,45.9587876403564],[13.48297119140625,46.0007775685566],[13.51043701171875,46.057985244793024],[13.60931396484375,46.10561307998295],[13.66424560546875,46.1893382140708],[13.49945068359375,46.22735299655779],[13.4197998046875,46.20074541128312],[13.3978271484375,46.2957133089894],[13.44451904296875,46.36019756701459],[13.57635498046875,46.39051679686507],[13.58184814453125,46.426499019253],[13.68896484375,46.445427497233844],[13.7274169921875,46.51540570001737],[13.62579345703125,46.53997127029103],[13.2879638671875,46.55697169564088],[12.73040771484375,46.632464724627475],[12.738647460937498,46.55697169564088],[12.65899658203125,46.50217348354072],[12.6727294921875,46.47191632087041],[12.579345703125,46.47191632087041],[12.54638671875,46.449212403852584],[12.42279052734375,46.33175800051563],[12.3541259765625,46.320378031062354],[12.3541259765625,46.28622391806706],[12.33489990234375,46.24635052207288],[12.36785888671875,46.221652456379104],[12.4310302734375,46.20644812194458],[12.50518798828125,46.151297121751725],[12.50518798828125,46.09609080214316],[12.403564453125,46.040829158935196],[12.42279052734375,45.94351068030587],[12.587585449218748,45.81157210628936],[12.67547607421875,45.80008438131991],[12.7935791015625,45.863237552964364],[12.98858642578125,45.81922927350269],[13.09844970703125,45.637087095718734],[13.22479248046875,45.696588248373764],[13.41156005859375,45.6716438522655]]]}},{"type":"Feature","properties":{"namenew":"Varazze","namelat":"Varoš","dateinsert":"10.10.2019.","country":"Italy","type":"mesto","identity":"yes"},"geometry":{"type":"Point","coordinates":[8.573627471923828,44.361537672022514]}},{"type":"Feature","properties":{"namenew":"Liguria","namelat":"Lugarija","dateinsert":"10.10.2019.","country":"Italy","type":"oblast","identity":"yes"},"geometry":{"type":"Polygon","coordinates":[[[7.529754638671874,43.7859669617277],[7.532501220703124,43.78299262890581],[7.537994384765625,43.766135280960974],[8.1793212890625,43.94339481559037],[8.348236083984375,44.15068115978094],[8.761596679687498,44.40729731741751],[9.17633056640625,44.31205742666618],[9.83070373535156,44.008620115415354],[10.01953125,44.045154472558046],[10.073776245117188,44.09646199309589],[10.024337768554688,44.121113237653695],[9.994125366210938,44.09646199309589],[9.977645874023438,44.16595211868415],[9.929580688476562,44.17087739135609],[9.902114868164062,44.20780382691624],[9.864349365234375,44.180234276372886],[9.87396240234375,44.21863119293724],[9.854736328125,44.26536287018088],[9.676895141601562,44.36362401023133],[9.656982421875,44.4092593975669],[9.571151733398438,44.43377984606822],[9.473648071289062,44.411711905198004],[9.438629150390625,44.41955923853364],[9.4976806640625,44.479850447910444],[9.503173828125,44.55524925971063],[9.36309814453125,44.57579563913067],[9.20654296875,44.61197874551103],[9.152984619140625,44.57090430226871],[9.0142822265625,44.66767620116954],[8.92364501953125,44.66376935218782],[8.8934326171875,44.63445959194018],[8.9208984375,44.56307730757893],[8.839874267578125,44.56894765233198],[8.804168701171875,44.49552576372451],[8.78082275390625,44.491607329696045],[8.724517822265625,44.577752058683366],[8.61602783203125,44.583620922396136],[8.56109619140625,44.50434127765394],[8.416900634765625,44.51413472987111],[8.361968994140625,44.46221068235642],[8.25897216796875,44.52588470040996],[8.194427490234373,44.47593096075066],[8.230133056640625,44.43672160879806],[8.16558837890625,44.3906169787868],[8.142242431640625,44.351350365612326],[8.076324462890625,44.3002644115815],[8.06671142578125,44.22158376545796],[8.101043701171875,44.189097324204134],[8.06671142578125,44.14476875978378],[8.0035400390625,44.155607707387304],[7.977447509765625,44.13787021128982],[8.009033203125,44.10829587357286],[7.833251953125,44.11716972942086],[7.75634765625,44.14575420090964],[7.719268798828125,44.10237922942987],[7.750854492187499,44.07772017126641],[7.713775634765624,44.062919801560156],[7.65472412109375,43.98985047893068],[7.50091552734375,43.869188195488455],[7.529754638671874,43.7859669617277]]]}},{"type":"Feature","properties":{"namenew":"Berg","namelat":"Breg","dateinsert":"10.10.2019.","country":"Germany","type":"mesto","identity":"yes"},"geometry":{"type":"Point","coordinates":[12.154977321624756,48.106141646863215]}},{"type":"Feature","properties":{"namenew":"Καμένα Βούρλα","namelat":"Kameno vrelo","dateinsert":"10.10.2019.","country":"Greece","type":"mesto","identity":"yes","source":""},"geometry":{"type":"Point","coordinates":[22.788734436035156,38.782089738742165]}},{"type":"Feature","properties":{"namenew":"Θερμοπύλες","namelat":"Termopolje","country":"Greece","dateinsert":"10.10.2019.","type":"mesto","notes":"danas bi nepravilnije rekli banjsko polje","identity":"yes"},"geometry":{"type":"Point","coordinates":[22.545061111450195,38.79904887985135]}},{"type":"Feature","properties":{"country":"Italy","dateinsert":"10.10.2019.","type":"mesto","namenew":"Termoli","namelat":"Termopolje","identity":"yes"},"geometry":{"type":"Point","coordinates":[14.994363784790039,41.99656176297652]}},{"type":"Feature","properties":{"namelat":"Terma","namenew":"Termal","dateinsert":"10.10.2019.","country":"Turkey","type":"mesto","identity":"no"},"geometry":{"type":"Point","coordinates":[29.173518419265747,40.605571331180485]}},{"type":"Feature","properties":{"type":"mesto","country":"Italy","namenew":"Termini Imerese","namelat":"Terma","dateinsert":"10.10.2019.","identity":"yes","source":"https://en.wikipedia.org/wiki/Termini_Imerese","insertedby":"","notes":""},"geometry":{"type":"Point","coordinates":[13.694114685058594,37.98314100799554]}},{"type":"Feature","properties":{"source":"https://en.wikipedia.org/wiki/Rhaetian_people","type":"mesto","country":"Switzerland","dateinsert":"10.10.2019.","namenew":"Windisch","namelat":"Vindonissa","identity":"yes"},"geometry":{"type":"Point","coordinates":[8.218374252319336,47.47881226402861]}},{"type":"Feature","properties":{"namenew":"Gurk","namelat":"Krka","dateinsert":"10.10.2019.","country":"Austria","type":"mesto","source":"http://wwwg.uni-klu.ac.at/spw/oenf/name1.htm","notes":"","identity":"yes"},"geometry":{"type":"Point","coordinates":[14.2897367477417,46.8750960506652]}},{"type":"Feature","properties":{"type":"rijeka","source":"http://wwwg.uni-klu.ac.at/spw/o","country":"Austria","namenew":"Gurk","namelat":"Krka","dateinsert":"10.10.2019.","identity":"yes"},"geometry":{"type":"LineString","coordinates":[[13.968075513839722,46.91331528554067],[13.967506885528564,46.909921892058236],[13.969974517822266,46.905516756300806],[13.970189094543457,46.903427671869224],[13.972034454345703,46.90134583657548],[13.971819877624512,46.89348691289523],[13.97632598876953,46.88729866629314],[13.980960845947266,46.882605681036885],[13.9801025390625,46.876269499693095],[13.965167999267578,46.86852426190474],[13.96310806274414,46.86547280072387],[13.953323364257812,46.86324277708391],[13.939590454101562,46.853734794922104],[13.935470581054686,46.84986068986836],[13.914527893066406,46.849743288383046],[13.903026580810547,46.849156277107134],[13.898563385009766,46.85338261510131],[13.88998031616211,46.85332391823997],[13.885860443115234,46.84487090043638],[13.866033554077148,46.83400916821469],[13.859167098999023,46.820561063860545],[13.870410919189453,46.81286653061204],[13.911609649658203,46.79900184487251],[13.950233459472656,46.77831567360374],[13.998298645019531,46.770909032336775],[14.033489227294922,46.77984390136116],[14.067134857177734,46.79806173682957],[14.081382751464844,46.80370213870691],[14.072799682617186,46.812044148959885],[14.07623291015625,46.82672764291218],[14.07949447631836,46.8283719445305],[14.095630645751953,46.826492738574885],[14.113655090332031,46.837884416515436],[14.122753143310547,46.84563407472693],[14.137172698974608,46.851152089270215],[14.154853820800781,46.849391082387356],[14.17562484741211,46.84856925941579],[14.214935302734375,46.85103469060768],[14.234676361083983,46.861599542493394],[14.277076721191406,46.86887634241706],[14.303512573242188,46.877912285223005],[14.328231811523436,46.89445467836727],[14.344367980957033,46.89210855010362],[14.367713928222654,46.89873609787091],[14.398441314697264,46.90078871201087],[14.419727325439451,46.900436840881945],[14.439125061035156,46.89073015188619],[14.452300071716307,46.88025903444993],[14.462127685546875,46.86787877496733],[14.45345878601074,46.860249705025645],[14.43655014038086,46.8641817456968],[14.432430267333984,46.859075905728815],[14.433803558349608,46.85097599118017],[14.429683685302733,46.84117228682526],[14.42530632019043,46.84029162700594],[14.428825378417969,46.83353942215763],[14.442472457885742,46.83976322418548],[14.452171325683594,46.83741470433296],[14.454574584960938,46.839293528426936],[14.457063674926756,46.83706241750154],[14.454832077026365,46.8273736245467],[14.445390701293944,46.82872428833321],[14.448394775390625,46.82402618105695],[14.442386627197266,46.816155931467854],[14.451313018798826,46.80675710949845],[14.461956024169922,46.80887198764676],[14.468479156494139,46.8028796169284],[14.475002288818361,46.778433231125035],[14.467620849609375,46.763854141188986],[14.481782913208008,46.759032767477954],[14.494657516479492,46.76150230547404],[14.508562088012695,46.75038849310842],[14.515085220336914,46.746301091512294],[14.528131484985352,46.74830072238586],[14.531564712524416,46.743948489632075],[14.529590606689455,46.737331246389985],[14.529504776000978,46.72485921185303],[14.520235061645508,46.720328560775954],[14.528646469116211,46.712737396569295],[14.515514373779295,46.706557753611435],[14.509248733520508,46.705380598544636],[14.510965347290039,46.702202151643455],[14.499807357788084,46.69343102204781],[14.500923156738281,46.69166485048835],[14.504785537719727,46.69243019858891],[14.49448585510254,46.68507063300108],[14.478864669799806,46.68454070558009],[14.470539093017576,46.68772019213088],[14.453287124633787,46.68454070558009],[14.441871643066408,46.679300032316604],[14.440584182739258,46.67382328003784],[14.4320011138916,46.67382328003784],[14.436035156250002,46.66045296231041],[14.429683685302733,46.65544560464462],[14.425520896911621,46.65450299134346],[14.421186447143555,46.64955400195064],[14.423589706420897,46.64699095445966],[14.417495727539062,46.644044772834924],[14.412431716918944,46.64236537751267],[14.411959648132324,46.63962519954181],[14.405779838562013,46.639035895824954],[14.404449462890623,46.63647234997141],[14.413461685180664,46.63411495924143],[14.409942626953123,46.62586328296708],[14.414234161376951,46.616726031092725],[14.413375854492188,46.61277590293251],[14.415779113769531,46.60923823017867],[14.422388076782228,46.609356156326655],[14.425477981567383,46.60316468646601],[14.430155754089355,46.60298777692876],[14.434318542480469,46.6039018033197],[14.440841674804688,46.60369541161162],[14.44478988647461,46.60794102560568],[14.448351860046385,46.608442221964346],[14.453673362731934,46.605287555853266],[14.456677436828613,46.604285100120016],[14.464101791381836,46.60658482397162],[14.469122886657715,46.60711551561134],[14.475903511047362,46.6044620054209],[14.477105140686035,46.605110653248275],[14.478263854980467,46.60767568447953],[14.483757019042969,46.60876652301935],[14.48324203491211,46.605582392244486],[14.490795135498047,46.60369541161162],[14.514827728271484,46.60440303705146],[14.52993392944336,46.61159670435595]]}},{"type":"Feature","properties":{"namenew":"Görtschitz","namelat":"Krčica","country":"Austria","dateinsert":"10.10.2019.","type":"rijeka","source":"http://wwwg.uni-klu.ac.at/spw/o","notes":"utiče u Krku, mala Krka","identity":"yes"},"geometry":{"type":"LineString","coordinates":[[14.506051540374754,47.03355747479722],[14.506271481513977,47.0327786930093],[14.506362676620483,47.03152091814213],[14.50718343257904,47.03058122396867],[14.507789611816404,47.03009126013309],[14.50768232345581,47.02873103844669],[14.506523609161377,47.02786808413635],[14.505332708358763,47.02658093991947],[14.505085945129393,47.02413820589525],[14.504013061523436,47.02372863475773],[14.502983093261719,47.02266080951662],[14.50394868850708,47.0208469204271],[14.503154754638672,47.019281660147236],[14.504249095916746,47.01812597124114],[14.50491428375244,47.0179796797226],[14.513754844665527,47.01168876526139],[14.514913558959961,47.0101817617769],[14.515857696533201,47.007665117476314],[14.516737461090086,47.00551417052114],[14.523882865905762,47.00162176062695],[14.52540636062622,47.00153395863685],[14.52716588973999,46.998855928622],[14.53165054321289,46.99395317617373],[14.536371231079102,46.98973791298436],[14.537959098815916,46.9828288460427],[14.536478519439695,46.97679732037652],[14.534289836883545,46.972141454236564],[14.53366756439209,46.970076931046364],[14.531049728393553,46.9629456599571],[14.531328678131104,46.959255183386546],[14.532444477081297,46.955242233483396],[14.536778926849365,46.94909041218105],[14.541521072387695,46.9455015231943],[14.54559803009033,46.944622574925624],[14.548559188842772,46.938425580115606],[14.549117088317871,46.93256487788884],[14.546456336975098,46.926556992430896],[14.545083045959473,46.92444674592285],[14.54684257507324,46.91626875551309],[14.549074172973635,46.90718063548042],[14.548988342285154,46.89644880669333],[14.551477432250977,46.89527579901162],[14.551992416381836,46.89099410322335],[14.545812606811523,46.88665340516501],[14.539718627929688,46.860777906337255],[14.536285400390625,46.836240405913],[14.541435241699219,46.82766724999605],[14.555683135986328,46.81133924039194],[14.555854797363281,46.8013520431188],[14.54658508300781,46.78395814511621],[14.531993865966797,46.75691593053337],[14.528045654296875,46.748682996312546]]}},{"type":"Feature","properties":{"notes":"prestonica Karantanije, verovatno izvorno Vardin","source":"https://en.wikipedia.org/wiki/Virunum","type":"mesto","country":"Austria","dateinsert":"10.10.2019.","namenew":"Magdalensberg","namelat":"Virunum","identity":"yes"},"geometry":{"type":"Point","coordinates":[14.429125785827635,46.72806574142938]}},{"type":"Feature","properties":{"type":"mesto","source":"http://wwwg.uni-klu.ac.at/spw/oenf/name1.htm","namenew":"Aich","namelat":"Dob","dateinsert":"10.10.2019.","country":"Austria","identity":"yes","insertedby":""},"geometry":{"type":"Point","coordinates":[13.821873664855957,47.42254169029995]}},{"type":"Feature","properties":{"namenew":"Friesach","namelat":"Breže","type":"mesto","country":"Austria","source":"http://wwwg.uni-klu.ac.at/spw/oenf/name1.htm","dateinsert":"10.10.2019.","identity":"yes"},"geometry":{"type":"Point","coordinates":[14.405994415283203,46.9510825079236]}},{"type":"Feature","properties":{"namenew":"Ferlach","namelat":"Borovlje","dateinsert":"10.10.2019.","country":"Austria","source":"http://wwwg.uni-klu.ac.at/spw/","type":"mesto","identity":"yes","insertedby":"","notes":""},"geometry":{"type":"Point","coordinates":[14.298963546752928,46.524205702886114]}},{"type":"Feature","properties":{"type":"mesto","country":"Austria","source":"https://en.wikipedia.org/wiki/Feldkirchen_in_K%C3%A4rnten","namenew":"Feldkirchen in Kärnten","namelat":"Trg","identity":"yes","dateinsert":"10.10.2019."},"geometry":{"type":"Point","coordinates":[14.096746444702148,46.72556525307767]}},{"type":"Feature","properties":{"namenew":"Bursa","namelat":"Brus","dateinsert":"10.10.2019.","source":"https://en.wikipedia.org/wiki/Bursa","notes":"Grci ne umeju da napišu B","type":"mesto","country":"Turkey","identity":"yes","insertedby":""},"geometry":{"type":"Point","coordinates":[29.058322906494137,40.1838570260319]}},{"type":"Feature","properties":{"type":"mesto","identity":"yes","country":"Germany","namenew":"München","namelat":"Minsk","dateinsert":"11.10.2019.","notes":"GDanj+sk->GDanjs+ih=Danzig; Lip+sk->Lip+s+ig->Leipzig; Min+sk->Min+ig->bavarian: Minga() München ; preminuti, minuti, prominuti, premin ","source":"https://hr.wikipedia.org/wiki/M%C3%BCnchen"},"geometry":{"type":"Point","coordinates":[11.579761505126953,48.13728219279713]}},{"type":"Feature","properties":{"namenew":"Schaprode","namelat":"Šabrod","dateinsert":"11.10.2019.","country":"Germany","type":"mesto","identity":"yes"},"geometry":{"type":"Point","coordinates":[13.163080215454102,54.513110090228956]}},{"type":"Feature","properties":{"namelat":"Brigantion","namenew":"Bregenz","dateinsert":"11.10.2019.","country":"Austria","type":"mesto","notes":"Bregec verovatno izvorno","source":"https://en.wikipedia.org/wiki/Bregenz","identity":"yes","insertedby":""},"geometry":{"type":"Point","coordinates":[9.74882125854492,47.50357659695881]}},{"type":"Feature","properties":{"country":"Switzerland","dateinsert":"11.10.2019.","namenew":"Rhein","namelat":"Rajna","type":"rijeka","identity":"yes","notes":""},"geometry":{"type":"LineString","coordinates":[[9.410820007324219,46.82402618105695],[9.416828155517578,46.83036852887362],[9.436225891113281,46.8349486480108],[9.439830780029297,46.838706402954735],[9.459915161132812,46.837884416515436],[9.483776092529295,46.84492960653596],[9.528923034667969,46.873570528566766],[9.553985595703125,46.915799728970654],[9.560165405273438,46.934088722172206],[9.5416259765625,46.945809151678894],[9.549179077148438,46.971116523606845],[9.47296142578125,47.054686275967576],[9.471244812011719,47.06567871510867],[9.510254859924316,47.083799596110964],[9.519996643066406,47.10039525302191],[9.508838653564453,47.14104443397732],[9.490642547607422,47.16334156019605],[9.484634399414062,47.18714596068825],[9.523773193359375,47.25360169808079],[9.530296325683594,47.273405704663965],[9.548149108886719,47.28272267370612],[9.556045532226562,47.29902342195594],[9.586601257324219,47.31625017872062],[9.601020812988281,47.34905859411952],[9.641876220703125,47.385565968834996],[9.64599609375,47.438305841926045],[9.59930419921875,47.470806305936264],[9.562225341796875,47.49493650511712],[9.54986572265625,47.53203824675999],[9.262847900390625,47.66168780332917],[9.151611328125,47.66168780332917],[9.01702880859375,47.68850362252604],[8.897552490234375,47.646886969413],[8.842620849609375,47.66538735632654],[8.811721801757812,47.678796038106185],[8.795928955078125,47.67579094347484],[8.754730224609375,47.690121377630035],[8.727607727050781,47.692663462837984],[8.712158203125,47.68919695228656],[8.691902160644531,47.69497434186282],[8.668212890625,47.68526796177686],[8.644866943359375,47.69451217425039],[8.624267578125,47.69127688626756],[8.62701416015625,47.67902719206281],[8.612251281738281,47.67602211074509],[8.610534667968748,47.665156141945474],[8.628730773925781,47.65105012797322],[8.607101440429688,47.636246278753234],[8.610534667968748,47.650818850092364],[8.597831726074219,47.64318610543658],[8.605728149414062,47.61472695767613],[8.594398498535156,47.597597727711346],[8.570365905761719,47.57258824323027],[8.557319641113281,47.55150616084034],[8.542213439941406,47.56911375866714],[8.496551513671873,47.58023129789275],[8.395614624023438,47.575136052077276],[8.383941650390625,47.56587069843866],[8.325576782226562,47.570966845786124],[8.294677734375,47.58926256053882],[8.296737670898436,47.606394519436975],[8.276138305664062,47.61218107572823],[8.250045776367188,47.61449551898437],[8.224983215332031,47.60546861101782],[8.206100463867186,47.62259526372309],[8.163185119628906,47.59296724318663],[8.139152526855469,47.59273570820418],[8.084564208984375,47.557993859037765],[7.949981689453125,47.55428670127958],[7.94036865234375,47.54223662718361],[7.91015625,47.54872547286774],[7.901916503906249,47.581157652951454],[7.827758789062499,47.586715439092906],[7.716522216796875,47.537601245618134],[7.635498046875,47.557067094186735],[7.6080322265625,47.557067094186735],[7.586059570312499,47.56170075451973],[7.583312988281249,47.58393661978134],[7.587432861328125,47.58856790334661]]}},{"type":"Feature","properties":{"type":"jezero","namenew":"Bodensee","namelat":"Venetsko","notes":"ili srbsko (Blaton?)","country":"Germany","dateinsert":"11.10.2019.","source":"https://sr.wikipedia.org/wiki/%D0%91%D0%BE%D0%B4%D0%B5%D0%BD%D1%81%D0%BA%D0%BE_%D1%98%D0%B5%D0%B7%D0%B5%D1%80%D0%BE","identity":"yes"},"geometry":{"type":"Polygon","coordinates":[[[9.041061401367188,47.814076743593624],[9.03076171875,47.803470154970654],[9.07745361328125,47.76886840424207],[9.147491455078123,47.746711194756],[9.175643920898438,47.73193447949174],[9.215469360351562,47.66723703450518],[9.184570312499998,47.66492492654025],[9.184570312499998,47.65521295468836],[9.381637573242188,47.57189336475817],[9.383010864257812,47.5510427230903],[9.442062377929688,47.516273211681984],[9.44000244140625,47.50421439972969],[9.470901489257812,47.49493650511712],[9.482574462890625,47.4796243945282],[9.53887939453125,47.48148064567395],[9.559478759765625,47.50189507978143],[9.570465087890623,47.50143120349543],[9.589691162109375,47.487513008956554],[9.621963500976562,47.49354467951557],[9.645309448242188,47.51024415204361],[9.641876220703125,47.49586436835717],[9.655609130859375,47.48704900560565],[9.666595458984375,47.506069781910846],[9.744186401367188,47.50746127551009],[9.757919311523438,47.514418190183974],[9.713973999023438,47.549188931108596],[9.694061279296875,47.549188931108596],[9.685821533203125,47.53852835471765],[9.672775268554686,47.54501765940571],[9.685821533203125,47.55243302404593],[9.668655395507812,47.557067094186735],[9.64942932128906,47.55428670127958],[9.641189575195312,47.56355410390806],[9.628143310546875,47.564944072920376],[9.602737426757812,47.573283112482144],[9.599990844726562,47.585789182379905],[9.55879211425781,47.5820839916191],[9.529266357421875,47.60014431954129],[9.50042724609375,47.64642437575518],[9.435195922851562,47.65521295468836],[9.397430419921875,47.66538735632654],[9.348678588867188,47.65891296651944],[9.322586059570312,47.67267008508934],[9.312973022460938,47.67336362530517],[9.271602630615234,47.692663462837984],[9.23727035522461,47.71103212201742],[9.221649169921875,47.73839980847376],[9.163284301757812,47.76332998647307],[9.139938354492188,47.766560801839226],[9.126205444335938,47.77948205663557],[9.10491943359375,47.793322695463836],[9.078826904296875,47.799319161084114],[9.0582275390625,47.81499895328108],[9.037628173828125,47.817304405844226],[9.041061401367188,47.814076743593624]]]}},{"type":"Feature","properties":{"stroke":"#555555","stroke-width":2,"stroke-opacity":1,"type":"rijeka","country":"Germany","dateinsert":"11.10.2019.","namenew":"Rhein","namelat":"Rijen","identity":"yes"},"geometry":{"type":"LineString","coordinates":[[7.587432861328125,47.5913464767971],[7.51190185546875,47.674635091761616],[7.546234130859374,47.72731589587124],[7.5311279296875,47.79193879742789],[7.6190185546875,47.97797210710751],[7.570953369140625,48.03677399981123],[7.58880615234375,48.16608541901253],[7.653350830078124,48.228332127214934],[7.694549560546876,48.29872607827854],[7.750854492187499,48.320647233957544],[7.761840820312501,48.49840764096433],[7.871704101562499,48.705462895790546],[8.206787109375,48.951366470947725],[8.470458984375,49.29288913249991],[8.4320068359375,49.59647007089266],[8.360595703125,49.944150351645455],[8.26171875,50.04302974380058],[7.948608398437499,49.97242235423708],[7.873077392578125,49.97065584042108],[7.771453857421874,50.05802045277722],[7.722015380859375,50.127621728300475],[7.63824462890625,50.20503326494332],[7.590179443359374,50.251595635829645],[7.65472412109375,50.25335181632928],[7.59429931640625,50.312146463247444],[7.612152099609375,50.38925896931487],[7.535247802734375,50.42601852427907],[7.489929199218751,50.409392733941374],[7.428131103515625,50.44176389056172],[7.384185791015625,50.44526214970796],[7.271575927734376,50.55881484085447],[7.222137451171875,50.583236614805884],[7.19879150390625,50.666872321810715],[7.130126953125,50.72341622356851],[7.024383544921875,50.793783247910106],[6.981811523437499,50.83976861483587],[7.04498291015625,50.88484233363912],[6.97906494140625,50.90043462359957],[6.963958740234375,50.95410145108779],[6.998291015625,50.972264889367494],[6.95709228515625,51.012026657382386],[6.762084960937499,51.172455303299],[6.70989990234375,51.33061163769853],[6.6851806640625,51.50190410761811],[6.611022949218749,51.60266574567797],[6.52313232421875,51.66403781658121],[6.33636474609375,51.77123920059797],[6.163330078125,51.84256565377846]]}},{"type":"Feature","properties":{"country":"Germany","type":"mesto","namenew":"Losenitz","namelat":"Loznica","dateinsert":"11.10.2019.","identity":"yes"},"geometry":{"type":"Point","coordinates":[13.341350555419922,54.24872865415511]}},{"type":"Feature","properties":{"type":"mesto","country":"Germany","namenew":"Garz","namelat":"Gradec","source":"https://www.eupedia.com/forum/threads/36517-Atlas-of-Slavic-Toponyms-in-Germany","notes":"Grodziec, Grodnica","dateinsert":"11.10.2019.","identity":"yes"},"geometry":{"type":"Point","coordinates":[13.349075317382812,54.31962719291136]}},{"type":"Feature","properties":{"source":"https://www.eupedia.com/forum/threads/36517-Atlas-of-Slavic-Toponyms-in-Germany","notes":"Grodziec, Grodnica","type":"mesto","country":"Germany","namenew":"Garz","namelat":"Gradec","dateinsert":"11.10.2019.","identity":"yes"},"geometry":{"type":"Point","coordinates":[11.344413757324219,53.23013582696228]}},{"type":"Feature","properties":{"namenew":"Rostock","namelat":"Rastok","dateinsert":"11.10.2019.","country":"Germany","source":"https://en.wikipedia.org/wiki/Rostock","type":"mesto","identity":"yes"},"geometry":{"type":"Point","coordinates":[12.133369445800781,54.08920096406031]}},{"type":"Feature","properties":{"type":"mesto","country":"Germany","dateinsert":"11.10.2019.","namelat":"Kal","namenew":"Kiel","notes":"ili blato","identity":"yes","source":""},"geometry":{"type":"Point","coordinates":[10.133342742919922,54.3215294997634]}},{"type":"Feature","properties":{"source":"https://en.wikipedia.org/wiki/Zarrentin_am_Schaalsee","identity":"yes","type":"mesto","country":"Germany","namenew":"Zarrentin am Schaalsee","namelat":"Čarnedin","dateinsert":"11.10.2019.","notes":"crno uzvišenje"},"geometry":{"type":"Point","coordinates":[10.91817855834961,53.54823800356785]}},{"type":"Feature","properties":{"type":"mesto","country":"Germany","dateinsert":"11.10.2019.","namenew":"Warin","namelat":"Varin","notes":"utvrda","identity":"yes"},"geometry":{"type":"Point","coordinates":[11.704816818237305,53.7999411420645]}},{"type":"Feature","properties":{"namenew":"Schwerin","namelat":"Švardin","notes":"šumska ili skrivena utvrda?","type":"mesto","country":"Germany","source":"https://en.wikipedia.org/wiki/Schwerin","dateinsert":"11.10.2019.","identity":"yes"},"geometry":{"type":"Point","coordinates":[11.415181159973145,53.62868401790694]}},{"type":"Feature","properties":{"source":"https://en.wikipedia.org/wiki/Waren_(M%C3%BCritz)","notes":"Virunum po Ptolomeju","type":"mesto","namenew":"Waren","namelat":"Varin","dateinsert":"11.10.2019.","country":"Germany","identity":"yes"},"geometry":{"type":"Point","coordinates":[12.685582637786863,53.515562496467446]}},{"type":"Feature","properties":{"namenew":"Müritz","namelat":"Morica","dateinsert":"11.10.2019.","country":"Germany","type":"mesto","source":"https://en.wikipedia.org/wiki/M%C3%BCritz","notes":"Murica","identity":"yes"},"geometry":{"type":"Polygon","coordinates":[[[12.695045471191406,53.32308113313477],[12.714958190917969,53.32779742279295],[12.715301513671873,53.340303318514124],[12.696418762207031,53.333538289196625],[12.691612243652344,53.34214814027924],[12.701911926269531,53.3468623221994],[12.706718444824219,53.344607778483876],[12.712898254394531,53.34583754438052],[12.717018127441406,53.35464982868248],[12.737617492675781,53.367967265623534],[12.756156921386719,53.37411237125759],[12.761993408203125,53.37308824854809],[12.769889831542967,53.380051797385526],[12.773666381835938,53.388447503736685],[12.782249450683594,53.395613260301424],[12.776412963867188,53.422013775573966],[12.758216857910154,53.4357192066942],[12.722167968749998,53.44246801871504],[12.696418762207031,53.46516070239169],[12.654533386230469,53.4849813187523],[12.661056518554688,53.50295490045491],[12.686805725097656,53.50315910192688],[12.691268920898438,53.51357207274438],[12.662773132324219,53.51724662813088],[12.648010253906248,53.50499687091133],[12.653160095214844,53.50315910192688],[12.62603759765625,53.477421969613324],[12.603721618652344,53.443694960284176],[12.580718994140625,53.42815108212734],[12.581405639648438,53.42405964287061],[12.593421936035154,53.42815108212734],[12.620887756347656,53.42917388041458],[12.63050079345703,53.412192242111104],[12.625694274902342,53.39704626685201],[12.618141174316406,53.38680944713405],[12.611274719238281,53.38373792111668],[12.613334655761719,53.380051797385526],[12.618827819824217,53.3845570163884],[12.627410888671875,53.388447503736685],[12.634620666503906,53.39131395112784],[12.640800476074219,53.39356602438166],[12.637710571289062,53.39704626685201],[12.647666931152344,53.399093335364185],[12.638740539550781,53.402777810537565],[12.655906677246092,53.40728062471215],[12.649383544921875,53.39233763556054],[12.654876708984373,53.39254236949268],[12.672386169433592,53.40421057583339],[12.6837158203125,53.3984792251502],[12.67547607421875,53.39233763556054],[12.690582275390625,53.379232615442604],[12.6947021484375,53.36612356106063],[12.694015502929688,53.34768212671975],[12.693028450012207,53.34517142558946],[12.68496036529541,53.343916019579495],[12.684788703918457,53.33930400673393],[12.69092559814453,53.33338452605915],[12.69169807434082,53.33077046791512],[12.697620391845703,53.329181452332236],[12.693843841552733,53.323337466621396],[12.695045471191406,53.32308113313477]]]}},{"type":"Feature","properties":{"dateinsert":"11.10.2019.","namenew":"Sion","namelat":"Sedun","notes":"Sedunum","source":"https://en.wikipedia.org/wiki/Sion,_Switzerland","type":"mesto","country":"Switzerland","identity":"yes"},"geometry":{"type":"Point","coordinates":[7.365474700927734,46.2338841377937]}},{"type":"Feature","properties":{"marker-color":"#7e7e7e","marker-size":"medium","marker-symbol":"","type":"mesto","country":"United Kingdom","dateinsert":"11.10.2019.","namenew":"London","namelat":"Lundin","notes":"kružno brdo< kružna udiolina","identity":"yes"},"geometry":{"type":"Point","coordinates":[-0.13458251953125,51.51515248101072]}},{"type":"Feature","properties":{"type":"oblast","country":"United Kingdom","namenew":"Wales","dateinsert":"11.10.2019.","namelat":"Vlaška","notes":"Vlas - stočar","identity":"yes"},"geometry":{"type":"Polygon","coordinates":[[[-3.0926513671875,53.261927278592474],[-3.31787109375,53.36038708103963],[-3.779296875,53.31774904749089],[-3.878173828125,53.38988075156031],[-3.8452148437499996,53.30790344668577],[-4.097900390625,53.212612189941574],[-4.0155029296875,53.314467432871226],[-4.119873046875,53.314467432871226],[-4.207763671875,53.31118556593906],[-4.32861328125,53.43244666955443],[-4.5867919921875,53.40625729970218],[-4.691162109375,53.291489065300226],[-4.37255859375,53.11710851455023],[-4.427490234375,53.01147838269373],[-4.7845458984375,52.812723127915476],[-4.7845458984375,52.72963909783717],[-4.7296142578125,52.77950854257623],[-4.603271484375,52.812723127915476],[-4.482421875,52.75291861005521],[-4.41650390625,52.855864177853974],[-4.163818359375,52.90227586168308],[-4.1473388671875,52.78283114251513],[-4.1143798828125,52.7396175542709],[-4.163818359375,52.619725272670266],[-4.0594482421875,52.52958999943304],[-4.1473388671875,52.32191088594773],[-4.471435546874999,52.13685974852633],[-4.6856689453125,52.1267438596429],[-4.8779296875,52.02883848153626],[-5.0811767578125,52.01869808104436],[-5.0701904296875,51.964577109947506],[-5.38330078125,51.879882095410224],[-5.1416015625,51.85953150985473],[-5.114135742187499,51.81201099369774],[-5.2734375,51.73723454645786],[-5.1416015625,51.66233415804707],[-4.932861328124999,51.57365561973001],[-4.779052734375,51.62483746174322],[-4.691162109375,51.71001238595862],[-4.411010742187499,51.74403752566788],[-4.290161132812499,51.645294049305406],[-4.3121337890625,51.55316672962128],[-4.1143798828125,51.515579783755925],[-3.9495849609374996,51.570241445811234],[-3.7902832031250004,51.49164465653034],[-3.1036376953125,51.364921488259526],[-2.6641845703125,51.6180165487737],[-2.6422119140625,51.832383069996645],[-2.8619384765625,51.92394344554469],[-2.9937744140625,51.876490970614775],[-3.1256103515625,52.16045455774706],[-2.933349609375,52.261433597272294],[-3.0377197265625,52.345407536546354],[-3.1805419921874996,52.46939684276205],[-2.9718017578125,52.552976197007524],[-3.1256103515625,52.5897007687178],[-2.955322265625,52.70634714950862],[-3.1640625,52.78947558139887],[-3.1585693359375,52.889020448995225],[-2.9608154296875,52.95194755829188],[-2.779541015625,52.8823912222619],[-2.7520751953125,52.98172322390683],[-2.9718017578125,53.15006482435784],[-2.8839111328125,53.186287573913305],[-3.0926513671875,53.261927278592474]]]}},{"type":"Feature","properties":{"type":"mesto","country":"Belgium","notes":"Brijeg, Breg","dateinsert":"11.10.2019.","namenew":"Brugges","namelat":"Brijeg","identity":"yes"},"geometry":{"type":"Point","coordinates":[3.2262468338012695,51.20892675393425]}},{"type":"Feature","properties":{"namenew":"Görlitz","namelat":"Gorelc","dateinsert":"14.10.2019.","country":"Germany","type":"mesto","notes":""},"geometry":{"type":"Point","coordinates":[14.985094070434569,51.15178610143037]}},{"type":"Feature","properties":{"type":"mesto","country":"Germany","namelat":"Hotjebus","namenew":"Cottbus","dateinsert":"14.10.2019.","notes":"Kod+spuž?"},"geometry":{"type":"Point","coordinates":[14.335784912109375,51.75742789781386]}},{"type":"Feature","properties":{"namelat":"Lomčina","namenew":"Lommatzsch","dateinsert":"14.10.2019.","country":"Germany","type":"mesto","notes":"HLomach -> meko  G koje se ne izgovara -> Glomač"},"geometry":{"type":"Point","coordinates":[13.312683105468748,51.19709552339094]}},{"type":"Feature","properties":{"type":"mesto","country":"Germany","namelat":"Rakovica","namenew":"Ragewitz","dateinsert":"14.10.2019."},"geometry":{"type":"Point","coordinates":[12.852539420127869,51.233597860800984]}},{"type":"Feature","properties":{"namenew":"Paltzschen","namelat":"Palčen","notes":"isušeno jezero","type":"mesto","country":"Germany","dateinsert":"14.10.2019."},"geometry":{"type":"Point","coordinates":[13.317081928253172,51.21693799772028]}},{"type":"Feature","properties":{"namenew":"Ostrau","namelat":"Ostrog","dateinsert":"14.10.2019.","country":"Germany","type":"mesto"},"geometry":{"type":"Point","coordinates":[13.165676593780518,51.20010739766858]}},{"type":"Feature","properties":{"namelat":"Špreja","namenew":"Spree","type":"rijeka","notes":"ili Špreva?","country":"Germany","dateinsert":"14.10.2019."},"geometry":{"type":"LineString","coordinates":[[14.649378061294556,51.00959992395849],[14.647924304008484,51.00932990404463],[14.646829962730408,51.00955942107162],[14.644110202789308,51.00936028136341],[14.642125368118284,51.010102831857644],[14.639936685562134,51.009542544858334],[14.63755488395691,51.009448037950364],[14.635291099548338,51.010258090912835],[14.6327805519104,51.010258090912835],[14.627802371978758,51.008759481808575],[14.62100028991699,51.00524903670584],[14.6123743057251,51.00395280520356],[14.60507869720459,51.00460092548218],[14.599800109863283,51.00669375205189],[14.596216678619385,51.00900250279051],[14.59407091140747,51.0093940339165],[14.588813781738281,51.00811141963162],[14.583106040954592,51.008435451851916],[14.582312107086182,51.008502958279564],[14.581217765808107,51.01067661273361],[14.582076072692871,51.01168914990445],[14.582076072692871,51.01329566351967],[14.581196308135985,51.01344416196836],[14.580466747283934,51.01310666480631],[14.577527046203613,51.01491562089547],[14.577741622924803,51.01622504508186],[14.570617675781252,51.017426442994406],[14.564437866210936,51.02385136857697],[14.557828903198242,51.02860200140573],[14.555854797363281,51.03416178277285],[14.551477432250977,51.03524127464239],[14.541435241699219,51.028763946215754],[14.539718627929688,51.03173283412226],[14.542379379272461,51.03707635310879],[14.534225463867188,51.039558990654406],[14.503326416015625,51.0439842320174],[14.486846923828125,51.04387630433032],[14.443759918212892,51.04581896422577],[14.435005187988281,51.050459433092655],[14.430885314941406,51.09144802136697],[14.45474624633789,51.10837218352012],[14.439811706542967,51.12270436567293],[14.382476806640625,51.152216804266565],[14.420585632324219,51.17503830237215],[14.43328857421875,51.195266789368134],[14.478950500488283,51.221722572383214],[14.521951675415039,51.26164630469303],[14.53765869140625,51.271151962460564],[14.565296173095703,51.27920606558368],[14.56563949584961,51.28339364122659],[14.55190658569336,51.308296457825215],[14.528045654296875,51.331147926679584],[14.521179199218748,51.3522727206578],[14.510536193847656,51.36920841344186],[14.486503601074217,51.36813671977046],[14.522895812988281,51.403275192344864],[14.524612426757812,51.42854106309201],[14.501953124999998,51.45678803304111],[14.451141357421873,51.48822432632349],[14.40650939941406,51.50404120260676],[14.403977394104006,51.51021150188967],[14.404406547546387,51.51622073035779],[14.400243759155272,51.52241608253253],[14.397068023681642,51.531333773383885],[14.385137557983397,51.533950009942004],[14.388141632080078,51.54948415366567],[14.380760192871092,51.56656025229166],[14.36685562133789,51.58464325106923],[14.384880065917967,51.59648131678401],[14.388828277587889,51.61332657634482],[14.388828277587889,51.65924611367762],[14.404621124267576,51.66574141105715],[14.410114288330076,51.67082519497622],[14.40582275390625,51.6850886831201],[14.398441314697264,51.6918197017252],[14.379730224609375,51.69565034838671],[14.372434616088867,51.70235319992082],[14.376296997070312,51.707991337810135],[14.357070922851562,51.71650040391044],[14.353208541870117,51.72367868330719],[14.351663589477537,51.72862305732168],[14.356813430786133,51.7363309487284],[14.350976943969727,51.74058301579136],[14.342737197875977,51.74334664482294],[14.344625473022461,51.75009556669004],[14.341363906860352,51.75647157430813],[14.339303970336914,51.76614013468048],[14.350547790527344,51.7672024875819],[14.356555938720703,51.77373540825073],[14.36333656311035,51.782550696325494],[14.368486404418945,51.783453369577856],[14.358272552490234,51.80267071316853],[14.351234436035156,51.82548730477039],[14.33235168457031,51.84659562372161],[14.317588806152344,51.84733794725499],[14.310894012451172,51.85147352569114],[14.287204742431639,51.84458068384775],[14.252700805664062,51.84458068384775],[14.2108154296875,51.84182325154268],[14.163951873779297,51.837580718186835],[14.143867492675781,51.83832319038298],[14.122581481933592,51.84564118976133],[14.106960296630858,51.84245959706577],[14.084644317626953,51.836095737064575],[14.074902534484863,51.837156442863495],[14.070525169372559,51.84036492579331],[14.067349433898926,51.8395959713778],[14.052543640136719,51.84805374763934],[14.044818878173828,51.85245434431127],[14.043831825256348,51.85448218529163],[14.037930965423584,51.857649675599355],[14.029262065887451,51.8577424439211],[14.027073383331299,51.859041180342416],[14.017524719238281,51.85957126606746],[14.000401496887207,51.858895405673096],[13.998470306396484,51.859849558573],[13.992891311645506,51.858921910193544],[13.985209465026854,51.86181080932037],[13.981046676635742,51.86501753512939],[13.978772163391113,51.86727005706482],[13.980660438537598,51.86883350596841],[13.9801025390625,51.870396900525506],[13.974137306213379,51.87211922144277],[13.973965644836426,51.87336455086161],[13.972678184509277,51.87400045045516],[13.968944549560547,51.87810708542634],[13.965425491333008,51.88171001752065],[13.962507247924805,51.884014682943786],[13.951821327209473,51.888014453925216],[13.938302993774412,51.89283489692084],[13.92916202545166,51.903215633465855],[13.914334774017334,51.92052917695989],[13.915643692016602,51.92396991172872],[13.911566734313965,51.92868064388156],[13.901052474975586,51.93336442099826],[13.899593353271484,51.93746563224399],[13.896374702453612,51.93849749088509],[13.893241882324219,51.94299505905914],[13.896031379699707,51.94487332169161],[13.894529342651365,51.948179930975456],[13.898820877075195,51.961033711504115],[13.894100189208984,51.970129633610206],[13.88895034790039,51.979223709824545],[13.892555236816404,51.98741737180161],[13.882684707641602,51.99169862467574],[13.872427940368652,52.01341571188632],[13.880667686462402,52.02162952679698],[13.88422966003418,52.02543219718525],[13.889851570129395,52.02791432150677],[13.887147903442383,52.0359406740135],[13.889636993408201,52.045047782698326],[13.894400596618652,52.05346690759877],[13.887834548950195,52.060538802125926],[13.8812255859375,52.07314932762072],[13.87847900390625,52.07945325502219],[13.879423141479492,52.09079280762267],[13.903627395629883,52.105239968846824],[13.940105438232422,52.12179045149444],[13.966197967529297,52.11483367230172],[14.029369354248047,52.11114403064544],[14.051084518432617,52.1191554356042],[14.063186645507812,52.11752164751784],[14.06524658203125,52.105134532067346],[14.094343185424803,52.10618888864426],[14.163694381713867,52.08509702042572],[14.189271926879883,52.08351472828921],[14.198112487792969,52.0946950569013],[14.208412170410156,52.10850838536631],[14.205150604248047,52.12316059819281],[14.252700805664062,52.168457098861246],[14.2767333984375,52.21055202012106],[14.255104064941404,52.25029509949964],[14.282913208007812,52.26080319094999],[14.271583557128904,52.27887128521227],[14.27742004394531,52.29189255277229],[14.256305694580078,52.298191792327415],[14.240856170654297,52.29021260424786],[14.234333038330078,52.29021260424786],[14.228668212890625,52.30386034195303],[14.196395874023438,52.30973807143094],[14.155197143554688,52.34372961830717],[14.063529968261719,52.353796172573944],[14.00276184082031,52.36427972907346],[13.9141845703125,52.39781039815694],[13.83796691894531,52.356312452964495],[13.745956420898438,52.39487748111347],[13.721923828124998,52.41959167995837],[13.685531616210938,52.42964095188324],[13.599014282226562,52.44952338289473],[13.571548461914062,52.44784941886125],[13.526058197021483,52.45360340370337],[13.49292755126953,52.47556624987973],[13.486747741699219,52.4902020602177],[13.416366577148438,52.51392263399709],[13.311309814453125,52.52248815280757],[13.297576904296875,52.53188740985136],[13.210372924804686,52.535855381130304],[13.20831298828125,52.536181678601956]]}},{"type":"Feature","properties":{"country":"Germany","namelat":"Glinobor","namenew":"Lüneburg","dateinsert":"14.10.2019.","type":"mesto"},"geometry":{"type":"Point","coordinates":[10.410747528076172,53.250117380481285]}},{"type":"Feature","properties":{"namenew":"Köln","namelat":"Kalna","type":"mesto","country":"Germany","dateinsert":"14.10.2019."},"geometry":{"type":"Point","coordinates":[6.954345703125,50.937229042349465]}},{"type":"Feature","properties":{"namenew":"Wiesbaden","namelat":"Banja Visoko","type":"mesto","country":"Germany","dateinsert":"14.10.2019."},"geometry":{"type":"Point","coordinates":[8.232192993164062,50.08512410541493]}},{"type":"Feature","properties":{"namenew":"Vallendar","namelat":"Valjedar","type":"mesto","country":"Germany","dateinsert":"14.10.2019."},"geometry":{"type":"Point","coordinates":[7.615242004394531,50.39812325637877]}},{"type":"Feature","properties":{"namenew":"Tauernfeld","namelat":"Turopolje","country":"Germany","type":"mesto","dateinsert":"14.10.2019."},"geometry":{"type":"Point","coordinates":[11.509530544281006,49.23182119195204]}},{"type":"Feature","properties":{"namenew":"Völkermarkt","namelat":"Velikovec","dateinsert":"14.10.2019.","country":"Austria","type":"mesto"},"geometry":{"type":"Point","coordinates":[14.63353157043457,46.66163109672449]}},{"type":"Feature","properties":{"country":"Austria","type":"mesto","namenew":"Erlach","namelat":"Olšje","notes":"Zavolšje","dateinsert":"14.10.2019."},"geometry":{"type":"Point","coordinates":[13.041951656341553,48.27296811270192]}},{"type":"Feature","properties":{"notes":"Zavolšje","type":"mesto","country":"Austria","namenew":"Erlach","namelat":"Olšje","dateinsert":"14.10.2019."},"geometry":{"type":"Point","coordinates":[14.708504676818848,46.72266748335445]}},{"type":"Feature","properties":{"namenew":"Haslach","namelat":"Lešje","notes":"Lisje","type":"mesto","country":"Austria","dateinsert":"14.10.2019."},"geometry":{"type":"Point","coordinates":[14.043831825256348,48.57419362107014]}},{"type":"Feature","properties":{"namenew":"Haslach","namelat":"Lešje","type":"mesto","notes":"Lisje","country":"Germany","dateinsert":"14.10.2019."},"geometry":{"type":"Point","coordinates":[13.007715940475464,48.84249878217979]}},{"type":"Feature","properties":{"notes":"Lisje","type":"mesto","country":"Germany","namenew":"Haslach","namelat":"Lešje","dateinsert":"14.10.2019."},"geometry":{"type":"Point","coordinates":[10.049014091491697,47.97591799783866]}},{"type":"Feature","properties":{"country":"Germany","type":"mesto","namenew":"Haslach","namelat":"Lešje","dateinsert":"14.10.2019."},"geometry":{"type":"Point","coordinates":[11.396663188934326,49.34555039127768]}},{"type":"Feature","properties":{"namenew":"Aich","namelat":"Dob","country":"Germany","type":"mesto","dateinsert":"14.10.2019."},"geometry":{"type":"Point","coordinates":[10.792286396026611,49.310700953417175]}},{"type":"Feature","properties":{"namenew":"Dornach","namelat":"Trnje","country":"Austria","type":"mesto","dateinsert":"14.10.2019."},"geometry":{"type":"Point","coordinates":[15.351741313934326,46.76845462293816]}},{"type":"Feature","properties":{"namenew":"Hochosterwitz","namelat":"Ostrovica","dateinsert":"14.10.2019.","country":"Austria","type":"mesto"},"geometry":{"type":"Point","coordinates":[14.45148468017578,46.75644551102998]}},{"type":"Feature","properties":{"namenew":"Treffen","namelat":"Trebin","country":"Austria","type":"mesto","dateinsert":"14.10.2019."},"geometry":{"type":"Point","coordinates":[13.847923278808594,46.66981842168152]}},{"type":"Feature","properties":{"namenew":"Schrebitz","namelat":"Serebes","dateinsert":"14.10.2019.","country":"Germany","type":"mesto"},"geometry":{"type":"Point","coordinates":[13.06896686553955,51.20567346847335]}},{"type":"Feature","properties":{"namenew":"Schrenz","namelat":"Zribenc","dateinsert":"14.10.2019.","country":"Germany","type":"mesto"},"geometry":{"type":"Point","coordinates":[12.072944641113281,51.588176330108155]}},{"type":"Feature","properties":{"namenew":"Feistriz","namelat":"Bistrica","type":"rijeka","country":"Austria","dateinsert":"14.10.2019."},"geometry":{"type":"LineString","coordinates":[[15.978584289550781,47.62450430652467],[15.983777046203613,47.61533447936843],[15.980944633483887,47.61093702015202],[15.990214347839354,47.6080148197327],[16.004505157470703,47.60896961604567],[16.021113395690918,47.60758081564665],[16.033945083618164,47.60457162160717],[16.039738655090332,47.60049157245997],[16.060638427734375,47.599276177160846],[16.08346939086914,47.59013086906384],[16.10037803649902,47.58688911040184]]}},{"type":"Feature","properties":{"namenew":"Kamnez","namelat":"Kamjenc","dateinsert":"14.10.2019.","country":"Germany","type":"mesto","source":"http://www.przewodnik-sudecki.pl/dokumenty/wyszperane/mapa.jpg"},"geometry":{"type":"Point","coordinates":[14.09717559814453,51.27576982094506]}},{"type":"Feature","properties":{"namenew":"Dahme","source":"http://www.przewodnik-sudecki.pl/dokumenty/wyszperane/mapa.jpg","type":"mesto","country":"Germany","dateinsert":"14.10.2019.","namelat":"Dubno"},"geometry":{"type":"Point","coordinates":[13.419113159179688,51.870979847297356]}},{"type":"Feature","properties":{"namenew":"Guben","namelat":"Gubin","type":"mesto","dateinsert":"14.10.2019.","country":"Germany","source":"http://www.przewodnik-sudecki.pl/dokumenty/wyszperane/mapa.jpg"},"geometry":{"type":"Point","coordinates":[14.71567153930664,51.95241203514105]}},{"type":"Feature","properties":{"namenew":"Müllrose","namelat":"Mitoraz","dateinsert":"14.10.2019.","country":"Germany","source":"http://www.przewodnik-sudecki.pl/dokumenty/wyszperane/mapa.jpg","type":"mesto"},"geometry":{"type":"Point","coordinates":[14.421615600585938,52.249244153429416]}},{"type":"Feature","properties":{"namenew":"Fürstenberg","namelat":"Pribeg","dateinsert":"14.10.2019.","country":"Germany","source":"http://www.przewodnik-sudecki.pl/dokumenty/wyszperane/mapa.jpg","type":"mesto","notes":""},"geometry":{"type":"Point","coordinates":[14.67318534851074,52.14535374011307]}},{"type":"Feature","properties":{"namenew":"Forst","namelat":"Baršć","source":"http://www.przewodnik-sudecki.pl/dokumenty/wyszperane/mapa.jpg","country":"Germany","dateinsert":"14.10.2019.","type":"mesto"},"geometry":{"type":"Point","coordinates":[14.648895263671875,51.7465883788042]}},{"type":"Feature","properties":{"namenew":"Döbern","namelat":"Derlin","dateinsert":"14.10.2019.","country":"Germany","type":"mesto","source":"http://www.przewodnik-sudecki.pl/dokumenty/wyszperane/mapa.jpg"},"geometry":{"type":"Point","coordinates":[14.598941802978516,51.6155650327308]}},{"type":"Feature","properties":{"namenew":"Spremberg","namelat":"Grodk","dateinsert":"14.10.2019.","country":"Germany","type":"mesto","source":"http://www.przewodnik-sudecki.pl/dokumenty/wyszperane/mapa.jpg"},"geometry":{"type":"Point","coordinates":[14.378228187561033,51.57128172908954]}},{"type":"Feature","properties":{"namenew":"Finsterwalde","namelat":"Graben","source":"http://www.przewodnik-sudecki.pl/dokumenty/wyszperane/mapa.jpg","type":"mesto","country":"Germany","dateinsert":"14.10.2019."},"geometry":{"type":"Point","coordinates":[13.712482452392578,51.63527999780034]}},{"type":"Feature","properties":{"namelat":"Golišin","namenew":"Golßen","source":"http://www.przewodnik-sudecki.pl/dokumenty/wyszperane/mapa.jpg","type":"mesto","country":"Germany","dateinsert":"14.10.2019."},"geometry":{"type":"Point","coordinates":[13.605966567993162,51.970023877681506]}},{"type":"Feature","properties":{"namenew":"Kirchhein","namelat":"Doberlug","notes":"Gostkov","source":"http://www.przewodnik-sudecki.pl/dokumenty/wyszperane/mapa.jpg","type":"mesto","country":"Germany","dateinsert":"14.10.2019."},"geometry":{"type":"Point","coordinates":[13.561248779296873,51.62824753375085]}},{"type":"Feature","properties":{"namenew":"Luckau","namelat":"Lukov","dateinsert":"14.10.2019.","country":"Germany","type":"mesto","source":"http://www.przewodnik-sudecki.pl/dokumenty/wyszperane/mapa.jpg"},"geometry":{"type":"Point","coordinates":[13.715057373046875,51.85507859171898]}},{"type":"Feature","properties":{"namenew":"Weißwasser","namelat":"Bela voda","dateinsert":"14.10.2019.","country":"Germany","source":"http://www.przewodnik-sudecki.pl/dokumenty/wyszperane/mapa.jpg","type":"mesto"},"geometry":{"type":"Point","coordinates":[14.63953971862793,51.504254906593374]}},{"type":"Feature","properties":{"namelat":"Vojereči","dateinsert":"14.10.2019.","namenew":"Hoyerswerda","country":"Germany","source":"http://www.przewodnik-sudecki.pl/dokumenty/wyszperane/mapa.jpg","type":"mesto","notes":""},"geometry":{"type":"Point","coordinates":[14.242916107177734,51.436888577204996]}},{"type":"Feature","properties":{"namenew":"Wittichenau","namelat":"Kulov","dateinsert":"14.10.2019.","country":"Germany","source":"http://www.przewodnik-sudecki.pl/dokumenty/wyszperane/mapa.jpg","type":"mesto"},"geometry":{"type":"Point","coordinates":[14.2437744140625,51.38538793910764]}},{"type":"Feature","properties":{"namelat":"Crni holm","namenew":"Schwartzkollm","dateinsert":"14.10.2019.","country":"Germany","source":"http://www.przewodnik-sudecki.pl/dokumenty/wyszperane/mapa.jpg","type":"mesto"},"geometry":{"type":"Point","coordinates":[14.142751693725586,51.431377248572794]}},{"type":"Feature","properties":{"namenew":"Zittau","namelat":"Žitava","dateinsert":"14.10.2019.","country":"Germany","source":"http://www.przewodnik-sudecki.pl/dokumenty/wyszperane/mapa.jpg","type":"mesto"},"geometry":{"type":"Point","coordinates":[14.807682037353514,50.8966453110764]}},{"type":"Feature","properties":{"namenew":"Löbau","namelat":"Lubi","dateinsert":"14.10.2019.","country":"Germany","source":"http://www.przewodnik-sudecki.pl/dokumenty/wyszperane/mapa.jpg","type":"mesto"},"geometry":{"type":"Point","coordinates":[14.672584533691406,51.09726976976827]}},{"type":"Feature","properties":{"namenew":"Bischofswerda","namelat":"Biskupic","dateinsert":"14.10.2019.","country":"Germany","source":"http://www.przewodnik-sudecki.pl/dokumenty/wyszperane/mapa.jpg","type":"mesto"},"geometry":{"type":"Point","coordinates":[14.179916381835938,51.12895309822599]}},{"type":"Feature","properties":{"namenew":"Coblenz","namelat":"Koblici","dateinsert":"14.10.2019.","country":"Germany","source":"http://www.przewodnik-sudecki.pl/dokumenty/wyszperane/mapa.jpg","type":"mesto"},"geometry":{"type":"Point","coordinates":[14.28147554397583,51.196974506470475]}},{"type":"Feature","properties":{"namenew":"Niesky","namelat":"Nizka","dateinsert":"14.10.2019.","country":"Germany","source":"http://www.przewodnik-sudecki.pl/dokumenty/wyszperane/mapa.jpg","type":"mesto","notes":""},"geometry":{"type":"Point","coordinates":[14.824762344360352,51.293753565665185]}},{"type":"Feature","properties":{"source":"http://www.przewodnik-sudecki.pl/dokumenty/wyszperane/mapa.jpg","type":"mesto","dateinsert":"14.10.2019.","namenew":"Senftenberg","namelat":"Zli Kamorov","country":"Germany"},"geometry":{"type":"Point","coordinates":[14.004950523376465,51.519478736133706]}},{"type":"Feature","properties":{"namenew":"Laußnitz","namelat":"Lužnica","country":"Germany","source":"http://www.przewodnik-sudecki.pl/dokumenty/wyszperane/mapa.jpg","type":"mesto","dateinsert":"14.10.2019."},"geometry":{"type":"Point","coordinates":[13.878908157348631,51.247625900032794]}},{"type":"Feature","properties":{"namenew":"Chemnitz","namelat":"Kamjenica","source":"https://en.wikipedia.org/wiki/Chemnitz","type":"mesto","country":"Germany","dateinsert":"14.10.2019."},"geometry":{"type":"Point","coordinates":[12.919857501983643,50.832030733481204]}},{"type":"Feature","properties":{"namenew":"Sagar","namelat":"Zagor","dateinsert":"14.10.2019.","type":"mesto","country":"Germany"},"geometry":{"type":"Point","coordinates":[14.758737087249756,51.512882367963456]}},{"type":"Feature","properties":{"namenew":"Bad Muskau","namelat":"Mužakov","source":"http://www.przewodnik-sudecki.pl/dokumenty/wyszperane/mapa.jpg","dateinsert":"14.10.2019.","type":"mesto","country":"Germany"},"geometry":{"type":"Point","coordinates":[14.721293449401854,51.546615273804356]}},{"type":"Feature","properties":{"namenew":"Neusalza","namelat":"Novosalc","source":"http://www.przewodnik-sudecki.pl/dokumenty/wyszperane/mapa.jpg","dateinsert":"14.10.2019.","type":"mesto","country":"Germany"},"geometry":{"type":"Point","coordinates":[14.522380828857422,51.037508125715775]}},{"type":"Feature","properties":{"namenew":"Bad Schandau","namelat":"Žandov","source":"http://www.przewodnik-sudecki.pl/dokumenty/wyszperane/mapa.jpg","type":"mesto","country":"Germany","dateinsert":"14.10.2019."},"geometry":{"type":"Point","coordinates":[14.153351783752441,50.918456702203486]}},{"type":"Feature","properties":{"namenew":"Calau","namelat":"Kalawa","namesrb":"","dateinsert":"14.10.2019.","source":"http://www.przewodnik-sudecki.pl/dokumenty/wyszperane/mapa.jpg","type":"mesto","country":"Germany"},"geometry":{"type":"Point","coordinates":[13.950233459472656,51.747970030781154]}},{"type":"Feature","properties":{"source":"http://www.przewodnik-sudecki.pl/dokumenty/wyszperane/mapa.jpg","namelat":"Mišnjo","namenew":"Meißen","type":"mesto","country":"Germany","dateinsert":"14.10.2019."},"geometry":{"type":"Point","coordinates":[13.474559783935547,51.16158359641715]}},{"type":"Feature","properties":{"namenew":"Ottendorf","namelat":"Okrila","type":"mesto","country":"Germany","dateinsert":"14.10.2019."},"geometry":{"type":"Point","coordinates":[13.831615447998047,51.18063430399112]}},{"type":"Feature","properties":{"namelat":"Borkovi","namenew":"Burg","source":"http://www.przewodnik-sudecki.pl/dokumenty/wyszperane/mapa.jpg","type":"mesto","country":"Germany","dateinsert":"14.10.2019."},"geometry":{"type":"Point","coordinates":[14.149961471557617,51.83158745865865]}},{"type":"Feature","properties":{"namenew":"Wilthen","namelat":"Vjelićin","source":"http://www.przewodnik-sudecki.pl/dokumenty/wyszperane/mapa.jpg","type":"mesto","country":"Germany","dateinsert":"14.10.2019."},"geometry":{"type":"Point","coordinates":[14.394493103027342,51.09791658545794]}},{"type":"Feature","properties":{"namenew":"Steyr","namelat":"Stirija","country":"Austria","type":"mesto","source":"https://en.wikipedia.org/wiki/Steyr","dateinsert":"14.10.2019."},"geometry":{"type":"Point","coordinates":[14.42024230957031,48.04123595606765]}},{"type":"Feature","properties":{"namenew":"Toplitz","namelat":"Toplica","type":"jezero","country":"Austria","dateinsert":"14.10.2019."},"geometry":{"type":"Polygon","coordinates":[[[13.939805030822754,47.64818799211075],[13.9341402053833,47.64786996733284],[13.931221961975098,47.64677132138263],[13.927702903747557,47.64599069048016],[13.922896385192871,47.64373546900487],[13.919205665588379,47.641422320194444],[13.917832374572752,47.641480150163005],[13.91817569732666,47.64107533903877],[13.91843318939209,47.63934039869212],[13.919634819030762,47.63934039869212],[13.9231538772583,47.64009221324942],[13.925299644470215,47.64081510165967],[13.926329612731934,47.64095967814145],[13.928518295288086,47.642781307531486],[13.92916202545166,47.64295479273205],[13.931736946105957,47.64350415873289],[13.933281898498535,47.64425591337189],[13.933711051940918,47.64460287340262],[13.934698104858398,47.644834178809454],[13.935084342956543,47.64523896080686],[13.93714427947998,47.64587504046534],[13.938817977905273,47.64613525263858],[13.941092491149902,47.64784105589339],[13.939805030822754,47.64818799211075]]]}},{"type":"Feature","properties":{"namenew":"Ostrawitz","namelat":"Ostrovica","type":"rijeka","country":"Austria","dateinsert":"14.10.2019."},"geometry":{"type":"LineString","coordinates":[[14.079923629760742,47.671716452242514],[14.083056449890137,47.669924731282386],[14.087862968444824,47.66928894454263],[14.0879487991333,47.67027152078503],[14.092111587524414,47.6700403280393],[14.092283248901365,47.66928894454263],[14.09794807434082,47.668479750217664],[14.100308418273926,47.66885544914306],[14.103527069091797,47.67032931881146],[14.108376502990723,47.67220771982475],[14.109621047973633,47.67229441362391]]}},{"type":"Feature","properties":{"namenew":"Steyr","namelat":"Stirija","dateinsert":"14.10.2019.","country":"Austria","type":"rijeka"},"geometry":{"type":"LineString","coordinates":[[14.087262153625488,47.643749925862856],[14.089493751525877,47.644169173004144],[14.091660976409912,47.64671349727142],[14.093141555786133,47.6470170731411],[14.094665050506592,47.6481446252096],[14.094815254211426,47.64914205482595],[14.095308780670166,47.6495901691769],[14.096274375915526,47.65168613686437],[14.09614562988281,47.652799133786104],[14.097754955291746,47.6534062130181],[14.098055362701416,47.65444690385365],[14.099278450012207,47.65496724149391],[14.09947156906128,47.656354783185634],[14.101531505584715,47.65823368712199],[14.101746082305908,47.65914420855326],[14.102776050567627,47.660083618783744],[14.104642868041992,47.66306071491943],[14.105157852172852,47.66593648637691],[14.104900360107422,47.66752604079962],[14.108912944793701,47.66889879884506],[14.109041690826416,47.67015592454019],[14.11069393157959,47.670719453815494],[14.109728336334229,47.672395556207555],[14.113054275512695,47.67362370050978],[14.114685058593748,47.6734936630695],[14.115736484527588,47.67431722805188],[14.114878177642822,47.676556681135025],[14.115757942199705,47.67732240755784],[14.11595106124878,47.67817480677316],[14.117882251739502,47.678680460743834],[14.11869764328003,47.6803274139866],[14.120349884033203,47.681035298966016],[14.12041425704956,47.681902083818535],[14.122581481933592,47.683361139128145],[14.124083518981934,47.68313000437364],[14.12567138671875,47.68246548624985],[14.126486778259276,47.68278330032169],[14.127945899963379,47.68434345040963],[14.128417968749998,47.685152398752045],[14.129877090454102,47.68541241519784],[14.130778312683105,47.68714582504674],[14.132065773010254,47.68726138365514],[14.134383201599121,47.68991916098629],[14.137601852416992,47.69075691054891],[14.140863418579102,47.69358782673677],[14.13888931274414,47.69540762027922],[14.140520095825195,47.69705404542752],[14.143824577331543,47.69560981564147],[14.146699905395508,47.69662078069193],[14.146914482116697,47.69901813374087],[14.15262222290039,47.70075109139772],[14.157857894897461,47.70479443525403],[14.160175323486328,47.70407243256628],[14.163436889648436,47.70765346768666],[14.164724349975586,47.70831766489416],[14.165539741516113,47.71178290434651],[14.168157577514648,47.71521903927334],[14.173521995544434,47.71784651898466],[14.179573059082031,47.724313596879625],[14.17905807495117,47.72546834774025],[14.176225662231444,47.724111512847095],[14.176912307739258,47.726478733744045],[14.17562484741211,47.72979843547671],[14.17734146118164,47.73828436321],[14.165325164794922,47.7619452898863],[14.170475006103516,47.77498305546985],[14.16086196899414,47.78836355692171],[14.165754318237305,47.79983805345866],[14.165925979614258,47.80733258746612],[14.161462783813475,47.81338507557965],[14.165239334106445,47.816555144989344],[14.15639877319336,47.823298103444806],[14.163093566894531,47.838970656475674],[14.176998138427734,47.84519226920398],[14.190559387207031,47.85429291390086],[14.196739196777344,47.863967797027044],[14.229354858398438,47.87985832849509],[14.24325942993164,47.885844801050254],[14.23776626586914,47.90966870850182],[14.250125885009764,47.92738566360356],[14.257678985595703,47.947511202957045],[14.258193969726562,47.962916320221446],[14.264888763427733,47.97096194325728],[14.279136657714844,47.9908407497814],[14.282054901123047,47.998422554765995],[14.306602478027344,48.00921895987258],[14.335441589355469,48.02988662072008],[14.327201843261719,48.041594617442534],[14.343681335449217,48.05169349652002],[14.407882690429688,48.0406764393366],[14.417195320129393,48.042369317490085],[14.422795772552492,48.04246974071732]]}},{"type":"Feature","properties":{"type":"rijeka","country":"Austria","namenew":"Teichl","namelat":"Tiha","dateinsert":"14.10.2019.","source":""},"geometry":{"type":"LineString","coordinates":[[14.322996139526367,47.63143846252822],[14.326171874999998,47.63248682106924],[14.326064586639404,47.63460516414385],[14.329015016555786,47.63639086787812],[14.32918667793274,47.63682463285224],[14.32917594909668,47.63739575124291],[14.33037757873535,47.638559656739545],[14.33192253112793,47.64405351895641],[14.334797859191895,47.646915881380586],[14.336686134338379,47.650645391009625],[14.335784912109375,47.65310267428427],[14.339475631713867,47.66252600627702],[14.336793422698973,47.66584255664629],[14.334722757339476,47.66860980015174],[14.332823753356934,47.66957071462157],[14.332877397537231,47.67095786821556],[14.333167076110838,47.67631106839272],[14.331450462341307,47.68206099281268],[14.327373504638672,47.688272510557695],[14.324798583984373,47.69254791619853],[14.320077896118164,47.702368466573716],[14.30943489074707,47.70750907586934],[14.307718276977537,47.708086640738514],[14.298877716064451,47.71530566159559],[14.300165176391602,47.71583982940082],[14.298566579818726,47.7190735932405],[14.297279119491575,47.7206182220987],[14.296292066574095,47.72097911009186],[14.295551776885985,47.722155587590464],[14.296270608901978,47.72336812555259],[14.296045303344725,47.72389499337085],[14.294983148574829,47.72442907311763],[14.296431541442871,47.729365442902306],[14.293642044067383,47.72930771028709],[14.294242858886719,47.73184788481668],[14.297032356262205,47.733406566937475],[14.293384552001953,47.73574450264427],[14.289994239807129,47.738342085873875],[14.285058975219727,47.73652379122012],[14.28372859954834,47.73724534431708],[14.286646842956543,47.73839980847376],[14.28145408630371,47.742151640197534],[14.274759292602539,47.74088181972963],[14.274115562438965,47.74408517096499],[14.27051067352295,47.74382544712708],[14.269609451293944,47.741516733835255],[14.263772964477537,47.74231036557823],[14.259438514709473,47.74463347258952],[14.2592453956604,47.746711194756],[14.252915382385254,47.74698533245961],[14.248280525207518,47.74945250681938],[14.234933853149414,47.75695430678811],[14.225921630859373,47.76148371616669],[14.223260879516602,47.76070480122831],[14.219913482666014,47.76292612044264],[14.213347434997559,47.76229146748842],[14.205923080444336,47.765868501153896],[14.197683334350586,47.7687530265535],[14.189014434814453,47.77273340890099],[14.178714752197266,47.77561755357231],[14.17184829711914,47.77815546855816],[14.168415069580076,47.77815546855816]]}},{"type":"Feature","properties":{"namenew":"Göriach","namelat":"Gorje","type":"mesto","country":"Austria","dateinsert":"15.10.2019.","source":"http://members.chello.at/heinz.pohl/Ortsnamen_E.pdf"},"geometry":{"type":"Point","coordinates":[13.764452934265137,47.17531073139369]}},{"type":"Feature","properties":{"namenew":"Moosburg","namelat":"Možberg","source":"http://members.chello.at/heinz.pohl/Ortsnamen_E.pdf, https://sl.wikipedia.org/wiki/Mo%C5%BEberk","notes":"Blatograd","country":"Austria","dateinsert":"15.10.2019.","type":"mesto"},"geometry":{"type":"Point","coordinates":[14.173994064331055,46.65836171049961]}},{"type":"Feature","properties":{"country":"Austria","dateinsert":"15.10.2019.","type":"jezero","source":"https://sl.wikipedia.org/wiki/Vrbsko_jezero","namelat":"Vrbsko jezero","namenew":"Wörthersee"},"geometry":{"type":"Polygon","coordinates":[[[14.159317016601562,46.63063762046571],[14.155969619750977,46.63382027817952],[14.148244857788086,46.6332898482245],[14.144983291625975,46.629753515663246],[14.146528244018555,46.628574686795375],[14.143352508544922,46.6282799755669],[14.142494201660156,46.629046221423394],[14.143352508544922,46.63175746581732],[14.141721725463867,46.63435070293566],[14.137687683105469,46.63387921452026],[14.135627746582031,46.63611874790865],[14.126615524291992,46.63617768174622],[14.114255905151367,46.63287728799849],[14.104385375976562,46.63028398027772],[14.088077545166016,46.62580433789727],[14.07125473022461,46.62067587112176],[14.05048370361328,46.614780481589484],[14.043960571289062,46.612657984230204],[14.0460205078125,46.60864859558764],[14.070053100585938,46.61242214605538],[14.080352783203125,46.61171462536894],[14.116401672363281,46.62421279675003],[14.134941101074219,46.62067587112176],[14.161376953125,46.617138714425536],[14.16412353515625,46.617138714425536],[14.166183471679688,46.614780481589484],[14.176826477050781,46.613365492592806],[14.184722900390625,46.60699758458517],[14.20051574707031,46.60864859558764],[14.211845397949219,46.61053540368516],[14.229698181152342,46.61053540368516],[14.237937927246094,46.613365492592806],[14.244804382324219,46.6112429397764],[14.251670837402344,46.61289382137806],[14.248580932617188,46.61454465265751],[14.251327514648438,46.616431255357995],[14.253730773925781,46.621147474556096],[14.24652099609375,46.62421279675003],[14.234161376953125,46.6268063953552],[14.214248657226562,46.619732651929496],[14.20154571533203,46.619732651929496],[14.195709228515623,46.616195433614834],[14.188842773437498,46.61595961084474],[14.188842773437498,46.618789416305674],[14.184379577636719,46.618789416305674],[14.178543090820312,46.618789416305674],[14.170646667480469,46.621147474556096],[14.176139831542967,46.62421279675003],[14.169960021972656,46.62657061879859],[14.162406921386719,46.62657061879859],[14.156227111816406,46.628928338151496],[14.159317016601562,46.63063762046571]]]}},{"type":"Feature","properties":{"type":"oblast","namenew":"Moosburg","namelat":"Možberg","dateinsert":"15.10.2019.","country":"Austria","source":"https://sl.wikipedia.org/wiki/Mo%C5%BEberk"},"geometry":{"type":"Polygon","coordinates":[[[14.175968170166016,46.68819121125956],[14.157943725585938,46.67523668860433],[14.144210815429688,46.68583607454296],[14.12893295288086,46.67547225310473],[14.120006561279297,46.670760767993244],[14.13888931274414,46.64896480638137],[14.162921905517578,46.64896480638137],[14.166698455810547,46.63882963800774],[14.19485092163086,46.64201181395983],[14.218196868896484,46.64436886066796],[14.22154426574707,46.65444407746662],[14.215621948242188,46.666107773368864],[14.213905334472656,46.67523668860433],[14.220771789550781,46.69984762588263],[14.1943359375,46.70997135814293],[14.179916381835938,46.69290117664462],[14.175968170166016,46.68819121125956]]]}},{"type":"Feature","properties":{"type":"mesto","country":"Austria","namenew":"Maria Wörth","namelat":"Otok","source":"https://sl.wikipedia.org/wiki/Otok,_Koro%C5%A1ka","notes":"","dateinsert":"15.10.2019."},"geometry":{"type":"Point","coordinates":[14.162986278533934,46.6175956101611]}},{"type":"Feature","properties":{"namenew":"Krumpendorf","namelat":"Kriva Vrba","dateinsert":"15.10.2019.","type":"mesto","country":"Austria","source":"https://sl.wikipedia.org/wiki/Kriva_Vrba"},"geometry":{"type":"Point","coordinates":[14.211416244506836,46.62486120805088]}},{"type":"Feature","properties":{"namenew":"Pörtschach","namelat":"Poreče","source":"https://sl.wikipedia.org/wiki/Pore%C4%8De,_Koro%C5%A1ka","type":"mesto","country":"Austria","dateinsert":"15.10.2019."},"geometry":{"type":"Point","coordinates":[14.148244857788086,46.63564727489734]}},{"type":"Feature","properties":{"namenew":"Tultschnig","namelat":"Cajnče","dateinsert":"15.10.2019.","country":"Austria","source":"https://sl.wikipedia.org/wiki/Kriva_Vrba","type":"mesto"},"geometry":{"type":"Point","coordinates":[14.24201488494873,46.6538843924354]}},{"type":"Feature","properties":{"namenew":"Dieschitz","source":"https://sl.wikipedia.org/wiki/De%C5%A1%C4%8Dice","namelat":"Deščice","type":"mesto","country":"Austria","dateinsert":"15.10.2019."},"geometry":{"type":"Point","coordinates":[14.045913219451904,46.57895219607683]}},{"type":"Feature","properties":{"marker-color":"#7e7e7e","marker-size":"medium","marker-symbol":"","namenew":"Rosegg","namelat":"Rožek","source":"https://sl.wikipedia.org/wiki/De%C5%A1%C4%8Dice","type":"mesto","country":"Austria","dateinsert":"15.10.2019."},"geometry":{"type":"Point","coordinates":[14.02104377746582,46.59054369029646]}},{"type":"Feature","properties":{"namenew":"Velden am Wörthersee","namelat":"Vrbi","source":"https://sl.wikipedia.org/wiki/De%C5%A1%C4%8Dice","type":"mesto","country":"Austria","dateinsert":"15.10.2019."},"geometry":{"type":"Point","coordinates":[14.0440034866333,46.61504578791042]}},{"type":"Feature","properties":{"namenew":"Dröschitz","namelat":"Trešiče","source":"https://sl.wikipedia.org/wiki/Vrba_na_Koro%C5%A1kem","type":"mesto","country":"Austria","dateinsert":"15.10.2019."},"geometry":{"type":"Point","coordinates":[14.042630195617674,46.64743286786406]}},{"type":"Feature","properties":{"namenew":"Goritschach","namelat":"Goriče","type":"mesto","country":"Austria","dateinsert":"15.10.2019."},"geometry":{"type":"Point","coordinates":[13.861430883407593,46.55384354491238]}},{"type":"Feature","properties":{"namenew":"Kantnig","namelat":"Konatiče","source":"https://sl.wikipedia.org/wiki/Vrba_na_Koro%C5%A1kem","type":"mesto","country":"Austria","dateinsert":"15.10.2019."},"geometry":{"type":"Point","coordinates":[13.989458084106445,46.61896627423675]}},{"type":"Feature","properties":{"namenew":"Kerschdorf","namelat":"Črešnje","source":"https://sl.wikipedia.org/wiki/Vrba_na_Koro%C5%A1kem","type":"mesto","country":"Austria","dateinsert":"15.10.2019."},"geometry":{"type":"Point","coordinates":[14.045140743255613,46.63986828545515]}},{"type":"Feature","properties":{"namenew":"Kranzlhofen","namelat":"Dvor","source":"https://sl.wikipedia.org/wiki/Vrba_na_Koro%C5%A1kem","type":"mesto","dateinsert":"15.10.2019.","country":"Austria"},"geometry":{"type":"Point","coordinates":[14.0340256690979,46.624949627172]}},{"type":"Feature","properties":{"namenew":"Köstenberg","namelat":"Kostanje","source":"https://sl.wikipedia.org/wiki/Kostanje,_Koro%C5%A1ka","type":"mesto","dateinsert":"15.10.2019.","country":"Austria"},"geometry":{"type":"Point","coordinates":[14.011741876602173,46.651513031069825]}},{"type":"Feature","properties":{"namenew":"Latschach","namelat":"Loče","source":"https://sl.wikipedia.org/wiki/Vrba_na_Koro%C5%A1kem","type":"mesto","dateinsert":"15.10.2019.","country":"Austria"},"geometry":{"type":"Point","coordinates":[13.463884592056274,46.61122082941344]}},{"type":"Feature","properties":{"namenew":"Lind ob Velden","namelat":"Lipa","source":"https://sl.wikipedia.org/wiki/Vrba_na_Koro%C5%A1kem","type":"mesto","dateinsert":"15.10.2019.","country":"Austria"},"geometry":{"type":"Point","coordinates":[14.004242420196533,46.60438829494907]}},{"type":"Feature","properties":{"namenew":"Oberdorf","namelat":"Zgornja vas","type":"mesto","source":"https://sl.wikipedia.org/wiki/Vrba_na_Koro%C5%A1kem","dateinsert":"15.10.2019.","country":"Austria"},"geometry":{"type":"Point","coordinates":[14.005422592163086,46.65304485402786]}},{"type":"Feature","properties":{"source":"https://sl.wikipedia.org/wiki/Vrba_na_Koro%C5%A1kem","namenew":"Oberjeserz","namelat":"Zgornje jezerce","type":"mesto","dateinsert":"15.10.2019.","country":"Austria"},"geometry":{"type":"Point","coordinates":[14.02477741241455,46.63208162725262]}},{"type":"Feature","properties":{"type":"mesto","source":"https://sl.wikipedia.org/wiki/Vrba_na_Koro%C5%A1kem","namelat":"Vogliče","namenew":"Oberwinklern","dateinsert":"15.10.2019.","country":"Austria"},"geometry":{"type":"Point","coordinates":[13.982484340667725,46.65126263280678]}},{"type":"Feature","properties":{"namenew":"Pulpitsch","namelat":"Polpače","source":"https://sl.wikipedia.org/wiki/Vrba_na_Koro%C5%A1kem","type":"mesto","dateinsert":"15.10.2019.","country":"Austria"},"geometry":{"type":"Point","coordinates":[14.034948348999023,46.57166568830114]}},{"type":"Feature","properties":{"namenew":"Srajach","namelat":"Sreje","source":"https://sl.wikipedia.org/wiki/Vrba_na_Koro%C5%A1kem","type":"mesto","dateinsert":"15.10.2019.","country":"Austria"},"geometry":{"type":"Point","coordinates":[14.039947986602783,46.56223897593071]}},{"type":"Feature","properties":{"namenew":"Selpritsch","namelat":"Žoprače","type":"mesto","source":"https://sl.wikipedia.org/wiki/Vrba_na_Koro%C5%A1kem","dateinsert":"15.10.2019.","country":"Austria"},"geometry":{"type":"Point","coordinates":[14.024949073791504,46.601749393992655]}},{"type":"Feature","properties":{"namenew":"Sonnental","namelat":"Sončna dolina","source":"https://sl.wikipedia.org/wiki/Vrba_na_Koro%C5%A1kem","type":"mesto","dateinsert":"15.10.2019.","country":"Austria"},"geometry":{"type":"Point","coordinates":[14.024906158447266,46.61971791399923]}},{"type":"Feature","properties":{"marker-color":"#7e7e7e","marker-size":"medium","marker-symbol":"","namenew":"Sternberg","namelat":"Strmac","source":"https://sl.wikipedia.org/wiki/Vernberk","type":"mesto","dateinsert":"15.10.2019.","country":"Austria"},"geometry":{"type":"Point","coordinates":[13.992376327514648,46.624780157063014]}},{"type":"Feature","properties":{"namenew":"Unterjeserz","namelat":"Spodnje jezerce","source":"https://sl.wikipedia.org/wiki/Vrba_na_Koro%C5%A1kem","type":"mesto","dateinsert":"15.10.2019.","country":"Austria"},"geometry":{"type":"Point","coordinates":[14.054753780364988,46.60382809208566]}},{"type":"Feature","properties":{"namenew":"Unterwinklern","namelat":"Spodnje Vogliče","source":"https://sl.wikipedia.org/wiki/Vrba_na_Koro%C5%A1kem","type":"mesto","dateinsert":"15.10.2019.","country":"Austria"},"geometry":{"type":"Point","coordinates":[14.054732322692871,46.623181217310695]}},{"type":"Feature","properties":{"namenew":"Weinzierl","namelat":"Vinare","source":"https://sl.wikipedia.org/wiki/Vrba_na_Koro%C5%A1kem","type":"mesto","dateinsert":"15.10.2019.","country":"Austria"},"geometry":{"type":"Point","coordinates":[14.001431465148926,46.61749244049327]}},{"type":"Feature","properties":{"namenew":"Rajach","namelat":"Sreje","source":"https://sl.wikipedia.org/wiki/Vrba_na_Koro%C5%A1kem","type":"mesto","dateinsert":"15.10.2019.","country":"Austria"},"geometry":{"type":"Point","coordinates":[13.999242782592773,46.6128348621874]}},{"type":"Feature","properties":{"namenew":"Lavant","namelat":"Labotnica","dateinsert":"15.10.2019.","country":"Austria","type":"rijeka","source":"https://en.wikipedia.org/wiki/Lavant_(river)","notes":""},"geometry":{"type":"LineString","coordinates":[[14.63275909423828,47.03953872506276],[14.655847549438475,47.0302375184654],[14.67696189880371,47.03082254778662],[14.695672988891602,47.02333368818491],[14.70700263977051,47.01894519633804],[14.71275329589844,47.01999846727922],[14.716186523437498,47.01882816495087],[14.722881317138672,47.020349552975674],[14.730863571166992,47.01449782329538],[14.738073348999025,47.013620008531866],[14.759531021118166,46.99641192616684],[14.777297973632812,46.98265318015808],[14.778499603271483,46.975333255219944],[14.786224365234373,46.963092102188796],[14.790601730346678,46.95799567677175],[14.805965423583983,46.953074529521054],[14.82107162475586,46.94545757612362],[14.819440841674803,46.944109848437634],[14.837894439697266,46.92013806784741],[14.84201431274414,46.92166226568694],[14.842185974121094,46.89856015585966],[14.853000640869139,46.900202258846384],[14.871540069580078,46.894337374391704],[14.867076873779297,46.88647742351024],[14.876346588134764,46.87028464137166],[14.853858947753906,46.85631737637211],[14.840641021728516,46.8337742956994],[14.82982635498047,46.76620587423741],[14.828453063964844,46.748330128168774],[14.87651824951172,46.703614817813545],[14.89445686340332,46.70031853924921],[14.90776062011719,46.6953148747152],[14.912824630737303,46.67994778351063],[14.958229064941404,46.65226421890328],[14.94114875793457,46.64442778551993],[14.943981170654297,46.63941894397099]]}},{"type":"Feature","properties":{"type":"rijeka","country":"Austria","dateinsert":"15.10.2019.","namenew":"Mur","namelat":"Mura"},"geometry":{"type":"LineString","coordinates":[[13.346865177154541,47.130031048167936],[13.349279165267944,47.13324260897151],[13.352669477462769,47.13550518308737],[13.361306190490723,47.14206610364695],[13.371648788452148,47.14726171985466],[13.376970291137694,47.14857513791853],[13.382034301757812,47.147144970011674],[13.387763500213623,47.14432830233262],[13.391690254211424,47.13745383911569],[13.395638465881348,47.137424646293866],[13.399930000305176,47.13327910286625],[13.405723571777344,47.132111285814055],[13.410401344299316,47.12834490111153],[13.41881275177002,47.12475344869455],[13.440399169921873,47.11394843080866],[13.45451831817627,47.113422725319325],[13.47099781036377,47.109655017339044],[13.50717544555664,47.09630525444073],[13.521080017089844,47.09501976142962],[13.571891784667967,47.08251380123476],[13.596439361572266,47.08169555197382],[13.607597351074219,47.09092934993848],[13.639483451843262,47.093588153144864],[13.710250854492186,47.09057872862057],[13.768272399902344,47.12130776237743],[13.80002975463867,47.12621341795227],[13.812904357910156,47.12060691750965],[13.820114135742188,47.09735699836792],[13.811702728271483,47.07853932995949],[13.847923278808594,47.075032197322294],[13.901996612548828,47.06638028321398],[13.939590454101562,47.087423032888985],[13.979415893554688,47.08321514774161],[14.024047851562498,47.10939214403789],[14.10919189453125,47.10238171040462],[14.161376953125,47.111261437080344],[14.198284149169922,47.105419678333995],[14.226350784301758,47.118679546519814],[14.251155853271483,47.13345427321223],[14.27845001220703,47.13462206077371],[14.28497314453125,47.13135219097849],[14.328231811523436,47.13882588366321],[14.345054626464844,47.131819327544115],[14.376468658447266,47.13660724077528],[14.418525695800783,47.158556054598705],[14.441356658935545,47.199860604679166],[14.475860595703125,47.21327183495476],[14.5843505859375,47.20126019585406],[14.609584808349611,47.18224592701489],[14.703140258789064,47.175245094300614],[14.773521423339844,47.18364598278901],[14.842872619628904,47.19997723868725],[14.842529296875,47.23565520238359],[14.904327392578125,47.25476684472721],[14.952392578124998,47.304145476644784],[14.98329162597656,47.329748306633896],[15.028438568115233,47.33259876320458],[15.033845901489256,47.339404333190444],[15.046548843383789,47.33777572961208],[15.052986145019531,47.35318728712774],[15.0897216796875,47.35696679330478],[15.095901489257812,47.37859199016309],[15.208168029785156,47.41043231312493],[15.230484008789062,47.40067309114054],[15.276832580566406,47.40973528580199],[15.283656120300293,47.41011284341368],[15.28799057006836,47.40259022387145],[15.290307998657227,47.39120259400187],[15.306873321533201,47.3932362798353],[15.31193733215332,47.38922693833024],[15.305757522583008,47.37644149399109],[15.33614158630371,47.364292449700436],[15.37811279296875,47.308801459376646],[15.311164855957033,47.28644900196354],[15.333824157714842,47.273405704663965],[15.31700134277344,47.261757186257825],[15.319747924804688,47.23472275076704],[15.340690612792969,47.22586364206592],[15.342063903808592,47.189245836660895],[15.317773818969727,47.15791406374067],[15.325584411621094,47.13100183586161],[15.365409851074217,47.11873795272715],[15.400428771972654,47.10647124222482],[15.43304443359375,47.0767857924947],[15.443515777587889,47.0427557461906],[15.506172180175781,46.94276208682137],[15.489692687988281,46.916737777950274],[15.522308349609375,46.881784366406706],[15.566253662109373,46.82731489926434],[15.568571090698242,46.749388725669824],[15.57784080505371,46.734625295221335],[15.578012466430662,46.72938948245488],[15.616035461425781,46.7195047651569],[15.64727783203125,46.7055571734411]]}},{"type":"Feature","properties":{"country":"Austria","namenew":"Gonowetz","namelat":"Konovece","dateinsert":"16.10.2019.","type":"mesto"},"geometry":{"type":"Point","coordinates":[14.774336814880371,46.57576631313172]}},{"type":"Feature","properties":{"type":"mesto","namenew":"Faak am See","namelat":"Bače","source":"https://sl.wikipedia.org/wiki/Ba%C4%8De","country":"Austria","dateinsert":"16.10.2019."},"geometry":{"type":"Point","coordinates":[13.917531967163086,46.567505744888535]}},{"type":"Feature","properties":{"namenew":"Finkenstein","namelat":"Bekštanj","type":"mesto","country":"Austria","dateinsert":"16.10.2019.","source":"https://sl.wikipedia.org/wiki/Bekštanj"},"geometry":{"type":"Point","coordinates":[13.870797157287598,46.56098490795549]}},{"type":"Feature","properties":{"namenew":"Fürnitz","namelat":"Brnca","source":"https://sl.wikipedia.org/wiki/Brnca","type":"mesto","country":"Austria","dateinsert":"16.10.2019."},"geometry":{"type":"Point","coordinates":[13.816895484924316,46.5613094930353]}},{"type":"Feature","properties":{"source":"https://sl.wikipedia.org/wiki/Bek%C5%A1tanj","namenew":"Höfling","namelat":"Dvorec","type":"mesto","country":"Austria","dateinsert":"16.10.2019."},"geometry":{"type":"Point","coordinates":[14.088506698608397,46.6967865888863]}},{"type":"Feature","properties":{"namenew":"Korpitsch","namelat":"Grpiče","source":"https://sl.wikipedia.org/wiki/Bek%C5%A1tanj","type":"mesto","country":"Austria","dateinsert":"16.10.2019."},"geometry":{"type":"Point","coordinates":[13.803892135620115,46.54504834378877]}},{"type":"Feature","properties":{"country":"Austria","namenew":"Kopein","namelat":"Kopanje","source":"https://sl.wikipedia.org/wiki/Bek%C5%A1tanj","type":"mesto","dateinsert":"16.10.2019."},"geometry":{"type":"Point","coordinates":[13.961048126220703,46.54112250881141]}},{"type":"Feature","properties":{"source":"https://sl.wikipedia.org/wiki/Ledince","namenew":"Ledenitzen","namelat":"Ledince","type":"mesto","country":"Austria","dateinsert":"16.10.2019."},"geometry":{"type":"Point","coordinates":[13.969030380249023,46.564791283566876]}},{"type":"Feature","properties":{"namenew":"Latschach","namelat":"Loče","type":"mesto","country":"Austria","dateinsert":"16.10.2019."},"geometry":{"type":"Point","coordinates":[14.440326690673828,46.713370034374584]}},{"type":"Feature","properties":{"namenew":"Latschach","namelat":"Loče","type":"mesto","country":"Austria","dateinsert":"16.10.2019."},"geometry":{"type":"Point","coordinates":[14.438889026641844,46.835858753401034]}},{"type":"Feature","properties":{"namenew":"Latschach","namelat":"Loče","type":"mesto","country":"Austria","dateinsert":"16.10.2019."},"geometry":{"type":"Point","coordinates":[13.544747829437256,46.61674076983732]}},{"type":"Feature","properties":{"namenew":"Mallenitzen","namelat":"Malence","type":"mesto","source":"https://sl.wikipedia.org/wiki/Bek%C5%A1tanj","country":"Austria","dateinsert":"16.10.2019."},"geometry":{"type":"Point","coordinates":[13.987247943878174,46.555024000333496]}},{"type":"Feature","properties":{"namenew":"Mülln","namelat":"Mlin","type":"mesto","dateinsert":"16.10.2019.","country":"Austria"},"geometry":{"type":"Point","coordinates":[13.035197854042053,47.80663002083585]}},{"type":"Feature","properties":{"namenew":"Müllnern","namelat":"Mlinare","type":"mesto","source":"https://sl.wikipedia.org/wiki/Bek%C5%A1tanj","dateinsert":"16.10.2019.","country":"Austria"},"geometry":{"type":"Point","coordinates":[13.845884799957275,46.5706478592887]}},{"type":"Feature","properties":{"namenew":"Müllnern","namelat":"Mlinče","type":"mesto","dateinsert":"16.10.2019.","country":"Austria"},"geometry":{"type":"Point","coordinates":[14.564116001129152,46.55851357151469]}},{"type":"Feature","properties":{"namenew":"Vellach","namelat":"Bela","type":"mesto","dateinsert":"16.10.2019.","country":"Austria"},"geometry":{"type":"Point","coordinates":[14.55812931060791,46.43607498903906]}},{"type":"Feature","properties":{"type":"rijeka","namenew":"Vellach","namelat":"Bela","dateinsert":"16.10.2019.","country":"Austria"},"geometry":{"type":"LineString","coordinates":[[14.568761587142944,46.4431726915387],[14.568579196929932,46.44486565274156],[14.56984519958496,46.446055869077746],[14.568825960159302,46.44701689434833],[14.569952487945558,46.44865059839777],[14.572763442993164,46.45225787994013],[14.572184085845947,46.453544025005854],[14.577419757843016,46.45561361996811],[14.582805633544922,46.45697359668969],[14.587268829345703,46.46186627549274],[14.592161178588867,46.46683241217292],[14.593448638916014,46.47203454565531],[14.592933654785156,46.478240986200234],[14.591646194458006,46.483323829253195],[14.592247009277344,46.48657423574958],[14.587955474853514,46.48876076357553],[14.58357810974121,46.49360626876147],[14.582548141479492,46.49957391964046],[14.582805633544922,46.50394584221063],[14.580144882202147,46.508258340281934],[14.577312469482422,46.515641960322554],[14.577140808105469,46.52261117722763],[14.577913284301756,46.524855311033406],[14.580917358398438,46.52503247554364],[14.586324691772461,46.52881184745606],[14.59379196166992,46.52946140052222],[14.5938777923584,46.53814104598396],[14.592247009277344,46.53943992120242],[14.585895538330076,46.53867240778334],[14.585294723510742,46.54268697331455],[14.57980155944824,46.54935758013262],[14.560832977294924,46.554551821246356],[14.540920257568358,46.56027671558651],[14.526329040527344,46.56487980075241],[14.520835876464844,46.56417165922414],[14.495258331298828,46.57856872007625]]}},{"type":"Feature","properties":{"type":"rijeka","namenew":"Glan","namelat":"Glina","source":"https://en.wikipedia.org/wiki/Glan_(Gurk)","notes":"","dateinsert":"16.10.2019.","country":"Austria"},"geometry":{"type":"LineString","coordinates":[[14.069066047668457,46.653420438610716],[14.072821140289307,46.65460609047354],[14.073947668075562,46.65731605426286],[14.074398279190063,46.65846480227297],[14.076544046401976,46.65916434839987],[14.077563285827637,46.661174572685596],[14.077563285827637,46.6630153718569],[14.075717926025389,46.666107773368864],[14.07769203186035,46.66981842168152],[14.079065322875977,46.674382758682384],[14.084644317626953,46.677710064644344],[14.085288047790527,46.679741681700314],[14.095072746276855,46.683893009450465],[14.11717414855957,46.69154710366408],[14.119834899902344,46.69843486113957],[14.117431640625,46.707793738804504],[14.108333587646484,46.71191348505367],[14.105243682861328,46.716032916851965],[14.119405746459961,46.723211746392565],[14.126615524291992,46.723211746392565],[14.134168624877928,46.720681612190916],[14.13691520690918,46.72174075257456],[14.138717651367188,46.72615361370596],[14.14764404296875,46.72785982323895],[14.15657043457031,46.73303695629536],[14.174079895019531,46.72621244941584],[14.188671112060547,46.72174075257456],[14.202747344970703,46.71291394740051],[14.212188720703123,46.71232544238374],[14.223518371582031,46.72115234381722],[14.271926879882812,46.732801642846255],[14.296302795410156,46.730213127141624],[14.325485229492188,46.7396253160186],[14.333724975585938,46.75256439342943],[14.373121261596678,46.762266663342665],[14.389343261718752,46.75703353476754],[14.385738372802734,46.73986059969267],[14.365653991699217,46.7248003746672],[14.358444213867188,46.70879427751824],[14.343681335449217,46.691252735480305],[14.314155578613281,46.68124326260209],[14.297676086425781,46.661690002771294],[14.289436340332031,46.64990751621149],[14.290895462036133,46.641952886476375],[14.296731948852539,46.636531283423885],[14.303083419799805,46.63564727489734],[14.305400848388672,46.63747420993471],[14.322481155395508,46.631109137122095],[14.32694435119629,46.63063762046571],[14.335870742797852,46.6224443628193],[14.347114562988281,46.6144267378064],[14.364967346191406,46.60711551561134],[14.380931854248045,46.604167162931844],[14.398612976074217,46.604285100120016],[14.41062927246094,46.60628999303633],[14.425220489501953,46.603577473139694]]}},{"type":"Feature","properties":{"namenew":"Neumüllnern","namelat":"Novi Mlinari","source":"https://sl.wikipedia.org/wiki/Bek%C5%A1tanj","type":"mesto","dateinsert":"16.10.2019.","country":"Austria"},"geometry":{"type":"Point","coordinates":[13.843696117401123,46.56760900975679]}},{"type":"Feature","properties":{"namenew":"Outschena","namelat":"Ovčna","type":"mesto","source":"https://sl.wikipedia.org/wiki/Bek%C5%A1tanj","dateinsert":"16.10.2019.","country":"Austria"},"geometry":{"type":"Point","coordinates":[13.927381038665771,46.53820008644067]}},{"type":"Feature","properties":{"namenew":"Petschnitzen","namelat":"Pečnica","type":"mesto","source":"https://sl.wikipedia.org/wiki/Bek%C5%A1tanj","dateinsert":"16.10.2019.","country":"Austria"},"geometry":{"type":"Point","coordinates":[13.94963264465332,46.57902594115065]}},{"type":"Feature","properties":{"type":"mesto","namenew":"Pogöriach","namelat":"Podgorje","dateinsert":"16.10.2019.","country":"Austria"},"geometry":{"type":"Point","coordinates":[13.796081542968748,46.616726031092725]}},{"type":"Feature","properties":{"marker-color":"#7e7e7e","marker-size":"medium","marker-symbol":"","namenew":"Pogöriach","namelat":"Pogorje","type":"mesto","dateinsert":"16.10.2019.","country":"Austria"},"geometry":{"type":"Point","coordinates":[13.908326625823975,46.556278206083476]}},{"type":"Feature","properties":{"namenew":"Ratnitz","namelat":"Ratenče","source":"https://sl.wikipedia.org/wiki/Bek%C5%A1tanj","type":"mesto","dateinsert":"16.10.2019.","country":"Austria"},"geometry":{"type":"Point","coordinates":[13.915235996246338,46.55683890045426]}},{"type":"Feature","properties":{"namenew":"Unteraichwald","namelat":"Spodnje Dobje","notes":"","source":"https://sl.wikipedia.org/wiki/Bek%C5%A1tanj","type":"mesto","dateinsert":"16.10.2019.","country":"Austria"},"geometry":{"type":"Point","coordinates":[13.946285247802734,46.55809306425781]}},{"type":"Feature","properties":{"type":"mesto","namenew":"Stobitzen","namelat":"Stopca","source":"https://sl.wikipedia.org/wiki/Bek%C5%A1tanj","dateinsert":"16.10.2019.","country":"Austria"},"geometry":{"type":"Point","coordinates":[13.839855194091795,46.56126523154786]}},{"type":"Feature","properties":{"namenew":"Susalitsch","namelat":"Žužalce","type":"mesto","dateinsert":"16.10.2019.","country":"Austria"},"geometry":{"type":"Point","coordinates":[13.838009834289549,46.55118742633136]}},{"type":"Feature","properties":{"namenew":"Sigmontitsch","namelat":"Zmotiče","dateinsert":"17.10.2019.","country":"Austria","type":"mesto"},"geometry":{"type":"Point","coordinates":[13.81650924682617,46.556529043754985]}},{"type":"Feature","properties":{"namenew":"Gödersdorf","namelat":"Vodiča vas","source":"https://sl.wikipedia.org/wiki/Vodi%C4%8Da_vas","type":"mesto","dateinsert":"17.10.2019.","country":"Austria"},"geometry":{"type":"Point","coordinates":[13.84925365447998,46.566443580547826]}},{"type":"Feature","properties":{"namenew":"Techanting","namelat":"Teharče","source":"https://sl.wikipedia.org/wiki/Bek%C5%A1tanj","dateinsert":"17.10.2019.","country":"Austria","type":"mesto"},"geometry":{"type":"Point","coordinates":[13.8482666015625,46.55918490090724]}},{"type":"Feature","properties":{"namenew":"Altfinkenstein","namelat":"Stari Grad","source":"https://sl.wikipedia.org/wiki/Bek%C5%A1tanj","dateinsert":"17.10.2019.","country":"Austria","type":"mesto"},"geometry":{"type":"Point","coordinates":[13.903477191925049,46.54658317951774]}},{"type":"Feature","properties":{"namenew":"Untergreuth","namelat":"Spodnje Rute","source":"https://sl.wikipedia.org/wiki/Bek%C5%A1tanj","dateinsert":"17.10.2019.","country":"Austria","type":"mesto"},"geometry":{"type":"Point","coordinates":[13.938624858856201,46.546420843175575]}},{"type":"Feature","properties":{"namenew":"Goritschach","namelat":"Zagoriče","source":"https://sl.wikipedia.org/wiki/Bek%C5%A1tanj","dateinsert":"17.10.2019.","country":"Austria","type":"mesto"},"geometry":{"type":"Point","coordinates":[13.956756591796875,46.60912030377397]}},{"type":"Feature","properties":{"namenew":"Auen","namelat":"Log pri Beljaku","source":"https://sl.wikipedia.org/wiki/Beljak","dateinsert":"17.10.2019.","country":"Austria","type":"mesto"},"geometry":{"type":"Point","coordinates":[13.845133781433105,46.59237214751384]}},{"type":"Feature","properties":{"namenew":"Drautschen","namelat":"Dravče","source":"https://sl.wikipedia.org/wiki/Beljak","dateinsert":"17.10.2019.","country":"Austria","type":"mesto"},"geometry":{"type":"Point","coordinates":[13.918347358703613,46.62117694963434]}},{"type":"Feature","properties":{"namenew":"Duel","namelat":"Dolje","source":"https://sl.wikipedia.org/wiki/Beljak","dateinsert":"17.10.2019.","country":"Austria","type":"mesto"},"geometry":{"type":"Point","coordinates":[13.897383213043213,46.60615731859191]}},{"type":"Feature","properties":{"namenew":"Prossowitsch","namelat":"Prosoviče","source":"https://sl.wikipedia.org/wiki/Beljak","dateinsert":"17.10.2019.","country":"Austria","type":"mesto"},"geometry":{"type":"Point","coordinates":[13.883671760559082,46.60213270602155]}},{"type":"Feature","properties":{"namenew":"Zauchen","namelat":"Suha","source":"https://sl.wikipedia.org/wiki/Beljak","dateinsert":"17.10.2019.","country":"Austria","type":"mesto"},"geometry":{"type":"Point","coordinates":[13.908648490905762,46.62238541402674]}},{"type":"Feature","properties":{"namenew":"Federaun","namelat":"Vetrov","source":"https://sl.wikipedia.org/wiki/Beljak","dateinsert":"17.10.2019.","country":"Austria","type":"mesto"},"geometry":{"type":"Point","coordinates":[13.810887336730957,46.57106089365462]}},{"type":"Feature","properties":{"namenew":"Graschitz","namelat":"Krošče","source":"https://sl.wikipedia.org/wiki/Beljak","dateinsert":"17.10.2019.","country":"Austria","type":"mesto"},"geometry":{"type":"Point","coordinates":[13.947572708129883,46.59738534278733]}},{"type":"Feature","properties":{"namenew":"Greuth","namelat":"Rute","source":"https://sl.wikipedia.org/wiki/Beljak","dateinsert":"17.10.2019.","country":"Austria","type":"mesto"},"geometry":{"type":"Point","coordinates":[14.093141555786133,46.5261545040244]}},{"type":"Feature","properties":{"namenew":"Gritschach","namelat":"Griče","source":"https://sl.wikipedia.org/wiki/Beljak","dateinsert":"17.10.2019.","country":"Austria","type":"mesto"},"geometry":{"type":"Point","coordinates":[13.837323188781738,46.63482218724328]}},{"type":"Feature","properties":{"namenew":"Großsattel","namelat":"Sedlo","source":"https://sl.wikipedia.org/wiki/Beljak","dateinsert":"17.10.2019.","country":"Austria","type":"mesto"},"geometry":{"type":"Point","coordinates":[13.919527530670166,46.60407870987222]}},{"type":"Feature","properties":{"namenew":"Tschinowitsch","namelat":"Činoviče","source":"https://sl.wikipedia.org/wiki/Beljak","dateinsert":"17.10.2019.","country":"Austria","type":"mesto"},"geometry":{"type":"Point","coordinates":[13.858566284179688,46.59083860692317]}},{"type":"Feature","properties":{"namenew":"Großvassach","namelat":"Laze","source":"https://sl.wikipedia.org/wiki/Beljak","dateinsert":"17.10.2019.","country":"Austria","type":"mesto"},"geometry":{"type":"Point","coordinates":[13.847322463989258,46.63146277191861]}},{"type":"Feature","properties":{"namenew":"Kleinsattel ","namelat":"Malo Sedlo","source":"https://sl.wikipedia.org/wiki/Beljak","dateinsert":"17.10.2019.","country":"Austria","type":"mesto"},"geometry":{"type":"Point","coordinates":[13.894143104553223,46.60312045913584]}},{"type":"Feature","properties":{"namenew":"Kleinvassach","namelat":"Male Laze","source":"https://sl.wikipedia.org/wiki/Beljak","dateinsert":"17.10.2019.","country":"Austria","type":"mesto"},"geometry":{"type":"Point","coordinates":[13.854961395263672,46.63600088004092]}},{"type":"Feature","properties":{"namenew":"Kratschach","namelat":"Hrašče","source":"https://sl.wikipedia.org/wiki/Beljak","dateinsert":"17.10.2019.","country":"Austria","type":"mesto"},"geometry":{"type":"Point","coordinates":[13.913369178771973,46.59750329473874]}},{"type":"Feature","properties":{"namenew":"Landskron","namelat":"Vajškra","source":"https://sl.wikipedia.org/wiki/Beljak","dateinsert":"17.10.2019.","country":"Austria","type":"mesto"},"geometry":{"type":"Point","coordinates":[13.887062072753906,46.63393815079684]}},{"type":"Feature","properties":{"namenew":"Gratschach","namelat":"Grače","source":"https://sl.wikipedia.org/wiki/Beljak","dateinsert":"17.10.2019.","country":"Austria","type":"mesto"},"geometry":{"type":"Point","coordinates":[13.897061347961426,46.63732687875048]}},{"type":"Feature","properties":{"namenew":"Marija Gail","namelat":"Marija na Zilji","source":"https://sl.wikipedia.org/wiki/Beljak","dateinsert":"17.10.2019.","country":"Austria","type":"mesto"},"geometry":{"type":"Point","coordinates":[13.879766464233398,46.599095620953314]}},{"type":"Feature","properties":{"namenew":"Perau","namelat":"Perova","dateinsert":"17.10.2019.","country":"Austria","type":"mesto"},"geometry":{"type":"Point","coordinates":[13.535027503967285,46.88908775882288]}},{"type":"Feature","properties":{"source":"https://sl.wikipedia.org/wiki/Beljak","namenew":"Serai","namelat":"Seraje","dateinsert":"17.10.2019.","country":"Austria","type":"mesto"},"geometry":{"type":"Point","coordinates":[13.903906345367432,46.597916124546835]}},{"type":"Feature","properties":{"namenew":"Turdanitsch","namelat":"Trdaniče","dateinsert":"17.10.2019.","country":"Austria","type":"mesto","source":"https://sl.wikipedia.org/wiki/Beljak"},"geometry":{"type":"Point","coordinates":[13.862965106964111,46.586827603305935]}},{"type":"Feature","properties":{"namenew":"Unterschütt","namelat":"Zabuče","dateinsert":"17.10.2019.","country":"Austria","type":"mesto","source":"https://sl.wikipedia.org/wiki/Beljak"},"geometry":{"type":"Point","coordinates":[13.783636093139648,46.56526337355398]}},{"type":"Feature","properties":{"namenew":"Warmbad","namelat":"Toplice","dateinsert":"17.10.2019.","country":"Austria","type":"mesto","source":"https://sl.wikipedia.org/wiki/Beljak"},"geometry":{"type":"Point","coordinates":[13.82680892944336,46.58811056689533]}},{"type":"Feature","properties":{"namenew":"Agoritschach","namelat":"Zagoriče","source":"https://sl.wikipedia.org/wiki/Podklo%C5%A1ter","country":"Austria","dateinsert":"17.10.2019.","type":"mesto"},"geometry":{"type":"Point","coordinates":[13.704242706298828,46.545491089317956]}},{"type":"Feature","properties":{"namenew":"Arnoldstein","namelat":"Podklošter","source":"https://sl.wikipedia.org/wiki/Podklo%C5%A1ter","country":"Austria","dateinsert":"17.10.2019.","type":"mesto"},"geometry":{"type":"Point","coordinates":[13.70718240737915,46.54913622358722]}},{"type":"Feature","properties":{"namenew":"Erlendorf","namelat":"Oljše","source":"https://sl.wikipedia.org/wiki/Podklo%C5%A1ter","country":"Austria","dateinsert":"17.10.2019.","type":"mesto"},"geometry":{"type":"Point","coordinates":[13.780524730682373,46.55760615704704]}},{"type":"Feature","properties":{"namenew":"Gailitz","namelat":"Ziljica","source":"https://sl.wikipedia.org/wiki/Podklo%C5%A1ter","country":"Austria","dateinsert":"17.10.2019.","type":"mesto"},"geometry":{"type":"Point","coordinates":[13.704607486724854,46.555097777944724]}},{"type":"Feature","properties":{"namenew":"Greuth","namelat":"Rute","source":"https://sl.wikipedia.org/wiki/Podklo%C5%A1ter","country":"Austria","dateinsert":"17.10.2019.","type":"mesto"},"geometry":{"type":"Point","coordinates":[13.684523105621336,46.544989310778725]}},{"type":"Feature","properties":{"namenew":"Lind","namelat":"Lipa","source":"https://sl.wikipedia.org/wiki/Podklo%C5%A1ter","country":"Austria","dateinsert":"17.10.2019.","type":"mesto"},"geometry":{"type":"Point","coordinates":[13.752350807189941,46.54667172640887]}},{"type":"Feature","properties":{"namenew":"Krainegg","namelat":"Podkrajnik","source":"https://sl.wikipedia.org/wiki/Podklo%C5%A1ter","country":"Austria","dateinsert":"17.10.2019.","type":"mesto"},"geometry":{"type":"Point","coordinates":[13.773078918457031,46.53922590412831]}},{"type":"Feature","properties":{"namenew":"Krainberg","namelat":"Strmec","source":"https://sl.wikipedia.org/wiki/Podklo%C5%A1ter","country":"Austria","dateinsert":"17.10.2019.","type":"mesto"},"geometry":{"type":"Point","coordinates":[13.756814002990723,46.53238429319352]}},{"type":"Feature","properties":{"namenew":"Maglern","namelat":"Megvarje","source":"https://sl.wikipedia.org/wiki/Podklo%C5%A1ter","country":"Austria","dateinsert":"17.10.2019.","type":"mesto"},"geometry":{"type":"Point","coordinates":[13.659181594848633,46.54546157306168]}},{"type":"Feature","properties":{"namenew":"Neuhaus an der Gail","namelat":"Poturje","source":"https://sl.wikipedia.org/wiki/Podklo%C5%A1ter","country":"Austria","dateinsert":"17.10.2019.","type":"mesto"},"geometry":{"type":"Point","coordinates":[13.775117397308348,46.55393207995966]}},{"type":"Feature","properties":{"namenew":"Oberthörl","namelat":"Zgornja Vrata","source":"https://sl.wikipedia.org/wiki/Podklo%C5%A1ter","country":"Austria","dateinsert":"17.10.2019.","type":"mesto"},"geometry":{"type":"Point","coordinates":[13.643860816955566,46.54236227684192]}},{"type":"Feature","properties":{"namelat":"Peče","namenew":"Pöckau","source":"https://sl.wikipedia.org/wiki/Podklo%C5%A1ter","country":"Austria","dateinsert":"17.10.2019.","type":"mesto"},"geometry":{"type":"Point","coordinates":[13.744990825653074,46.54900340922666]}},{"type":"Feature","properties":{"namenew":"Pessendellach","namelat":"Dole","source":"https://sl.wikipedia.org/wiki/Podklo%C5%A1ter","country":"Austria","dateinsert":"17.10.2019.","type":"mesto"},"geometry":{"type":"Point","coordinates":[13.646414279937742,46.5469963971072]}},{"type":"Feature","properties":{"namenew":"Radendorf","namelat":"Radna vas","source":"https://sl.wikipedia.org/wiki/Podklo%C5%A1ter","country":"Austria","dateinsert":"17.10.2019.","type":"mesto"},"geometry":{"type":"Point","coordinates":[13.789687156677246,46.54676027315554]}},{"type":"Feature","properties":{"namenew":"Riegersdorf","namelat":"Rikarja vas","source":"https://sl.wikipedia.org/wiki/Podklo%C5%A1ter","notes":"","country":"Austria","dateinsert":"17.10.2019.","type":"mesto"},"geometry":{"type":"Point","coordinates":[13.780717849731445,46.54947563658773]}},{"type":"Feature","properties":{"namenew":"Hart","namelat":"Ločilo","source":"https://sl.wikipedia.org/wiki/Podklo%C5%A1ter","country":"Austria","dateinsert":"17.10.2019.","type":"mesto"},"geometry":{"type":"Point","coordinates":[13.79359245300293,46.55697169564088]}},{"type":"Feature","properties":{"namenew":"Seltschach","namelat":"Sovče","source":"https://sl.wikipedia.org/wiki/Podklo%C5%A1ter","country":"Austria","dateinsert":"17.10.2019.","type":"mesto"},"geometry":{"type":"Point","coordinates":[13.704972267150879,46.539794154505934]}},{"type":"Feature","properties":{"namenew":"Thörl-Maglern-Greuth","namelat":"Rute pri Vratih","source":"https://sl.wikipedia.org/wiki/Podklo%C5%A1ter","country":"Austria","dateinsert":"17.10.2019.","type":"mesto"},"geometry":{"type":"Point","coordinates":[13.650341033935547,46.53758015844346]}},{"type":"Feature","properties":{"namenew":"Tschau","namelat":"Čava","source":"https://sl.wikipedia.org/wiki/Podklo%C5%A1ter","country":"Austria","dateinsert":"17.10.2019.","type":"mesto"},"geometry":{"type":"Point","coordinates":[13.777649402618408,46.54794088264273]}},{"type":"Feature","properties":{"namenew":"Unterthörl","namelat":"Spodnja Vrata","source":"https://sl.wikipedia.org/wiki/Podklo%C5%A1ter","country":"Austria","dateinsert":"17.10.2019.","type":"mesto"},"geometry":{"type":"Point","coordinates":[13.643667697906494,46.53866502779395]}},{"type":"Feature","properties":{"namenew":"Draschitz","namelat":"Drašče","source":"https://sl.wikipedia.org/wiki/Straja_vas","country":"Austria","dateinsert":"17.10.2019.","type":"mesto"},"geometry":{"type":"Point","coordinates":[13.632874488830566,46.55931769035257]}},{"type":"Feature","properties":{"namenew":"Dreulach","namelat":"Drevlje","source":"https://sl.wikipedia.org/wiki/Straja_vas","country":"Austria","dateinsert":"17.10.2019.","type":"mesto"},"geometry":{"type":"Point","coordinates":[13.620772361755371,46.56415690617733]}},{"type":"Feature","properties":{"namenew":"Göriach","namelat":"Gorje","source":"https://sl.wikipedia.org/wiki/Straja_vas","country":"Austria","dateinsert":"17.10.2019.","type":"mesto"},"geometry":{"type":"Point","coordinates":[13.616523742675781,46.561427523492]}},{"type":"Feature","properties":{"namenew":"Hohenthurn","namelat":"Straja vas","source":"https://sl.wikipedia.org/wiki/Straja_vas","country":"Austria","dateinsert":"17.10.2019.","type":"mesto"},"geometry":{"type":"Point","coordinates":[13.657035827636719,46.55688316555257]}},{"type":"Feature","properties":{"namenew":"Stossau","namelat":"Štosava","source":"https://sl.wikipedia.org/wiki/Straja_vas","country":"Austria","dateinsert":"17.10.2019.","type":"mesto"},"geometry":{"type":"Point","coordinates":[13.686046600341797,46.551807198960745]}},{"type":"Feature","properties":{"namenew":"Slizza","namelat":"Ziljica","country":"Italy","type":"rijeka","dateinsert":"17.10.2019."},"geometry":{"type":"LineString","coordinates":[[13.569788932800293,46.47006902525063],[13.571934700012205,46.47159120138775],[13.573522567749023,46.473320223608475],[13.572814464569092,46.47549250699753],[13.573544025421143,46.476984977982596],[13.575217723846436,46.478595618566054],[13.574852943420408,46.48033919407979],[13.577857017517088,46.481580349385126],[13.583135604858398,46.487933439058935],[13.586225509643555,46.487992534084604],[13.588285446166992,46.49334036808662],[13.58656883239746,46.49466985846028],[13.589057922363281,46.49517210192072],[13.589701652526855,46.49815592330743],[13.59283447265625,46.50093279809267],[13.593649864196777,46.504536615594],[13.595452308654785,46.505422763631536],[13.601760864257812,46.50654519707596],[13.604636192321777,46.50964653741487],[13.606481552124023,46.508258340281934],[13.60832691192627,46.51174353393636],[13.61356258392334,46.51333837853132],[13.61678123474121,46.516380267155846],[13.61575126647949,46.51927433321166],[13.618712425231932,46.52128237009551],[13.623003959655762,46.52160719261793],[13.63154411315918,46.526626930135635],[13.636243343353271,46.526538350552755],[13.639976978302002,46.52922520030601],[13.642358779907227,46.53239905487851],[13.642659187316895,46.533181418440684]]}},{"type":"Feature","properties":{"country":"Italy","type":"mesto","namelat":"Trbiž","namenew":"Tarvisio","dateinsert":"17.10.2019."},"geometry":{"type":"Point","coordinates":[13.57935905456543,46.50577721880199]}},{"type":"Feature","properties":{"namenew":"Gailltz","namelat":"Ziljica","type":"rijeka","country":"Austria","dateinsert":"17.10.2019."},"geometry":{"type":"LineString","coordinates":[[13.64278793334961,46.533329032943236],[13.645877838134766,46.53645836598138],[13.649654388427734,46.536753576770884],[13.653216361999512,46.53557272398346],[13.655962944030762,46.53636980243158],[13.656306266784668,46.539617038143064],[13.664288520812988,46.54336587784587],[13.66476058959961,46.54212613273304],[13.669695854187012,46.54280504427768],[13.670940399169922,46.54433994343128],[13.674674034118652,46.54472366143907],[13.674888610839844,46.5462289905089],[13.67716312408447,46.54557963799047],[13.684844970703125,46.547970397550934],[13.690853118896483,46.54720300472235],[13.691754341125487,46.54876729400545],[13.69196891784668,46.550892294020315],[13.69020938873291,46.555909325048454],[13.68892192840576,46.55717826528527],[13.690423965454102,46.55883079413088],[13.691496849060059,46.56337498895566],[13.690037727355957,46.566473085393696],[13.688514232635498,46.56747624060436],[13.689544200897217,46.56915795918988],[13.69023084640503,46.570942884156736]]}},{"type":"Feature","properties":{"type":"mesto","source":"https://sl.wikipedia.org/wiki/Linz","country":"Austria","namenew":"Linz","namelat":"Linec","dateinsert":"17.10.2019."},"geometry":{"type":"Point","coordinates":[14.29115295410156,48.30591999546875]}},{"type":"Feature","properties":{"type":"jezero","country":"Austria","source":"https://sl.wikipedia.org/wiki/Osojsko_jezero","namenew":"Ossiacher","namelat":"Osojsko","dateinsert":"18.10.2019."},"geometry":{"type":"Polygon","coordinates":[[[13.896160125732422,46.65132155014943],[13.901996612548828,46.65132155014943],[13.90371322631836,46.65285337853082],[13.908348083496094,46.65120371539992],[13.927574157714842,46.65320687122665],[13.928775787353516,46.65438516352555],[13.931865692138672,46.65426733545094],[13.94491195678711,46.65839116531205],[13.951263427734375,46.66062968410914],[13.956756591796875,46.66062968410914],[13.967227935791016,46.66004060920044],[13.967227935791016,46.66192562631674],[13.97512435913086,46.66769808240838],[13.975811004638672,46.67205646734499],[13.978385925292967,46.67146751694494],[13.981647491455078,46.67841672271914],[13.985080718994139,46.679123371552315],[13.986110687255858,46.68077218289006],[13.996753692626951,46.684776229520075],[14.000530242919922,46.684776229520075],[14.001903533935547,46.68654262633967],[14.008255004882812,46.68772019213088],[14.011688232421875,46.687013655736656],[14.015121459960938,46.68795570220864],[14.015464782714844,46.688897732251355],[14.018726348876953,46.69078174304913],[14.015979766845703,46.69195921642594],[14.005680084228514,46.69407860381455],[13.992290496826172,46.69360763602703],[13.985424041748047,46.68819121125956],[13.980274200439451,46.687013655736656],[13.973407745361326,46.67841672271914],[13.968257904052734,46.675590034969886],[13.968429565429688,46.67358770834943],[13.96036148071289,46.67382328003784],[13.927574157714842,46.66652008020502],[13.923797607421873,46.661100939415064],[13.91590118408203,46.66298591956354],[13.909721374511719,46.65956934465249],[13.906974792480469,46.65968716117454],[13.901481628417969,46.65768424538511],[13.897018432617188,46.658273345966045],[13.894271850585938,46.65697731621612],[13.896160125732422,46.65132155014943]]]}},{"type":"Feature","properties":{"namenew":"Nockberge","namelat":"Krške alpe","type":"planina","country":"Austria","source":"https://sl.wikipedia.org/wiki/Kr%C5%A1ke_Alpe","dateinsert":"18.10.2019."},"geometry":{"type":"Polygon","coordinates":[[[13.561248779296873,47.00273390667881],[13.550262451171875,46.84704298339386],[13.660125732421875,46.795358834711344],[13.8482666015625,46.78971755817767],[14.0625,46.86864162233212],[13.947143554687498,47.00273390667881],[13.753509521484375,47.04486132771009],[13.561248779296873,47.00273390667881]]]}},{"type":"Feature","properties":{"namenew":"Drau","namelat":"Drava","dateinsert":"18.10.2019.","type":"rijeka","country":"Austria"},"geometry":{"type":"LineString","coordinates":[[12.370176315307617,46.74068408446647],[12.381505966186523,46.74362499884437],[12.38931655883789,46.74333091462565],[12.39283561706543,46.744507241875134],[12.399272918701172,46.7432720975894],[12.413005828857422,46.74509539587449],[12.423133850097656,46.74580117220338],[12.43128776550293,46.747683197238786],[12.445106506347656,46.7461540569027],[12.464160919189453,46.74809488145624],[12.486133575439453,46.745154210921505],[12.501926422119139,46.74715388433906],[12.506389617919922,46.7485653738546],[12.513084411621094,46.75162347434118],[12.526130676269531,46.754681401316745],[12.549476623535156,46.75797435940077],[12.566299438476562,46.76067913871875],[12.576255798339844,46.76914539617393],[12.587413787841797,46.76714653871027],[12.610073089599608,46.77161447063216],[12.630672454833984,46.776552279985395],[12.65899658203125,46.7827826789825],[12.679080963134766,46.78466341247701],[12.702598571777342,46.78830714664984],[12.712898254394531,46.79171557791076],[12.726116180419922,46.793831047371384],[12.737102508544922,46.7977091920788],[12.752552032470703,46.80628712528433],[12.761478424072266,46.8216769734396],[12.775211334228516,46.82884173575419],[12.789802551269531,46.82191189882072],[12.797183990478514,46.82179443625848],[12.838039398193358,46.81192666484014],[12.873229980468748,46.79112793274763],[12.885932922363281,46.78184228759631],[12.913055419921875,46.771261752639454],[12.917346954345703,46.766088290023326],[12.929363250732422,46.76491243376573],[12.950477600097656,46.74456605756385],[12.97210693359375,46.74738913515841],[12.983436584472656,46.74621287079465],[12.98858642578125,46.74009588234003],[13.0078125,46.74080172412175],[13.032188415527344,46.733978199824456],[13.044891357421875,46.736801831845696],[13.057937622070312,46.73209569633854],[13.077850341796873,46.733978199824456],[13.09638977050781,46.732801642846255],[13.12591552734375,46.74456605756385],[13.133468627929688,46.73515473113437],[13.157501220703125,46.738684171055176],[13.179473876953125,46.73515473113437],[13.210372924804686,46.74715388433906],[13.260841369628906,46.7506825388258],[13.267364501953125,46.75397574126115],[13.304786682128906,46.75162347434118],[13.336372375488281,46.76126711625588],[13.360748291015625,46.799589404058295],[13.361434936523436,46.81133924039194],[13.345985412597656,46.829194076477336],[13.351821899414062,46.83271735667755],[13.36830139160156,46.82801959841812],[13.379631042480469,46.826845094695855],[13.403320312499998,46.821207119597716],[13.422203063964844,46.82332142955031],[13.448295593261719,46.8169782502437],[13.467178344726562,46.809224459253954],[13.470954895019531,46.8028796169284],[13.467521667480469,46.793948571014326],[13.484344482421875,46.790892872885806],[13.504600524902344,46.779373682055635],[13.551292419433594,46.770438735006586],[13.568801879882812,46.751153008636884],[13.59832763671875,46.742919194024324],[13.606224060058594,46.742919194024324],[13.635406494140625,46.72221147496003],[13.648796081542969,46.719857821962364],[13.684844970703125,46.695138266319276],[13.695831298828125,46.69725752894985],[13.702011108398438,46.68995749641134],[13.697891235351562,46.68053664149379],[13.752136230468748,46.66192562631674],[13.77960205078125,46.64990751621149],[13.788185119628906,46.65108588039371],[13.798828125,46.64778639598821],[13.808956146240234,46.6395957345084],[13.828868865966797,46.633466658787135],[13.834362030029297,46.62804420542877],[13.834018707275389,46.62049901877483],[13.838224411010742,46.61548796222358],[13.846120834350586,46.61631334461478],[13.853588104248045,46.60900237711252],[13.859853744506836,46.6080589545779],[13.867063522338867,46.6140729917126],[13.87693405151367,46.6161364780186],[13.886890411376953,46.60652585791292],[13.892383575439453,46.60676172176255],[13.89839172363281,46.60876652301935],[13.910579681396484,46.604285100120016],[13.922080993652344,46.61230422658282],[13.931007385253906,46.61206838686752],[13.94989013671875,46.597916124546835],[13.961048126220703,46.59178232934486],[13.979244232177733,46.59307992084364],[13.98902893066406,46.586473676971956],[14.008769989013672,46.58812531342674],[14.025421142578125,46.59532114207517],[14.037437438964844,46.591664364940804],[14.025421142578125,46.58081054135384],[14.027824401855469,46.57042658958452],[14.0460205078125,46.5739667965278],[14.092369079589842,46.538554327832834],[14.16961669921875,46.53335855579562],[14.217681884765625,46.54634705376864],[14.285316467285154,46.54799991244303],[14.361877441406248,46.5461109269924],[14.422302246093748,46.558860303117164],[14.47998046875,46.559332444715345],[14.514312744140625,46.60275189664713],[14.589843749999998,46.63670808339624],[14.642372131347654,46.652382051342244],[14.655418395996094,46.645429498183326],[14.656105041503904,46.62833891794095],[14.700050354003906,46.628810454622865],[14.712238311767576,46.63364346877216],[14.746742248535156,46.63882963800774],[14.76837158203125,46.63647234997141],[14.782447814941404,46.631993219781],[14.816780090332031,46.648022080120654],[14.831542968749998,46.64566519258496],[14.840126037597656,46.65297120968615],[14.843559265136719,46.66875826244199],[14.86244201660156,46.66569546338791],[14.882354736328127,46.648022080120654],[14.88990783691406,46.64755071082884],[14.89402770996094,46.65202855325517],[14.918060302734375,46.65438516352555],[14.955482482910156,46.6322289727177]]}},{"type":"Feature","properties":{"type":"oblast","namenew":"Gailtal alps","namelat":"Ziljske alpe","dateinsert":"18.10.2019.","country":"Austria","source":"https://sl.wikipedia.org/wiki/Ziljske_Alpe"},"geometry":{"type":"Polygon","coordinates":[[[12.76611328125,46.82073726164968],[12.745513916015623,46.79159804939142],[12.583465576171875,46.76338378225934],[12.49420166015625,46.74268392369757],[12.503814697265623,46.73138974059024],[12.613677978515625,46.705027447019],[12.770233154296875,46.70691089512586],[12.814178466796875,46.69278343251575],[12.957000732421873,46.68147880091785],[13.13690185546875,46.64377960861833],[13.253631591796875,46.62963563393178],[13.42254638671875,46.616431255357995],[13.4912109375,46.62774949131197],[13.635406494140625,46.59850587595948],[13.798828125,46.60322365618339],[13.813934326171875,46.62586328296708],[13.68621826171875,46.67865227335706],[13.5736083984375,46.74080172412175],[13.476104736328125,46.785956378641224],[13.36761474609375,46.81979753343518],[13.352508544921875,46.7549166192819],[13.175354003906248,46.72950714675161],[13.0023193359375,46.73138974059024],[12.933654785156248,46.74362499884437],[12.84027099609375,46.800059446787316],[12.797698974609375,46.82073726164968],[12.76611328125,46.82073726164968]]]}},{"type":"Feature","properties":{"namenew":"Rosental","namelat":"Rož","country":"Austria","type":"oblast","source":"https://sl.wikipedia.org/wiki/Ro%C5%BE","dateinsert":"18.10.2019."},"geometry":{"type":"Polygon","coordinates":[[[14.034690856933594,46.586709628118015],[14.004135131835938,46.57042658958452],[14.049797058105469,46.54091587805394],[14.090995788574219,46.51918574163987],[14.177169799804686,46.516586991271616],[14.269180297851562,46.526508823993005],[14.403762817382812,46.53619267489863],[14.4305419921875,46.53666501370254],[14.441528320312498,46.5576799311477],[14.353294372558594,46.549416608392264],[14.289436340332031,46.54634705376864],[14.215965270996094,46.543749602738565],[14.143180847167969,46.54256890209462],[14.0899658203125,46.551777686138884],[14.052886962890625,46.57679879569826],[14.034690856933594,46.586709628118015]]]}},{"type":"Feature","properties":{"namenew":"Fresach","namelat":"Breze","source":"https://sl.wikipedia.org/wiki/Breze_(Avstrijska_Koro%C5%A1ka)","type":"mesto","country":"Austria","dateinsert":"18.10.2019."},"geometry":{"type":"Point","coordinates":[13.691282272338867,46.71344359642878]}},{"type":"Feature","properties":{"type":"mesto","source":"https://sl.wikipedia.org/wiki/Breze_(Avstrijska_Koro%C5%A1ka)","namenew":"Laas","namelat":"Lož","country":"Austria","dateinsert":"18.10.2019."},"geometry":{"type":"Point","coordinates":[13.661842346191406,46.72253509421767]}},{"type":"Feature","properties":{"namenew":"Förk","namelat":"Borče","source":"https://sl.wikipedia.org/wiki/%C4%8Cajna","type":"mesto","country":"Austria","dateinsert":"18.10.2019."},"geometry":{"type":"Point","coordinates":[13.638839721679688,46.58762392910841]}},{"type":"Feature","properties":{"namenew":"Saak","namelat":"Čače","source":"https://sl.wikipedia.org/wiki/%C4%8Cajna","type":"mesto","country":"Austria","dateinsert":"18.10.2019."},"geometry":{"type":"Point","coordinates":[13.634204864501953,46.58930502294053]}},{"type":"Feature","properties":{"namenew":"Nötsch","namelat":"Čajna","source":"https://sl.wikipedia.org/wiki/%C4%8Cajna","type":"mesto","country":"Austria","dateinsert":"18.10.2019."},"geometry":{"type":"Point","coordinates":[13.623905181884766,46.59154640027999]}},{"type":"Feature","properties":{"namenew":"Kerschdorf","namelat":"Črešnje","dateinsert":"18.10.2019.","source":"https://sl.wikipedia.org/wiki/%C4%8Cajna","type":"mesto","country":"Austria"},"geometry":{"type":"Point","coordinates":[13.55833053588867,46.6181704089977]}},{"type":"Feature","properties":{"namenew":"Dellach","namelat":"Dole","source":"https://sl.wikipedia.org/wiki/%C4%8Cajna","type":"mesto","country":"Austria","dateinsert":"18.10.2019."},"geometry":{"type":"Point","coordinates":[13.594508171081543,46.60115967788351]}},{"type":"Feature","properties":{"namenew":"Semering","namelat":"Semrače","source":"https://sl.wikipedia.org/wiki/%C4%8Cajna","type":"mesto","country":"Austria","dateinsert":"18.10.2019."},"geometry":{"type":"Point","coordinates":[13.584680557250975,46.61056488454016]}},{"type":"Feature","properties":{"namenew":"Kühweg","namelat":"Skovče","source":"https://sl.wikipedia.org/wiki/%C4%8Cajna","type":"mesto","country":"Austria","dateinsert":"18.10.2019."},"geometry":{"type":"Point","coordinates":[13.588006496429442,46.605331781414236]}},{"type":"Feature","properties":{"namenew":"Poglantschach","namelat":"Poklanče","source":"https://sl.wikipedia.org/wiki/%C4%8Cajna","type":"mesto","country":"Austria","dateinsert":"18.10.2019."},"geometry":{"type":"Point","coordinates":[13.58008861541748,46.606231026656694]}},{"type":"Feature","properties":{"namenew":"Hermsberg","namelat":"Rute","source":"https://sl.wikipedia.org/wiki/%C4%8Cajna","type":"mesto","country":"Austria","dateinsert":"18.10.2019."},"geometry":{"type":"Point","coordinates":[13.619484901428223,46.6148246993999]}},{"type":"Feature","properties":{"namenew":"Labientschach","namelat":"Labenče","source":"https://sl.wikipedia.org/wiki/%C4%8Cajna","type":"mesto","country":"Austria","dateinsert":"18.10.2019."},"geometry":{"type":"Point","coordinates":[13.60804796218872,46.60014240250899]}},{"type":"Feature","properties":{"namenew":"Kreublach","namelat":"Hriblje","source":"https://sl.wikipedia.org/wiki/%C4%8Cajna","type":"mesto","country":"Austria","dateinsert":"18.10.2019."},"geometry":{"type":"Point","coordinates":[13.570454120635985,46.61018163217344]}},{"type":"Feature","properties":{"namenew":"Bach","namelat":"Potok","source":"https://sl.wikipedia.org/wiki/%C4%8Cajna","type":"mesto","country":"Austria","dateinsert":"18.10.2019."},"geometry":{"type":"Point","coordinates":[13.566184043884277,46.614131949555336]}},{"type":"Feature","properties":{"namelat":"Globače","namenew":"Globatschach","source":"https://sl.wikipedia.org/wiki/%C4%8Cajna","type":"mesto","country":"Austria","dateinsert":"18.10.2019."},"geometry":{"type":"Point","coordinates":[13.570733070373535,46.616077522358154]}},{"type":"Feature","properties":{"namenew":"Wertschach","namelat":"Dvorče","source":"https://sl.wikipedia.org/wiki/%C4%8Cajna","type":"mesto","country":"Austria","dateinsert":"18.10.2019."},"geometry":{"type":"Point","coordinates":[13.590495586395264,46.6092529709612]}},{"type":"Feature","properties":{"namenew":"Emmersdorf","namelat":"Smerče","source":"https://sl.wikipedia.org/wiki/%C4%8Cajna","type":"mesto","country":"Austria","dateinsert":"18.10.2019."},"geometry":{"type":"Point","coordinates":[13.584734201431274,46.59765073431697]}},{"type":"Feature","properties":{"namenew":"Michelhofen","namelat":"Mišelče","source":"https://sl.wikipedia.org/wiki/%C4%8Cajna","type":"mesto","country":"Austria","dateinsert":"18.10.2019."},"geometry":{"type":"Point","coordinates":[13.571999073028564,46.598712287437465]}},{"type":"Feature","properties":{"namenew":"Sankt Georgen","namelat":"Šentjurij","source":"https://sl.wikipedia.org/wiki/%C4%8Cajna","type":"mesto","country":"Austria","dateinsert":"18.10.2019."},"geometry":{"type":"Point","coordinates":[13.597855567932129,46.60440303705146]}},{"type":"Feature","properties":{"namenew":"Glanz","namelat":"Klanec","source":"https://sl.wikipedia.org/wiki/Perja_vas","type":"mesto","country":"Austria","dateinsert":"18.10.2019."},"geometry":{"type":"Point","coordinates":[13.650641441345215,46.7611495212618]}},{"type":"Feature","properties":{"namenew":"Döbriach","namelat":"Dobrije","source":"https://sl.wikipedia.org/wiki/Perja_vas","type":"mesto","dateinsert":"18.10.2019.","country":"Austria"},"geometry":{"type":"Point","coordinates":[13.657121658325195,46.779314904353704]}},{"type":"Feature","properties":{"namenew":"Ferndorf","namelat":"Perja vas","source":"https://sl.wikipedia.org/wiki/Perja_vas","type":"mesto","dateinsert":"18.10.2019.","country":"Austria"},"geometry":{"type":"Point","coordinates":[13.626952171325684,46.736301824447864]}},{"type":"Feature","properties":{"namenew":"Politzen","namelat":"Police","source":"https://sl.wikipedia.org/wiki/Perja_vas","type":"mesto","dateinsert":"18.10.2019.","country":"Austria"},"geometry":{"type":"Point","coordinates":[13.609356880187988,46.74906526752807]}},{"type":"Feature","properties":{"namenew":"Buchheim","namelat":"Podhum","source":"https://sl.wikipedia.org/wiki/Ro%C5%BEek","type":"mesto","dateinsert":"18.10.2019.","country":"Austria"},"geometry":{"type":"Point","coordinates":[14.003233909606934,46.56949724696956]}},{"type":"Feature","properties":{"namenew":"Raun","namelat":"Ravne","source":"https://sl.wikipedia.org/wiki/Ro%C5%BEek","type":"mesto","dateinsert":"18.10.2019.","country":"Austria"},"geometry":{"type":"Point","coordinates":[14.008641242980957,46.55945047947291]}},{"type":"Feature","properties":{"namenew":"Berg","namelat":"Gora","source":"https://sl.wikipedia.org/wiki/Ro%C5%BEek","type":"mesto","dateinsert":"18.10.2019.","country":"Austria"},"geometry":{"type":"Point","coordinates":[14.006500840187071,46.57206396401953]}},{"type":"Feature","properties":{"namenew":"Obergoritschach","namelat":"Zgornje Goriče","source":"https://sl.wikipedia.org/wiki/Ro%C5%BEek","type":"mesto","dateinsert":"18.10.2019.","country":"Austria"},"geometry":{"type":"Point","coordinates":[14.012482166290283,46.56887767637978]}},{"type":"Feature","properties":{"namenew":"Dolintschach","namelat":"Dolinčiče","source":"https://sl.wikipedia.org/wiki/Ro%C5%BEek","type":"mesto","dateinsert":"18.10.2019.","country":"Austria"},"geometry":{"type":"Point","coordinates":[14.016387462615967,46.57176894524973]}},{"type":"Feature","properties":{"namenew":"Pirk","namelat":"Breze","source":"https://sl.wikipedia.org/wiki/Ro%C5%BEek","type":"mesto","dateinsert":"18.10.2019.","country":"Austria"},"geometry":{"type":"Point","coordinates":[14.00177478790283,46.55872751255248]}},{"type":"Feature","properties":{"namenew":"Kleinberg","namelat":"Mala Gora","source":"https://sl.wikipedia.org/wiki/Ro%C5%BEek","type":"mesto","dateinsert":"18.10.2019.","country":"Austria"},"geometry":{"type":"Point","coordinates":[14.003405570983887,46.58210839551718]}},{"type":"Feature","properties":{"namenew":"Sankt Martin","namelat":"Šmartin","source":"https://sl.wikipedia.org/wiki/Ro%C5%BEek","type":"mesto","dateinsert":"18.10.2019.","country":"Austria"},"geometry":{"type":"Point","coordinates":[13.984737396240234,46.58405511850948]}},{"type":"Feature","properties":{"namenew":"Emmersdorf","namelat":"Tmara vas","source":"https://sl.wikipedia.org/wiki/Ro%C5%BEek","type":"mesto","dateinsert":"18.10.2019.","country":"Austria"},"geometry":{"type":"Point","coordinates":[14.006152153015137,46.591959275469556]}},{"type":"Feature","properties":{"namenew":"Bergl","namelat":"Gora","source":"https://sl.wikipedia.org/wiki/Ro%C5%BEek","type":"mesto","dateinsert":"18.10.2019.","country":"Austria"},"geometry":{"type":"Point","coordinates":[14.00507926940918,46.594377481274954]}},{"type":"Feature","properties":{"namenew":"Sankt Lambrecht","namelat":"Semislavče","source":"https://sl.wikipedia.org/wiki/Ro%C5%BEek","type":"mesto","dateinsert":"18.10.2019.","country":"Austria"},"geometry":{"type":"Point","coordinates":[14.018383026123047,46.594436460556366]}},{"type":"Feature","properties":{"namenew":"Frojach","namelat":"Broje","source":"https://sl.wikipedia.org/wiki/Ro%C5%BEek","type":"mesto","dateinsert":"18.10.2019.","country":"Austria"},"geometry":{"type":"Point","coordinates":[14.002890586853027,46.58601651870379]}},{"type":"Feature","properties":{"namenew":"Drau","namelat":"Na Dravi","source":"https://sl.wikipedia.org/wiki/Ro%C5%BEek","type":"mesto","dateinsert":"18.10.2019.","country":"Austria"},"geometry":{"type":"Point","coordinates":[13.997826576232908,46.58874466412294]}},{"type":"Feature","properties":{"namenew":"Frög","namelat":"Breg","source":"https://sl.wikipedia.org/wiki/Ro%C5%BEek","type":"mesto","dateinsert":"18.10.2019.","country":"Austria"},"geometry":{"type":"Point","coordinates":[14.030077457427979,46.58426158502971]}},{"type":"Feature","properties":{"namenew":"Duel","namelat":"Dole","source":"https://sl.wikipedia.org/wiki/Ro%C5%BEek","type":"mesto","dateinsert":"18.10.2019.","country":"Austria"},"geometry":{"type":"Point","coordinates":[14.03149366378784,46.59259332767235]}},{"type":"Feature","properties":{"namenew":"Untergoritschach","namelat":"Spodnje Goriče","source":"https://sl.wikipedia.org/wiki/Ro%C5%BEek","type":"mesto","dateinsert":"18.10.2019.","country":"Austria"},"geometry":{"type":"Point","coordinates":[14.022352695465088,46.567240205753215]}},{"type":"Feature","properties":{"namenew":"Sankt Johann","namelat":"Ščedem","source":"https://sl.wikipedia.org/wiki/Ro%C5%BEek","type":"mesto","dateinsert":"18.10.2019.","country":"Austria"},"geometry":{"type":"Point","coordinates":[14.02353286743164,46.562548800023855]}},{"type":"Feature","properties":{"type":"jezero","namenew":"Neusiedler see","namelat":"Nežidersko jezero","dateinsert":"18.10.2019.","country":"Austria","source":"https://sl.wikipedia.org/wiki/Ne%C5%BEidersko_jezero"},"geometry":{"type":"Polygon","coordinates":[[[16.824874877929688,47.92830585913796],[16.764450073242188,47.913580765920166],[16.73492431640625,47.871222774564146],[16.724624633789062,47.83390064255037],[16.70745849609375,47.79470655664555],[16.697845458984375,47.76517619125415],[16.688919067382812,47.73609085456231],[16.692352294921875,47.70467891549601],[16.71295166015625,47.69867153529717],[16.717758178710938,47.70698926201497],[16.703338623046875,47.71853945858696],[16.706085205078125,47.73978513167247],[16.730804443359375,47.71761553706927],[16.732177734375,47.69312564683551],[16.79534912109375,47.66538735632654],[16.807022094726562,47.66816184901461],[16.796035766601562,47.67602211074509],[16.811141967773438,47.679258344995304],[16.812515258789062,47.68249437851819],[16.775436401367188,47.71022357510535],[16.750717163085938,47.69451217425039],[16.735610961914062,47.712533675859476],[16.74041748046875,47.732858147066494],[16.750717163085938,47.723158820419805],[16.752090454101562,47.72870151396327],[16.7486572265625,47.733781798258256],[16.741790771484375,47.73839980847376],[16.736984252929688,47.74948136196792],[16.747970581054688,47.76932991243684],[16.749343872070312,47.77532914630374],[16.776123046875,47.814537850484676],[16.819381713867188,47.848648398301854],[16.844100952148438,47.89148526708789],[16.852340698242188,47.91680223820858],[16.838607788085938,47.92830585913796],[16.824874877929688,47.92830585913796]]]}},{"type":"Feature","properties":{"namenew":"Dragositschach","namelat":"Dragožiče","dateinsert":"21.10.2019.","country":"Austria","source":"https://sl.wikipedia.org/wiki/%C5%A0entjakob_v_Ro%C5%BEu","type":"mesto"},"geometry":{"type":"Point","coordinates":[14.085588455200194,46.53946944073266]}},{"type":"Feature","properties":{"namenew":"Feistritz","namelat":"Bistrica","source":"https://sl.wikipedia.org/wiki/%C5%A0entjakob_v_Ro%C5%BEu","type":"mesto","country":"Austria","dateinsert":"21.10.2019."},"geometry":{"type":"Point","coordinates":[14.06726360321045,46.548855837333775]}},{"type":"Feature","properties":{"namenew":"Frießnitz","namelat":"Breznica","namesrb":"","source":"https://sl.wikipedia.org/wiki/%C5%A0entjakob_v_Ro%C5%BEu","type":"mesto","country":"Austria","dateinsert":"21.10.2019."},"geometry":{"type":"Point","coordinates":[14.048380851745605,46.54112250881141]}},{"type":"Feature","properties":{"namenew":"Fresnach","namelat":"Brežnje","source":"https://sl.wikipedia.org/wiki/%C5%A0entjakob_v_Ro%C5%BEu","type":"mesto","country":"Austria","dateinsert":"21.10.2019."},"geometry":{"type":"Point","coordinates":[14.087884426116942,46.5348346779515]}},{"type":"Feature","properties":{"namenew":"Dreilach","namelat":"Dravlje","source":"https://sl.wikipedia.org/wiki/%C5%A0entjakob_v_Ro%C5%BEu","type":"mesto","country":"Austria","dateinsert":"21.10.2019."},"geometry":{"type":"Point","coordinates":[14.058809280395508,46.56638457080797]}},{"type":"Feature","properties":{"namenew":"Gorintschach","namelat":"Gorinčiče","source":"https://sl.wikipedia.org/wiki/%C5%A0entjakob_v_Ro%C5%BEu","type":"mesto","country":"Austria","dateinsert":"21.10.2019."},"geometry":{"type":"Point","coordinates":[14.068164825439453,46.57317027011369]}},{"type":"Feature","properties":{"namenew":"Kanin","namelat":"Hodnina","source":"https://sl.wikipedia.org/wiki/%C5%A0entjakob_v_Ro%C5%BEu","type":"mesto","country":"Austria","dateinsert":"21.10.2019."},"geometry":{"type":"Point","coordinates":[14.02027130126953,46.53914472501747]}},{"type":"Feature","properties":{"namenew":"Gorintschach","namelat":"Gorinčiče","source":"https://sl.wikipedia.org/wiki/%C5%A0entjakob_v_Ro%C5%BEu","type":"mesto","country":"Austria","dateinsert":"21.10.2019."},"geometry":{"type":"Point","coordinates":[14.025378227233887,46.55815208301678]}},{"type":"Feature","properties":{"namenew":"Längdorf","namelat":"Velika vas","source":"https://sl.wikipedia.org/wiki/%C5%A0entjakob_v_Ro%C5%BEu","type":"mesto","country":"Austria","dateinsert":"21.10.2019."},"geometry":{"type":"Point","coordinates":[14.05799388885498,46.554345241603826]}},{"type":"Feature","properties":{"namenew":"Lessach","namelat":"Leše","source":"https://sl.wikipedia.org/wiki/%C5%A0entjakob_v_Ro%C5%BEu","type":"mesto","country":"Austria","dateinsert":"21.10.2019."},"geometry":{"type":"Point","coordinates":[14.051835536956785,46.539307083117805]}},{"type":"Feature","properties":{"namenew":"Maria Elend","namelat":"Podgorje","source":"https://sl.wikipedia.org/wiki/%C5%A0entjakob_v_Ro%C5%BEu","type":"mesto","country":"Austria","dateinsert":"21.10.2019."},"geometry":{"type":"Point","coordinates":[14.083099365234375,46.530760483351166]}},{"type":"Feature","properties":{"namenew":"Mühlbach","namelat":"Reka","source":"https://sl.wikipedia.org/wiki/%C5%A0entjakob_v_Ro%C5%BEu","type":"mesto","country":"Austria","dateinsert":"21.10.2019."},"geometry":{"type":"Point","coordinates":[14.030742645263672,46.56529287904177]}},{"type":"Feature","properties":{"namenew":"Rosenbach","namelat":"Podrožca","source":"https://sl.wikipedia.org/wiki/%C5%A0entjakob_v_Ro%C5%BEu","type":"mesto","country":"Austria","dateinsert":"21.10.2019."},"geometry":{"type":"Point","coordinates":[14.039926528930664,46.53341760145221]}},{"type":"Feature","properties":{"namenew":"Schlatten","namelat":"Svatne","source":"https://sl.wikipedia.org/wiki/%C5%A0entjakob_v_Ro%C5%BEu","type":"mesto","country":"Austria","dateinsert":"21.10.2019."},"geometry":{"type":"Point","coordinates":[14.037008285522461,46.538022964877975]}},{"type":"Feature","properties":{"namenew":"Sant Jakob in Rosental","namelat":"Šentjakob v Rožu","source":"https://sl.wikipedia.org/wiki/%C5%A0entjakob_v_Ro%C5%BEu","type":"mesto","country":"Austria","dateinsert":"21.10.2019."},"geometry":{"type":"Point","coordinates":[14.058680534362793,46.54649463248219]}},{"type":"Feature","properties":{"namenew":"Sant Oswald","namelat":"Šentožbolt","source":"https://sl.wikipedia.org/wiki/%C5%A0entjakob_v_Ro%C5%BEu","type":"mesto","country":"Austria","dateinsert":"21.10.2019."},"geometry":{"type":"Point","coordinates":[14.106101989746094,46.53288618823181]}},{"type":"Feature","properties":{"namenew":"Sant Peter","namelat":"Šentpeter","source":"https://sl.wikipedia.org/wiki/%C5%A0entjakob_v_Ro%C5%BEu","type":"mesto","country":"Austria","dateinsert":"21.10.2019."},"geometry":{"type":"Point","coordinates":[14.041986465454102,46.554079638050794]}},{"type":"Feature","properties":{"namenew":"Tallach","namelat":"Tale","namesrb":"","source":"https://sl.wikipedia.org/wiki/%C5%A0entjakob_v_Ro%C5%BEu","type":"mesto","country":"Austria","dateinsert":"21.10.2019."},"geometry":{"type":"Point","coordinates":[14.067564010620117,46.538082005463075]}},{"type":"Feature","properties":{"namenew":"Tösching","namelat":"Tešnja","source":"https://sl.wikipedia.org/wiki/%C5%A0entjakob_v_Ro%C5%BEu","type":"mesto","country":"Austria","dateinsert":"21.10.2019."},"geometry":{"type":"Point","coordinates":[14.042630195617674,46.54982980441237]}},{"type":"Feature","properties":{"namenew":"Winkl","namelat":"Kot","source":"https://sl.wikipedia.org/wiki/%C5%A0entjakob_v_Ro%C5%BEu","type":"mesto","country":"Austria","dateinsert":"21.10.2019."},"geometry":{"type":"Point","coordinates":[14.013833999633789,46.552397452027904]}},{"type":"Feature","properties":{"namenew":"Feistritz an der Drau","namelat":"Bistrica na Dravi","source":"https://sl.wikipedia.org/wiki/%C5%A0patrjan","type":"mesto","country":"Austria","dateinsert":"21.10.2019."},"geometry":{"type":"Point","coordinates":[13.661198616027832,46.704070983368815]}},{"type":"Feature","properties":{"namenew":"Paternion","namelat":"Špaterjan","source":"https://sl.wikipedia.org/wiki/%C5%A0patrjan","type":"mesto","country":"Austria","dateinsert":"21.10.2019."},"geometry":{"type":"Point","coordinates":[13.636651039123535,46.712031187468824]}},{"type":"Feature","properties":{"namenew":"Pöllan","namelat":"Polana","namesrb":"","source":"https://sl.wikipedia.org/wiki/%C5%A0patrjan","type":"mesto","country":"Austria","dateinsert":"21.10.2019."},"geometry":{"type":"Point","coordinates":[13.637466430664062,46.696816022760586]}},{"type":"Feature","properties":{"namenew":"Pogöriach","namelat":"Pogorje","source":"https://sl.wikipedia.org/wiki/%C5%A0patrjan","type":"mesto","country":"Austria","dateinsert":"21.10.2019."},"geometry":{"type":"Point","coordinates":[13.658151626586914,46.691635413806345]}},{"type":"Feature","properties":{"namenew":"Duel","namelat":"Dol","source":"https://sl.wikipedia.org/wiki/%C5%A0patrjan","type":"mesto","country":"Austria","dateinsert":"21.10.2019."},"geometry":{"type":"Point","coordinates":[13.654375076293945,46.69843486113957]}},{"type":"Feature","properties":{"namenew":"Wernberg","namelat":"Vernberk","notes":"Varbreg izvorno vjerovatno","source":"https://sl.wikipedia.org/wiki/Vernberk","type":"mesto","country":"Austria","dateinsert":"21.10.2019."},"geometry":{"type":"Point","coordinates":[13.93216609954834,46.62493489066184]}},{"type":"Feature","properties":{"namenew":"Neudorf","source":"https://sl.wikipedia.org/wiki/Vernberk","type":"mesto","country":"Austria","dateinsert":"21.10.2019."},"geometry":{"type":"Point","coordinates":[13.962035179138184,46.61215682688112]}},{"type":"Feature","properties":{"namenew":"Zettin","namelat":"Cetinje","source":"https://sl.wikipedia.org/wiki/Vernberk","type":"mesto","country":"Austria","dateinsert":"21.10.2019."},"geometry":{"type":"Point","coordinates":[13.945856094360352,46.61382242016473]}},{"type":"Feature","properties":{"namenew":"Trabenig","namelat":"Trabenče","source":"https://sl.wikipedia.org/wiki/Vernberk","type":"mesto","country":"Austria","dateinsert":"21.10.2019."},"geometry":{"type":"Point","coordinates":[13.9481520652771,46.63194901599104]}},{"type":"Feature","properties":{"namenew":"Umberg","namelat":"Umbar","source":"https://sl.wikipedia.org/wiki/Vernberk","type":"mesto","country":"Austria","dateinsert":"21.10.2019."},"geometry":{"type":"Point","coordinates":[13.959202766418457,46.63915375708179]}},{"type":"Feature","properties":{"namenew":"Duel","namelat":"Dole","source":"https://sl.wikipedia.org/wiki/Vernberk","type":"mesto","country":"Austria","dateinsert":"21.10.2019."},"geometry":{"type":"Point","coordinates":[13.958601951599121,46.60407870987222]}},{"type":"Feature","properties":{"namenew":"Damtschach","namelat":"Domačale","source":"https://sl.wikipedia.org/wiki/Vernberk","type":"mesto","country":"Austria","dateinsert":"21.10.2019."},"geometry":{"type":"Point","coordinates":[13.96585464477539,46.62966510438871]}},{"type":"Feature","properties":{"namenew":"Dragnitz","namelat":"Dragniče","source":"https://sl.wikipedia.org/wiki/Vernberk","type":"mesto","country":"Austria","dateinsert":"21.10.2019."},"geometry":{"type":"Point","coordinates":[13.941457271575928,46.607439824609514]}},{"type":"Feature","properties":{"namenew":"Ragain","namelat":"Draginje","source":"https://sl.wikipedia.org/wiki/Vernberk","type":"mesto","country":"Austria","dateinsert":"21.10.2019."},"geometry":{"type":"Point","coordinates":[13.947958946228027,46.63880017254108]}},{"type":"Feature","properties":{"namenew":"Kaltschach","namelat":"Hovče","source":"https://sl.wikipedia.org/wiki/Vernberk","type":"mesto","country":"Austria","dateinsert":"21.10.2019."},"geometry":{"type":"Point","coordinates":[13.955426216125488,46.6183914838486]}},{"type":"Feature","properties":{"namenew":"Kletschach","namelat":"Kleče","source":"https://sl.wikipedia.org/wiki/Vernberk","type":"mesto","country":"Austria","dateinsert":"21.10.2019."},"geometry":{"type":"Point","coordinates":[13.969159126281738,46.60718922237233]}},{"type":"Feature","properties":{"namenew":"Sand","namelat":"Pešče","source":"https://sl.wikipedia.org/wiki/Vernberk","type":"mesto","country":"Austria","dateinsert":"21.10.2019."},"geometry":{"type":"Point","coordinates":[13.978686332702637,46.61993898253185]}},{"type":"Feature","properties":{"namenew":"Krottendorf","namelat":"Kročja vas","source":"https://sl.wikipedia.org/wiki/Vernberk","type":"mesto","country":"Austria","dateinsert":"21.10.2019."},"geometry":{"type":"Point","coordinates":[13.977999687194824,46.61805250204148]}},{"type":"Feature","properties":{"namenew":"Lichtpold","namelat":"Lihpolje","source":"https://sl.wikipedia.org/wiki/Vernberk","type":"mesto","country":"Austria","dateinsert":"21.10.2019."},"geometry":{"type":"Point","coordinates":[13.975381851196287,46.61545848404837]}},{"type":"Feature","properties":{"namenew":"Föderlach","namelat":"Podravlje","source":"https://sl.wikipedia.org/wiki/Vernberk","type":"mesto","country":"Austria","dateinsert":"21.10.2019."},"geometry":{"type":"Point","coordinates":[13.962721824645994,46.598358438708075]}},{"type":"Feature","properties":{"namenew":"Stallhofen","namelat":"Štavf","source":"https://sl.wikipedia.org/wiki/Vernberk","type":"mesto","country":"Austria","dateinsert":"21.10.2019."},"geometry":{"type":"Point","coordinates":[13.972377777099608,46.63605981400688]}},{"type":"Feature","properties":{"namenew":"Terlach","namelat":"Trnovlje","source":"https://sl.wikipedia.org/wiki/Vernberk","type":"mesto","country":"Austria","dateinsert":"21.10.2019."},"geometry":{"type":"Point","coordinates":[13.977656364440918,46.62727794538748]}},{"type":"Feature","properties":{"namenew":"Aich","namelat":"Dob","dateinsert":"21.10.2019.","source":"https://sl.wikipedia.org/wiki/Vrba_na_Koro%C5%A1kem","type":"mesto","country":"Austria"},"geometry":{"type":"Point","coordinates":[14.0480375289917,46.592843997427416]}},{"type":"Feature","properties":{"namenew":"Augsdorf","namelat":"Loga vas","source":"https://sl.wikipedia.org/wiki/Loga_vas","type":"mesto","country":"Austria","dateinsert":"21.10.2019."},"geometry":{"type":"Point","coordinates":[14.062306880950928,46.602707668979974]}},{"type":"Feature","properties":{"namenew":"Latschach","namelat":"Loče","source":"https://sl.wikipedia.org/wiki/Vrba_na_Koro%C5%A1kem","type":"mesto","country":"Austria","dateinsert":"21.10.2019."},"geometry":{"type":"Point","coordinates":[14.033467769622803,46.58253609065121]}},{"type":"Feature","properties":{"namenew":"Fahrendorf","namelat":"Borovniče","source":"https://sl.wikipedia.org/wiki/Vrba_na_Koro%C5%A1kem","type":"mesto","country":"Austria","dateinsert":"21.10.2019."},"geometry":{"type":"Point","coordinates":[14.094085693359375,46.599154595099655]}},{"type":"Feature","properties":{"country":"Albania","dateinsert":"22.10.2019.","namelat":"Valona","namenew":"Vlorë","type":"mesto"},"geometry":{"type":"Point","coordinates":[19.481163024902344,40.47228556992062]}},{"type":"Feature","properties":{"namenew":"Berat","namelat":"Beograd","source":"http://lazarus.elte.hu/hun/digkonyv/topo/200e/38-41.jpg","type":"mesto","country":"Albania","dateinsert":"22.10.2019."},"geometry":{"type":"Point","coordinates":[19.94670867919922,40.707352156776764]}},{"type":"Feature","properties":{"namenew":"Maliq","namelat":"Malić","dateinsert":"22.10.2019.","country":"Albania","type":"mesto"},"geometry":{"type":"Point","coordinates":[20.695838928222656,40.7105727473657]}},{"type":"Feature","properties":{"namenew":"Voskopojë","namelat":"Moskopolje","source":"https://en.wikipedia.org/wiki/Moscopole","dateinsert":"22.10.2019.","country":"Albania","type":"mesto"},"geometry":{"type":"Point","coordinates":[20.588550567626953,40.634408033843435]}},{"type":"Feature","properties":{"namenew":"Elbasan","namelat":"Albasan","dateinsert":"22.10.2019.","country":"Albania","type":"mesto"},"geometry":{"type":"Point","coordinates":[20.079574584960938,41.11453808726831]}},{"type":"Feature","properties":{"namenew":"Godolesh","namelat":"Kodoleš","source":"http://lazarus.elte.hu/hun/digkonyv/topo/200e/38-41.jpg","dateinsert":"22.10.2019.","country":"Albania","type":"mesto"},"geometry":{"type":"Point","coordinates":[20.09502410888672,41.15009395273925]}},{"type":"Feature","properties":{"type":"mesto","country":"Albania","namenew":"Balez","namelat":"Balče","source":"http://lazarus.elte.hu/hun/digkonyv/topo/200e/38-41.jpg","dateinsert":"22.10.2019."},"geometry":{"type":"Point","coordinates":[20.043010711669922,41.14427703889261]}},{"type":"Feature","properties":{"namenew":"Bradushesh","namelat":"Bradušeš","source":"http://lazarus.elte.hu/hun/digkonyv/topo/200e/38-41.jpg","namesrb":"","dateinsert":"22.10.2019.","country":"Albania","type":"mesto"},"geometry":{"type":"Point","coordinates":[20.02305507659912,41.104449643016885]}},{"type":"Feature","properties":{"namenew":"Shijon","source":"https://sr.wikipedia.org/sr-ec/%D0%94%D0%B0%D1%82%D0%BE%D1%82%D0%B5%D0%BA%D0%B0:Shijon,_Albania_-_St_Jovan_Vladimir%27s_Church_2018_01.jpg","namelat":"Sveti Jovan","dateinsert":"22.10.2019.","country":"Albania","type":"mesto"},"geometry":{"type":"Point","coordinates":[20.026187896728516,41.1125011224651]}},{"type":"Feature","properties":{"namenew":"Gracen","namelat":"Gračun","source":"http://lazarus.elte.hu/hun/digkonyv/topo/200e/38-41.jpg","dateinsert":"22.10.2019.","country":"Albania","type":"mesto"},"geometry":{"type":"Point","coordinates":[19.964046478271484,41.15125727358413]}},{"type":"Feature","properties":{"namelat":"Jorgadina","namenew":"Jagodinë","dateinsert":"22.10.2019.","country":"Albania","type":"mesto","source":"http://lazarus.elte.hu/hun/digkonyv/topo/200e/38-41.jpg"},"geometry":{"type":"Point","coordinates":[20.02803325653076,41.063109645427815]}},{"type":"Feature","properties":{"namenew":"Kuçovë","namelat":"Kočova","dateinsert":"22.10.2019.","country":"Albania","type":"mesto","source":"http://lazarus.elte.hu/hun/digkonyv/topo/200e/38-41.jpg"},"geometry":{"type":"Point","coordinates":[19.913921356201172,40.80477919172849]}},{"type":"Feature","properties":{"namenew":"Koritëz","namelat":"Gotica","dateinsert":"22.10.2019.","country":"Albania","type":"mesto","source":"http://lazarus.elte.hu/hun/digkonyv/topo/200e/38-41.jpg"},"geometry":{"type":"Point","coordinates":[19.991254806518555,40.78229620482882]}},{"type":"Feature","properties":{"namenew":"Krekëz","namelat":"Kirkiza","dateinsert":"22.10.2019.","country":"Albania","type":"mesto","source":"http://lazarus.elte.hu/hun/digkonyv/topo/200e/38-41.jpg"},"geometry":{"type":"Point","coordinates":[20.010051727294922,40.78444086438884]}},{"type":"Feature","properties":{"namenew":"Qereshnik","namelat":"Keršnik","dateinsert":"22.10.2019.","country":"Albania","type":"mesto","source":"http://lazarus.elte.hu/hun/digkonyv/topo/200e/38-41.jpg"},"geometry":{"type":"Point","coordinates":[20.009279251098633,40.76045572900912]}},{"type":"Feature","properties":{"namenew":"Velagosht","namelat":"Velagosti","dateinsert":"22.10.2019.","country":"Albania","type":"mesto","source":"http://lazarus.elte.hu/hun/digkonyv/topo/200e/38-41.jpg"},"geometry":{"type":"Point","coordinates":[19.969968795776367,40.83758028933198]}},{"type":"Feature","properties":{"namenew":"Moravkë","namelat":"Morava","dateinsert":"22.10.2019.","country":"Albania","type":"mesto","source":"http://lazarus.elte.hu/hun/digkonyv/topo/200e/38-41.jpg"},"geometry":{"type":"Point","coordinates":[19.905681610107422,40.76123586961813]}},{"type":"Feature","properties":{"namenew":"Zhitom","namelat":"Žitom","dateinsert":"22.10.2019.","country":"Albania","type":"mesto","source":"http://lazarus.elte.hu/hun/digkonyv/topo/200e/38-41.jpg"},"geometry":{"type":"Point","coordinates":[19.97262954711914,40.650950330810694]}},{"type":"Feature","properties":{"namenew":"Bistrovicë","namelat":"Bistrovica","dateinsert":"22.10.2019.","country":"Albania","type":"mesto","source":"http://lazarus.elte.hu/hun/digkonyv/topo/200e/38-41.jpg"},"geometry":{"type":"Point","coordinates":[19.828519821166992,40.71922527987441]}},{"type":"Feature","properties":{"namenew":"Peshtan","namelat":"Peštjan","dateinsert":"22.10.2019.","country":"Albania","type":"mesto","source":"http://lazarus.elte.hu/hun/digkonyv/topo/200e/38-41.jpg"},"geometry":{"type":"Point","coordinates":[20.066099166870117,40.663517130221024]}},{"type":"Feature","properties":{"namenew":"Drenovë","namelat":"Drenova","dateinsert":"22.10.2019.","country":"Albania","type":"mesto","source":"http://lazarus.elte.hu/hun/digkonyv/topo/200e/38-41.jpg"},"geometry":{"type":"Point","coordinates":[20.079574584960938,40.664363513479046]}},{"type":"Feature","properties":{"namenew":"Vodicë","namelat":"Vodice","dateinsert":"22.10.2019.","country":"Albania","type":"mesto","source":"http://lazarus.elte.hu/hun/digkonyv/topo/200e/38-41.jpg"},"geometry":{"type":"Point","coordinates":[20.015974044799805,40.68799280097536]}},{"type":"Feature","properties":{"namenew":"Roshnik","namelat":"Rosnik","dateinsert":"22.10.2019.","country":"Albania","type":"mesto","source":"http://lazarus.elte.hu/hun/digkonyv/topo/200e/38-41.jpg"},"geometry":{"type":"Point","coordinates":[20.04404067993164,40.73106376521654]}},{"type":"Feature","properties":{"namelat":"Červenak","namenew":"Çervenakë","dateinsert":"22.10.2019.","country":"Albania","type":"mesto","source":"http://lazarus.elte.hu/hun/digkonyv/topo/200e/38-41.jpg"},"geometry":{"type":"Point","coordinates":[20.608978271484375,40.94632468642806]}},{"type":"Feature","properties":{"namenew":"Trebinjë","namelat":"Trebinje","dateinsert":"22.10.2019.","country":"Albania","type":"mesto","source":"http://lazarus.elte.hu/hun/digkonyv/topo/200e/38-41.jpg"},"geometry":{"type":"Point","coordinates":[20.554733276367188,40.914744945841626]}},{"type":"Feature","properties":{"namenew":"Korçë","namelat":"Gorica","source":"https://en.wikipedia.org/wiki/Kor%C3%A7%C3%AB","country":"Albania","dateinsert":"22.10.2019.","type":"mesto"},"geometry":{"type":"Point","coordinates":[20.789566040039062,40.61681920737131]}},{"type":"Feature","properties":{"namenew":"Dardhe","namelat":"Darza","source":"http://lazarus.elte.hu/hun/digkonyv/topo/200e/38-41.jpg","country":"Albania","dateinsert":"22.10.2019.","type":"mesto"},"geometry":{"type":"Point","coordinates":[20.82630157470703,40.52045460424291]}},{"type":"Feature","properties":{"namenew":"Kamenicë","namelat":"Kamenica","source":"http://lazarus.elte.hu/hun/digkonyv/topo/200e/38-41.jpg","country":"Albania","dateinsert":"22.10.2019.","type":"mesto"},"geometry":{"type":"Point","coordinates":[20.726394653320312,40.53141508028686]}},{"type":"Feature","properties":{"namenew":"Ujëbardhë","namelat":"Bela Voda","source":"http://lazarus.elte.hu/hun/digkonyv/topo/200e/38-41.jpg","country":"Albania","dateinsert":"22.10.2019.","type":"mesto"},"geometry":{"type":"Point","coordinates":[20.686054229736328,40.52606554804467]}},{"type":"Feature","properties":{"namenew":"Leshnë","namelat":"Lesna","source":"http://lazarus.elte.hu/hun/digkonyv/topo/200e/38-41.jpg","country":"Albania","dateinsert":"22.10.2019.","type":"mesto"},"geometry":{"type":"Point","coordinates":[20.614213943481445,40.52756606968979]}},{"type":"Feature","properties":{"namenew":"Lozhan","namelat":"Ložan","source":"http://lazarus.elte.hu/hun/digkonyv/topo/200e/38-41.jpg","country":"Albania","dateinsert":"22.10.2019.","type":"mesto"},"geometry":{"type":"Point","coordinates":[20.55370330810547,40.71584246871321]}},{"type":"Feature","properties":{"namenew":"Krušovë","namelat":"Krušova","source":"http://lazarus.elte.hu/hun/digkonyv/topo/200e/38-41.jpg","country":"Albania","dateinsert":"22.10.2019.","type":"mesto"},"geometry":{"type":"Point","coordinates":[20.56765079498291,40.6791734818247]}},{"type":"Feature","properties":{"namenew":"Gradec","namelat":"Gradec","identity":"no","source":"http://lazarus.elte.hu/hun/digkonyv/topo/200e/38-41.jpg","country":"Albania","dateinsert":"22.10.2019.","type":"mesto"},"geometry":{"type":"Point","coordinates":[20.21810531616211,40.650103777362744]}},{"type":"Feature","properties":{"namelat":"Slatina","namenew":"Slatinja","source":"http://lazarus.elte.hu/hun/digkonyv/topo/200e/38-41.jpg","identity":"","country":"Albania","dateinsert":"22.10.2019.","type":"mesto"},"geometry":{"type":"Point","coordinates":[20.20986557006836,40.485473485479396]}},{"type":"Feature","properties":{"namenew":"Çorvodë","namelat":"Čerevoda","source":"http://lazarus.elte.hu/hun/digkonyv/topo/200e/38-41.jpg","country":"Albania","dateinsert":"22.10.2019.","type":"mesto"},"geometry":{"type":"Point","coordinates":[20.227890014648438,40.504206316087]}},{"type":"Feature","properties":{"namenew":"Veseshtë","namelat":"Vlasište","source":"http://lazarus.elte.hu/hun/digkonyv/topo/200e/38-41.jpg","country":"Albania","dateinsert":"22.10.2019.","type":"mesto"},"geometry":{"type":"Point","coordinates":[20.26299476623535,40.51379915504413]}},{"type":"Feature","properties":{"namenew":"Gradec","namelat":"Gradec","identity":"no","source":"http://lazarus.elte.hu/hun/digkonyv/topo/200e/38-41.jpg","country":"Albania","dateinsert":"22.10.2019.","type":"mesto"},"geometry":{"type":"Point","coordinates":[20.271320343017575,40.52984940773397]}},{"type":"Feature","properties":{"namenew":"Osoje","namelat":"Osoje","source":"http://lazarus.elte.hu/hun/digkonyv/topo/200e/38-41.jpg","country":"Albania","dateinsert":"22.10.2019.","type":"mesto"},"geometry":{"type":"Point","coordinates":[20.284967422485348,40.511058483931656]}},{"type":"Feature","properties":{"namenew":"Slatinjë","namelat":"Slatinje","source":"http://lazarus.elte.hu/hun/digkonyv/topo/200e/38-41.jpg","country":"Albania","dateinsert":"22.10.2019.","type":"mesto"},"geometry":{"type":"Point","coordinates":[20.170125961303707,40.481882973049196]}},{"type":"Feature","properties":{"namenew":"Veleshnjë","namelat":"Velešnje","source":"http://lazarus.elte.hu/hun/digkonyv/topo/200e/38-41.jpg","country":"Albania","dateinsert":"22.10.2019.","type":"mesto"},"geometry":{"type":"Point","coordinates":[20.186476707458496,40.48230731634416]}},{"type":"Feature","properties":{"namenew":"Munuhstir","namelat":"Manastir","source":"","country":"Albania","dateinsert":"22.10.2019.","type":"mesto"},"geometry":{"type":"Point","coordinates":[20.191733837127686,40.50494051041345]}},{"type":"Feature","properties":{"namenew":"Veleshnjë","namelat":"Velešnje","source":"http://lazarus.elte.hu/hun/digkonyv/topo/200e/38-41.jpg","country":"Albania","dateinsert":"22.10.2019.","type":"mesto"},"geometry":{"type":"Point","coordinates":[19.935894012451172,40.63102091630287]}},{"type":"Feature","properties":{"namenew":"Poliçan","namelat":"Poličunj","country":"Albania","dateinsert":"22.10.2019.","type":"mesto"},"geometry":{"type":"Point","coordinates":[20.098028182983395,40.614864607392654]}},{"type":"Feature","properties":{"namenew":"Zhapokikë","namelat":"Žabokik","source":"http://lazarus.elte.hu/hun/digkonyv/topo/200e/38-41.jpg","country":"Albania","dateinsert":"22.10.2019.","type":"mesto"},"geometry":{"type":"Point","coordinates":[19.97288703918457,40.51719221169926]}},{"type":"Feature","properties":{"namenew":"Komar","namelat":"Komar","identity":"no","source":"http://lazarus.elte.hu/hun/digkonyv/topo/200e/38-41.jpg","dateinsert":"22.10.2019.","country":"Albania","type":"mesto"},"geometry":{"type":"Point","coordinates":[19.988679885864258,40.49591752047649]}},{"type":"Feature","properties":{"namenew":"Plashnik i Madh","namelat":"Plješnik","source":"http://lazarus.elte.hu/hun/digkonyv/topo/200e/38-41.jpg","dateinsert":"22.10.2019.","country":"Albania","type":"mesto"},"geometry":{"type":"Point","coordinates":[19.955635070800778,40.56157974989915]}},{"type":"Feature","properties":{"namenew":"Vukopolë","namelat":"Vukopolje","source":"http://lazarus.elte.hu/hun/digkonyv/topo/200e/38-41.jpg","dateinsert":"22.10.2019.","country":"Albania","type":"mesto"},"geometry":{"type":"Point","coordinates":[20.069618225097656,40.51758370718693]}},{"type":"Feature","properties":{"namenew":"Tërpan","namelat":"Terpan","source":"http://lazarus.elte.hu/hun/digkonyv/topo/200e/38-41.jpg","dateinsert":"22.10.2019.","country":"Albania","type":"mesto"},"geometry":{"type":"Point","coordinates":[20.02730369567871,40.55580875073422]}},{"type":"Feature","properties":{"namenew":"Mbjeshovë","namelat":"Bješova","source":"http://lazarus.elte.hu/hun/digkonyv/topo/200e/38-41.jpg","dateinsert":"22.10.2019.","country":"Albania","type":"mesto"},"geometry":{"type":"Point","coordinates":[19.84529972076416,40.674747110677785]}},{"type":"Feature","properties":{"namenew":"Sinjë","namelat":"Sinje","source":"http://lazarus.elte.hu/hun/digkonyv/topo/200e/38-41.jpg","dateinsert":"22.10.2019.","country":"Albania","type":"mesto"},"geometry":{"type":"Point","coordinates":[19.870834350585938,40.64756405258068]}},{"type":"Feature","properties":{"namenew":"Metoh","namelat":"Metoh","identity":"no","source":"http://lazarus.elte.hu/hun/digkonyv/topo/200e/38-41.jpg","dateinsert":"22.10.2019.","country":"Albania","type":"mesto"},"geometry":{"type":"Point","coordinates":[19.8372745513916,40.64033507609255]}},{"type":"Feature","properties":{"namenew":"Velçan","namelat":"Velešna","source":"http://lazarus.elte.hu/hun/digkonyv/topo/200e/38-41.jpg","dateinsert":"22.10.2019.","country":"Albania","type":"mesto"},"geometry":{"type":"Point","coordinates":[19.86928939819336,40.59635822803742]}},{"type":"Feature","properties":{"namenew":"Drenovicë","namelat":"Drenovica","source":"http://lazarus.elte.hu/hun/digkonyv/topo/200e/38-41.jpg","dateinsert":"22.10.2019.","country":"Albania","type":"mesto"},"geometry":{"type":"Point","coordinates":[19.768352508544922,40.791849155467695]}},{"type":"Feature","properties":{"namenew":"Bodinë","namelat":"Budin","source":"http://lazarus.elte.hu/hun/digkonyv/topo/200e/38-41.jpg","dateinsert":"22.10.2019.","country":"Albania","type":"mesto"},"geometry":{"type":"Point","coordinates":[19.86748695373535,41.156944322795525]}},{"type":"Feature","properties":{"namenew":"Plangaricë","namelat":"Plangarice","source":"http://lazarus.elte.hu/hun/digkonyv/topo/200e/38-41.jpg","dateinsert":"22.10.2019.","country":"Albania","type":"mesto"},"geometry":{"type":"Point","coordinates":[19.898300170898438,41.155781102866946]}},{"type":"Feature","properties":{"namenew":"Lushnjë","namelat":"Lušnje","source":"http://lazarus.elte.hu/hun/digkonyv/topo/200e/38-41.jpg","dateinsert":"22.10.2019.","country":"Albania","type":"mesto"},"geometry":{"type":"Point","coordinates":[19.70724105834961,40.94347210630369]}},{"type":"Feature","properties":{"namenew":"Sushicë","namelat":"Sušice","source":"http://lazarus.elte.hu/hun/digkonyv/topo/200e/38-41.jpg","dateinsert":"22.10.2019.","country":"Albania","type":"mesto"},"geometry":{"type":"Point","coordinates":[20.138540267944336,41.1016039041209]}},{"type":"Feature","properties":{"namenew":"Selchan","namelat":"Selčan","source":"http://lazarus.elte.hu/hun/digkonyv/topo/200e/38-41.jpg","dateinsert":"22.10.2019.","country":"Albania","type":"mesto"},"geometry":{"type":"Point","coordinates":[20.135021209716793,41.06304493021621]}},{"type":"Feature","properties":{"namenew":"Vranisht","namelat":"Vranište","dateinsert":"22.10.2019.","country":"Albania","type":"mesto"},"geometry":{"type":"Point","coordinates":[20.378952026367188,42.173581898327754]}},{"type":"Feature","properties":{"namenew":"Kostur","namelat":"Kostur","identity":"no","dateinsert":"22.10.2019.","country":"Albania","type":"mesto"},"geometry":{"type":"Point","coordinates":[20.239734649658203,42.20277230728648]}},{"type":"Feature","properties":{"identity":"no","namenew":"Troina","namelat":"Trojna","country":"Italy","type":"mesto","dateinsert":"23.10.2019."},"geometry":{"type":"Point","coordinates":[14.598813056945803,37.78414711095678]}},{"type":"Feature","properties":{"type":"planina","country":"Italy","dateinsert":"23.10.2019.","namenew":"Scudari","namelat":"Skadarska planina","source":"https://en.wikipedia.org/wiki/Monte_Scuderi"},"geometry":{"type":"Polygon","coordinates":[[[15.426177978515627,38.05430918716337],[15.401458740234375,38.10106333042556],[15.340690612792969,38.102954487322954],[15.301551818847656,38.06268929534035],[15.280952453613281,38.018074455890115],[15.347213745117188,37.99751544814143],[15.416221618652342,38.03132654864846],[15.426177978515627,38.05430918716337]]]}},{"type":"Feature","properties":{"type":"oblast","source":"https://en.wikipedia.org/wiki/Nebrodi","country":"Italy","namenew":"Nebrodi","namelat":"Nebrodi","dateinsert":"23.10.2019.","identity":"no"},"geometry":{"type":"Polygon","coordinates":[[[14.974365234375,38.01023025158327],[14.80133056640625,38.03132654864846],[14.59259033203125,38.024295124443995],[14.409942626953123,38.01239425385966],[14.334411621093748,37.98642201062662],[14.335784912109375,37.92632597629602],[14.413375854492188,37.83961457275219],[14.558944702148438,37.823344820392535],[14.7216796875,37.83364941345965],[14.90913391113281,37.87810535842238],[14.979858398437502,37.931200459333716],[14.974365234375,38.01023025158327]]]}},{"type":"Feature","properties":{"type":"mesto","country":"Italy","dateinsert":"23.10.2019.","namenew":"Adrano","namelat":"Jadar","notes":""},"geometry":{"type":"Point","coordinates":[14.836091995239258,37.66666700871879]}},{"type":"Feature","properties":{"namenew":"Barcellona Pozzo di Gotto","namelat":"Var Selo","dateinsert":"23.10.2019.","type":"mesto","country":"Italy","notes":"utvrđeno selo"},"geometry":{"type":"Point","coordinates":[15.218124389648438,38.15156742157968]}},{"type":"Feature","properties":{"marker-color":"#7e7e7e","marker-size":"medium","marker-symbol":"","namenew":"Barcelona","namelat":"Var Selo","notes":"utvrđeno selo","type":"mesto","country":"Spain","dateinsert":"23.10.2019."},"geometry":{"type":"Point","coordinates":[2.174091339111328,41.384021583849886]}},{"type":"Feature","properties":{"namenew":"Sopot","namelat":"Sopot","dateinsert":"23.10.2019.","country":"Albania","type":"mesto","source":"http://lazarus.elte.hu/hun/digkonyv/topo/200e/38-41.jpg","identity":"no"},"geometry":{"type":"Point","coordinates":[20.308313369750977,41.04867657695142]}},{"type":"Feature","properties":{"namenew":"Dardhë","namelat":"Darda","dateinsert":"23.10.2019.","country":"Albania","type":"mesto","source":"http://lazarus.elte.hu/hun/digkonyv/topo/200e/38-41.jpg"},"geometry":{"type":"Point","coordinates":[20.36642074584961,41.13742534524166]}},{"type":"Feature","properties":{"namenew":"Velçan","namelat":"Velčan","dateinsert":"23.10.2019.","country":"Albania","type":"mesto","source":"http://lazarus.elte.hu/hun/digkonyv/topo/200e/38-41.jpg"},"geometry":{"type":"Point","coordinates":[20.43010711669922,41.11557271185201]}},{"type":"Feature","properties":{"namenew":"Dragostunjë","namelat":"Dragostinja","dateinsert":"23.10.2019.","country":"Albania","type":"mesto","source":"http://lazarus.elte.hu/hun/digkonyv/topo/200e/38-41.jpg"},"geometry":{"type":"Point","coordinates":[20.35594940185547,41.17813715950835]}},{"type":"Feature","properties":{"namenew":"Prevallë","namelat":"Prevala","dateinsert":"23.10.2019.","country":"Albania","type":"mesto","source":"http://lazarus.elte.hu/hun/digkonyv/topo/200e/38-41.jpg"},"geometry":{"type":"Point","coordinates":[20.318870544433594,41.30760026046982]}},{"type":"Feature","properties":{"namenew":"Jabllanicë","namelat":"Jablanica","dateinsert":"23.10.2019.","country":"Albania","type":"plannina","source":"http://lazarus.elte.hu/hun/digkonyv/topo/200e/38-41.jpg"},"geometry":{"type":"Polygon","coordinates":[[[20.447959899902344,41.258323516866945],[20.42804718017578,41.25716209782705],[20.39285659790039,41.258968740743164],[20.38290023803711,41.23922200351745],[20.382213592529297,41.22011490594184],[20.408649444580078,41.186018111969354],[20.459461212158203,41.16482782488224],[20.49877166748047,41.189118554603375],[20.50649642944336,41.217661563301085],[20.478343963623047,41.246321190921456],[20.447959899902344,41.258323516866945]]]}},{"type":"Feature","properties":{"country":"Srbija","type":"mesto","dateinsert":"23.10.2019.","namenew":"Pejë","namelat":"Peć"},"geometry":{"type":"Point","coordinates":[20.29071807861328,42.66022161324799]}},{"type":"Feature","properties":{"namenew":"Gjakovë","namelat":"Đakovica","dateinsert":"23.10.2019.","country":"Srbija","type":"mesto"},"geometry":{"type":"Point","coordinates":[20.431652069091797,42.380548187746555]}},{"type":"Feature","properties":{"namenew":"Gjilan","namelat":"Gnjilane","dateinsert":"23.10.2019.","country":"Srbija","type":"mesto"},"geometry":{"type":"Point","coordinates":[21.46453857421875,42.46576566367146]}},{"type":"Feature","properties":{"namelat":"Suha Gora","type":"planna","namenew":"Mal i thatë","country":"Srbija","dateinsert":"23.10.2019.","source":"http://lazarus.elte.hu/hun/digkonyv/topo/200e/38-41.jpg"},"geometry":{"type":"Polygon","coordinates":[[[20.46855926513672,40.67959657544238],[20.548553466796875,40.66657708045136],[20.622024536132812,40.687407052121316],[20.665283203125,40.72124187397379],[20.684852600097656,40.77664177039938],[20.689659118652344,40.818486177634],[20.65052032470703,40.838229652227874],[20.566062927246094,40.83095642445156],[20.516281127929688,40.77586181063573],[20.478858947753906,40.738152838822934],[20.46855926513672,40.67959657544238]]]}},{"type":"Feature","properties":{"namenew":"Dobreçan","type":"mesto","country":"Srbija","dateinsert":"23.10.2019.","namelat":"Dobričan","source":"http://lazarus.elte.hu/hun/digkonyv/topo/200e/38-41.jpg"},"geometry":{"type":"Point","coordinates":[20.38290023803711,40.724364221722716]}},{"type":"Feature","properties":{"namenew":"Bersnik","namelat":"Brisnik","country":"Albania","dateinsert":"23.10.2019.","type":"mesto","source":"http://lazarus.elte.hu/hun/digkonyv/topo/200e/38-41.jpg"},"geometry":{"type":"Point","coordinates":[20.23183822631836,40.826085513363985]}},{"type":"Feature","properties":{"namenew":"Strestanë","namelat":"StrestanSušice","identity":"no","country":"Albania","dateinsert":"23.10.2019.","type":"mesto","source":"http://lazarus.elte.hu/hun/digkonyv/topo/200e/38-41.jpg"},"geometry":{"type":"Point","coordinates":[20.162229537963864,41.00496973959115]}},{"type":"Feature","properties":{"namenew":"Shushicë","namelat":"Šušica","country":"Albania","dateinsert":"23.10.2019.","type":"mesto","source":"http://lazarus.elte.hu/hun/digkonyv/topo/200e/38-41.jpg"},"geometry":{"type":"Point","coordinates":[20.08476734161377,40.97199236251022]}},{"type":"Feature","properties":{"namenew":"Zavalinë","namelat":"Zavalina","country":"Albania","dateinsert":"23.10.2019.","type":"mesto","source":"http://lazarus.elte.hu/hun/digkonyv/topo/200e/38-41.jpg"},"geometry":{"type":"Point","coordinates":[20.276813507080078,40.98158276997307]}},{"type":"Feature","properties":{"namenew":"Duzhë","namelat":"Duže","country":"Albania","dateinsert":"23.10.2019.","type":"mesto","source":"http://lazarus.elte.hu/hun/digkonyv/topo/200e/38-41.jpg"},"geometry":{"type":"Point","coordinates":[20.131330490112305,40.84355418803084]}},{"type":"Feature","properties":{"namenew":"Lubinjë","namelat":"Lubinje","country":"Albania","dateinsert":"23.10.2019.","type":"mesto","source":"http://lazarus.elte.hu/hun/digkonyv/topo/200e/38-41.jpg"},"geometry":{"type":"Point","coordinates":[20.13965606689453,40.85868132724043]}},{"type":"Feature","properties":{"namenew":"Sojnik","namelat":"Sojnik","identity":"no","country":"Albania","dateinsert":"23.10.2019.","type":"mesto","source":"http://lazarus.elte.hu/hun/digkonyv/topo/200e/38-41.jpg"},"geometry":{"type":"Point","coordinates":[20.35337448120117,40.825890669478376]}},{"type":"Feature","properties":{"namenew":"Gribë","namelat":"Grab","country":"Albania","dateinsert":"23.10.2019.","type":"mesto","source":"http://lazarus.elte.hu/hun/digkonyv/topo/200e/38-41.jpg"},"geometry":{"type":"Point","coordinates":[20.381183624267578,40.83654129546749]}},{"type":"Feature","properties":{"namenew":"Slabinjë","namelat":"Slabinja","country":"Albania","dateinsert":"23.10.2019.","type":"mesto","source":"http://lazarus.elte.hu/hun/digkonyv/topo/200e/38-41.jpg"},"geometry":{"type":"Point","coordinates":[20.502119064331055,40.94852886849348]}},{"type":"Feature","properties":{"namelat":"Veličan Mokra","namenew":"Velçan i Mokres","country":"Albania","dateinsert":"23.10.2019.","type":"mesto","source":"http://lazarus.elte.hu/hun/digkonyv/topo/200e/38-41.jpg"},"geometry":{"type":"Point","coordinates":[20.46246528625488,40.95428208528622]}},{"type":"Feature","properties":{"namenew":"Trebisht","namelat":"Trebište","type":"mesto","country":"Albania","dateinsert":"23.10.2019.","source":"http://lazarus.elte.hu/hun/digkonyv/topo/200e/38-41.jpg"},"geometry":{"type":"Point","coordinates":[20.533876419067383,41.408423987800305]}},{"type":"Feature","properties":{"namenew":"Tucep","namelat":"Tučepe","type":"mesto","country":"Albania","dateinsert":"23.10.2019.","source":"http://lazarus.elte.hu/hun/digkonyv/topo/200e/38-41.jpg"},"geometry":{"type":"Point","coordinates":[20.50048828125,41.44645800221281]}},{"type":"Feature","properties":{"namenew":"Radovesh","namelat":"Radoveš","type":"mesto","country":"Albania","dateinsert":"23.10.2019.","source":"http://lazarus.elte.hu/hun/digkonyv/topo/200e/38-41.jpg"},"geometry":{"type":"Point","coordinates":[20.46529769897461,41.44613631889479]}},{"type":"Feature","properties":{"namenew":"Sopot","namelat":"Sopot","identity":"no","type":"mesto","country":"Albania","dateinsert":"23.10.2019.","source":"http://lazarus.elte.hu/hun/digkonyv/topo/200e/38-41.jpg"},"geometry":{"type":"Point","coordinates":[20.369081497192383,41.501313829682815]}},{"type":"Feature","properties":{"type":"oblast","country":"Albania","dateinsert":"23.10.2019.","namenew":"Bogshic","namelat":"Bogšić","source":"http://lazarus.elte.hu/hun/digkonyv/topo/200e/38-41.jpg"},"geometry":{"type":"Polygon","coordinates":[[[20.165576934814453,41.51346200330125],[20.138797760009762,41.52605770161481],[20.07305145263672,41.501120983152674],[20.071163177490234,41.47450265422926],[20.16712188720703,41.48311944560493],[20.165576934814453,41.51346200330125]]]}},{"type":"Feature","properties":{"namenew":"Klenjë","namelat":"Klenje","dateinsert":"23.10.2019.","country":"mesto","type":"mesto","source":"http://lazarus.elte.hu/hun/digkonyv/topo/200e/38-41.jpg"},"geometry":{"type":"Point","coordinates":[20.46581268310547,41.36727585041082]}},{"type":"Feature","properties":{"namenew":"Steblevë","namelat":"Steblevo","dateinsert":"23.10.2019.","country":"Albania","type":"mesto","source":"http://lazarus.elte.hu/hun/digkonyv/topo/200e/38-41.jpg"},"geometry":{"type":"Point","coordinates":[20.472335815429688,41.33866932357447]}},{"type":"Feature","properties":{"namenew":"Borovë","namelat":"Borova","dateinsert":"23.10.2019.","country":"Albania","type":"mesto","source":"http://lazarus.elte.hu/hun/digkonyv/topo/200e/38-41.jpg"},"geometry":{"type":"Point","coordinates":[20.43010711669922,41.348206229287435]}},{"type":"Feature","properties":{"namenew":"Kolo barda","namelat":"Golo brdo","dateinsert":"23.10.2019.","country":"Albania","type":"planina","source":"http://lazarus.elte.hu/hun/digkonyv/topo/200e/38-41.jpg"},"geometry":{"type":"Polygon","coordinates":[[[20.358352661132812,41.33480261255644],[20.338096618652344,41.32010701725659],[20.351486206054688,41.28786823079748],[20.41912078857422,41.28322453276424],[20.46855926513672,41.281934557995356],[20.474395751953125,41.30411857136123],[20.417747497558594,41.31598134210304],[20.377235412597656,41.33222467768495],[20.358352661132812,41.33480261255644]]]}},{"type":"Feature","properties":{"source":"http://lazarus.elte.hu/hun/digkonyv/topo/200e/38-40.jpg","type":"mesto","country":"Albania","dateinsert":"23.10.2019.","namenew":"Leskovik","namelat":"Ljeskovik"},"geometry":{"type":"Point","coordinates":[20.598506927490234,40.15296523307786]}},{"type":"Feature","properties":{"namenew":"Peshtan","namelat":"Peštan","source":"http://lazarus.elte.hu/hun/digkonyv/topo/200e/38-40.jpg","type":"mesto","country":"Albania","dateinsert":"23.10.2019."},"geometry":{"type":"Point","coordinates":[20.53619384765625,40.23413267631487]}},{"type":"Feature","properties":{"source":"http://lazarus.elte.hu/hun/digkonyv/topo/200e/38-42.jpg","type":"mesto","country":"Albania","namenew":"Trepçë","namelat":"Trepče","dateinsert":"23.10.2019."},"geometry":{"type":"Point","coordinates":[20.467443466186523,41.641297111968164]}},{"type":"Feature","properties":{},"geometry":{"type":"Point","coordinates":[26.015625,50.14874640066278]}}]}