{
  "type": "FeatureCollection",
  "features": [
    {
      "type": "Feature",
      "geometry": {
        "type": "Point",
        "coordinates": [
          20.21714000003305,
          43.011770999817024
        ]
      },
      "properties": {
        "opis": "Градина (Хум)",
        "vrijeme0": "0501-01-01",
        "vrsta": "0",
        "podvrsta": "0",
        "razred": "1",
        "izvor": "https://tvrdjave.rs/",
        "stanje": "0",
        "dodao": 1,
        "tp": "1",
        "tv": "0"
      }
    },
    {
      "type": "Feature",
      "geometry": {
        "type": "Point",
        "coordinates": [
          22.15157000025552,
          43.1504089998427
        ]
      },
      "properties": {
        "opis": "Кале (Калетинац)",
        "vrijeme0": "0501-01-01",
        "vrsta": "0",
        "podvrsta": "0",
        "razred": "1",
        "izvor": "https://tvrdjave.rs/",
        "stanje": "0",
        "dodao": 1,
        "tp": "1",
        "tv": "0"
      }
    },
    {
      "type": "Feature",
      "geometry": {
        "type": "Point",
        "coordinates": [
          21.28523800023682,
          43.91446500031078
        ]
      },
      "properties": {
        "opis": "Градиште (Јовац)",
        "vrijeme0": "0501-01-01",
        "vrsta": "0",
        "podvrsta": "0",
        "razred": "1",
        "izvor": "https://tvrdjave.rs/",
        "stanje": "0",
        "dodao": 1,
        "tp": "1",
        "tv": "0"
      }
    },
    {
      "type": "Feature",
      "geometry": {
        "type": "Point",
        "coordinates": [
          22.010292795446862,
          44.599354188014914
        ]
      },
      "properties": {
        "opis": "Песача",
        "vrijeme0": "0501-01-01",
        "vrsta": "0",
        "podvrsta": "0",
        "razred": "1",
        "izvor": "https://tvrdjave.rs/",
        "stanje": "0",
        "dodao": 1,
        "tp": "1",
        "tv": "0"
      }
    },
    {
      "type": "Feature",
      "geometry": {
        "type": "Point",
        "coordinates": [
          19.636146000338005,
          43.45582400027587
        ]
      },
      "properties": {
        "opis": "Ковин на Лиму",
        "vrijeme0": "1001-01-01",
        "vrsta": "0",
        "podvrsta": "0",
        "razred": "2",
        "izvor": "https://tvrdjave.rs/kovin-na-limu/",
        "stanje": "0",
        "dodao": 1,
        "tp": "1",
        "tv": "0"
      }
    },
    {
      "type": "Feature",
      "geometry": {
        "type": "Point",
        "coordinates": [
          21.019163000352005,
          43.70902099973551
        ]
      },
      "properties": {
        "opis": "Град (Доњи Дубич)",
        "vrijeme0": "0501-01-01",
        "vrsta": "0",
        "podvrsta": "0",
        "razred": "1",
        "izvor": "https://tvrdjave.rs/",
        "stanje": "0",
        "dodao": 1,
        "tp": "1",
        "tv": "0"
      }
    },
    {
      "type": "Feature",
      "geometry": {
        "type": "Point",
        "coordinates": [
          20.883035999662255,
          43.91829899998598
        ]
      },
      "properties": {
        "opis": "Градина (Грошница)",
        "vrijeme0": "0501-01-01",
        "vrsta": "0",
        "podvrsta": "0",
        "razred": "1",
        "izvor": "https://tvrdjave.rs/",
        "stanje": "0",
        "dodao": 1,
        "tp": "1",
        "tv": "0"
      }
    },
    {
      "type": "Feature",
      "geometry": {
        "type": "Point",
        "coordinates": [
          22.182856000354736,
          42.67476899991718
        ]
      },
      "properties": {
        "opis": "Романов град",
        "vrijeme0": "1001-01-01",
        "vrsta": "0",
        "podvrsta": "0",
        "razred": "2",
        "izvor": "https://tvrdjave.rs/",
        "stanje": "0",
        "dodao": 1,
        "tp": "1",
        "tv": "0"
      }
    },
    {
      "type": "Feature",
      "geometry": {
        "type": "Point",
        "coordinates": [
          19.271649999585055,
          45.15186999999756
        ]
      },
      "properties": {
        "opis": "Беркасово (Деспотовац)",
        "vrijeme0": "1001-01-01",
        "vrsta": "0",
        "podvrsta": "0",
        "razred": "2",
        "izvor": "https://tvrdjave.rs/",
        "stanje": "0",
        "dodao": 1,
        "tp": "1",
        "tv": "0"
      }
    },
    {
      "type": "Feature",
      "geometry": {
        "type": "Point",
        "coordinates": [
          21.23691599964497,
          42.5834539997349
        ]
      },
      "properties": {
        "opis": "Велетин",
        "vrijeme0": "0501-01-01",
        "vrsta": "0",
        "podvrsta": "0",
        "razred": "1",
        "izvor": "https://tvrdjave.rs/",
        "stanje": "0",
        "dodao": 1,
        "tp": "1",
        "tv": "0"
      }
    },
    {
      "type": "Feature",
      "geometry": {
        "type": "Point",
        "coordinates": [
          20.55241000022832,
          43.61373499975498
        ]
      },
      "properties": {
        "opis": "Маглич",
        "vrijeme0": "1001-01-01",
        "vrsta": "0",
        "podvrsta": "0",
        "razred": "2",
        "izvor": "https://tvrdjave.rs/maglic/",
        "stanje": "0",
        "dodao": 1,
        "tp": "1",
        "tv": "0"
      }
    },
    {
      "type": "Feature",
      "geometry": {
        "type": "Point",
        "coordinates": [
          20.568316000043666,
          44.841385999901654
        ]
      },
      "properties": {
        "opis": "Вишњица / Ad Octavum",
        "vrijeme0": "0501-01-01",
        "vrsta": "0",
        "podvrsta": "0",
        "razred": "1",
        "izvor": "https://tvrdjave.rs/",
        "stanje": "0",
        "dodao": 1,
        "tp": "1",
        "tv": "0"
      }
    },
    {
      "type": "Feature",
      "geometry": {
        "type": "Point",
        "coordinates": [
          22.1832849998018,
          43.69052899988653
        ]
      },
      "properties": {
        "opis": "Козаљ",
        "vrijeme0": "1001-01-01",
        "vrsta": "0",
        "podvrsta": "0",
        "razred": "2",
        "izvor": "https://tvrdjave.rs/",
        "stanje": "0",
        "dodao": 1,
        "tp": "1",
        "tv": "0"
      }
    },
    {
      "type": "Feature",
      "geometry": {
        "type": "Point",
        "coordinates": [
          21.917979318024603,
          43.35445812920221
        ]
      },
      "properties": {
        "opis": "Виник (Каменица)",
        "vrijeme0": "0501-01-01",
        "vrsta": "0",
        "podvrsta": "0",
        "razred": "1",
        "izvor": "https://tvrdjave.rs/",
        "stanje": "0",
        "dodao": 1,
        "tp": "1",
        "tv": "0"
      }
    },
    {
      "type": "Feature",
      "geometry": {
        "type": "Point",
        "coordinates": [
          22.446442000352594,
          43.28001699984311
        ]
      },
      "properties": {
        "opis": "Китка (Осмаково)",
        "vrijeme0": "0501-01-01",
        "vrsta": "0",
        "podvrsta": "0",
        "razred": "1",
        "izvor": "https://tvrdjave.rs/",
        "stanje": "0",
        "dodao": 1,
        "tp": "1",
        "tv": "0"
      }
    },
    {
      "type": "Feature",
      "geometry": {
        "type": "Point",
        "coordinates": [
          21.97222699969265,
          43.76625899993201
        ]
      },
      "properties": {
        "opis": "Градиште (Добрујевац)",
        "vrijeme0": "0501-01-01",
        "vrsta": "0",
        "podvrsta": "0",
        "razred": "1",
        "izvor": "https://tvrdjave.rs/",
        "stanje": "0",
        "dodao": 1,
        "tp": "1",
        "tv": "0"
      }
    },
    {
      "type": "Feature",
      "geometry": {
        "type": "Point",
        "coordinates": [
          22.43020856012464,
          44.07002773922764
        ]
      },
      "properties": {
        "opis": "Табаковачко брдо",
        "vrijeme0": "0501-01-01",
        "vrsta": "0",
        "podvrsta": "0",
        "razred": "1",
        "izvor": "https://tvrdjave.rs/",
        "stanje": "0",
        "dodao": 1,
        "tp": "1",
        "tv": "0"
      }
    },
    {
      "type": "Feature",
      "geometry": {
        "type": "Point",
        "coordinates": [
          21.450118999684506,
          42.9861280000289
        ]
      },
      "properties": {
        "opis": "Соколов вис (Горњи Гајтан)",
        "vrijeme0": "0501-01-01",
        "vrsta": "0",
        "podvrsta": "0",
        "razred": "1",
        "izvor": "https://tvrdjave.rs/",
        "stanje": "0",
        "dodao": 1,
        "tp": "1",
        "tv": "0"
      }
    },
    {
      "type": "Feature",
      "geometry": {
        "type": "Point",
        "coordinates": [
          19.364261999752625,
          43.585441999900745
        ]
      },
      "properties": {
        "opis": "Северин",
        "vrijeme0": "1001-01-01",
        "vrsta": "0",
        "podvrsta": "0",
        "razred": "2",
        "izvor": "https://tvrdjave.rs/",
        "stanje": "0",
        "dodao": 1,
        "tp": "1",
        "tv": "0"
      }
    },
    {
      "type": "Feature",
      "geometry": {
        "type": "Point",
        "coordinates": [
          19.509400999984,
          44.25150100021007
        ]
      },
      "properties": {
        "opis": "Ђурим",
        "vrijeme0": "1001-01-01",
        "vrsta": "0",
        "podvrsta": "0",
        "razred": "2",
        "izvor": "https://tvrdjave.rs/",
        "stanje": "0",
        "dodao": 1,
        "tp": "1",
        "tv": "0"
      }
    },
    {
      "type": "Feature",
      "geometry": {
        "type": "Point",
        "coordinates": [
          19.66733000032993,
          44.3377240000567
        ]
      },
      "properties": {
        "opis": "Јеринино брдо (Осладић)",
        "vrijeme0": "0501-01-01",
        "vrsta": "0",
        "podvrsta": "0",
        "razred": "1",
        "izvor": "https://tvrdjave.rs/",
        "stanje": "0",
        "dodao": 1,
        "tp": "1",
        "tv": "0"
      }
    },
    {
      "type": "Feature",
      "geometry": {
        "type": "Point",
        "coordinates": [
          21.38334299983912,
          43.67153499994805
        ]
      },
      "properties": {
        "opis": "Бедем (Маскаре)",
        "vrijeme0": "0501-01-01",
        "vrsta": "0",
        "podvrsta": "0",
        "razred": "1",
        "izvor": "https://tvrdjave.rs/",
        "stanje": "0",
        "dodao": 1,
        "tp": "1",
        "tv": "0"
      }
    },
    {
      "type": "Feature",
      "geometry": {
        "type": "Point",
        "coordinates": [
          19.604107000028307,
          43.89768899978638
        ]
      },
      "properties": {
        "opis": "Солотник",
        "vrijeme0": "1001-01-01",
        "vrsta": "0",
        "podvrsta": "0",
        "razred": "2",
        "izvor": "https://tvrdjave.rs/solotnik/",
        "stanje": "0",
        "dodao": 1,
        "tp": "1",
        "tv": "0"
      }
    },
    {
      "type": "Feature",
      "geometry": {
        "type": "Point",
        "coordinates": [
          19.77540700027186,
          45.14406099994057
        ]
      },
      "properties": {
        "opis": "Врдничка кула",
        "vrijeme0": "1001-01-01",
        "vrsta": "0",
        "podvrsta": "0",
        "razred": "2",
        "izvor": "https://tvrdjave.rs/vrdnicka-kula/",
        "stanje": "0",
        "dodao": 1,
        "tp": "1",
        "tv": "0"
      }
    },
    {
      "type": "Feature",
      "geometry": {
        "type": "Point",
        "coordinates": [
          21.56627999995365,
          43.07134099989132
        ]
      },
      "properties": {
        "opis": "Кале (Бреговина)",
        "vrijeme0": "0501-01-01",
        "vrsta": "0",
        "podvrsta": "0",
        "razred": "1",
        "izvor": "https://tvrdjave.rs/",
        "stanje": "0",
        "dodao": 1,
        "tp": "1",
        "tv": "0"
      }
    },
    {
      "type": "Feature",
      "geometry": {
        "type": "Point",
        "coordinates": [
          20.68856499960887,
          43.66341699977527
        ]
      },
      "properties": {
        "opis": "Рајановац (Рибница)",
        "vrijeme0": "0501-01-01",
        "vrsta": "0",
        "podvrsta": "0",
        "razred": "1",
        "izvor": "https://tvrdjave.rs/",
        "stanje": "0",
        "dodao": 1,
        "tp": "1",
        "tv": "0"
      }
    },
    {
      "type": "Feature",
      "geometry": {
        "type": "Point",
        "coordinates": [
          20.667536000254685,
          43.509717000160954
        ]
      },
      "properties": {
        "opis": "Градиште (Рудњак)",
        "vrijeme0": "1001-01-01",
        "vrsta": "0",
        "podvrsta": "0",
        "razred": "2",
        "izvor": "https://tvrdjave.rs/",
        "stanje": "0",
        "dodao": 1,
        "tp": "1",
        "tv": "0"
      }
    },
    {
      "type": "Feature",
      "geometry": {
        "type": "Point",
        "coordinates": [
          21.4891290002608,
          43.735072999804366
        ]
      },
      "properties": {
        "opis": "Градац (Плочник)",
        "vrijeme0": "0501-01-01",
        "vrsta": "0",
        "podvrsta": "0",
        "razred": "1",
        "izvor": "https://tvrdjave.rs/",
        "stanje": "0",
        "dodao": 1,
        "tp": "1",
        "tv": "0"
      }
    },
    {
      "type": "Feature",
      "geometry": {
        "type": "Point",
        "coordinates": [
          22.24390199195579,
          43.95238683279987
        ]
      },
      "properties": {
        "opis": "Коилова чука",
        "vrijeme0": "1601-01-01",
        "vrsta": "0",
        "podvrsta": "0",
        "razred": "3",
        "izvor": "https://tvrdjave.rs/",
        "stanje": "0",
        "dodao": 1,
        "tp": "1",
        "tv": "0"
      }
    },
    {
      "type": "Feature",
      "geometry": {
        "type": "Point",
        "coordinates": [
          20.78407300026747,
          42.41300199974821
        ]
      },
      "properties": {
        "opis": "Хисар (Кострце)",
        "vrijeme0": "1001-01-01",
        "vrsta": "0",
        "podvrsta": "0",
        "razred": "2",
        "izvor": "https://tvrdjave.rs/",
        "stanje": "0",
        "dodao": 1,
        "tp": "1",
        "tv": "0"
      }
    },
    {
      "type": "Feature",
      "geometry": {
        "type": "Point",
        "coordinates": [
          20.592628000401476,
          43.07813599995892
        ]
      },
      "properties": {
        "opis": "Крш (Златни камен)",
        "vrijeme0": "0501-01-01",
        "vrsta": "0",
        "podvrsta": "0",
        "razred": "1",
        "izvor": "https://tvrdjave.rs/",
        "stanje": "0",
        "dodao": 1,
        "tp": "1",
        "tv": "0"
      }
    },
    {
      "type": "Feature",
      "geometry": {
        "type": "Point",
        "coordinates": [
          20.27258600015411,
          45.64404799996477
        ]
      },
      "properties": {
        "opis": "Арача",
        "vrijeme0": "1001-01-01",
        "vrsta": "0",
        "podvrsta": "0",
        "razred": "2",
        "izvor": "https://tvrdjave.rs/",
        "stanje": "0",
        "dodao": 1,
        "tp": "1",
        "tv": "0"
      }
    },
    {
      "type": "Feature",
      "geometry": {
        "type": "Point",
        "coordinates": [
          22.18384300001864,
          43.13459599996984
        ]
      },
      "properties": {
        "opis": "Градиште (Велики Вртоп)",
        "vrijeme0": "0501-01-01",
        "vrsta": "0",
        "podvrsta": "0",
        "razred": "1",
        "izvor": "https://tvrdjave.rs/",
        "stanje": "0",
        "dodao": 1,
        "tp": "1",
        "tv": "0"
      }
    },
    {
      "type": "Feature",
      "geometry": {
        "type": "Point",
        "coordinates": [
          20.58649099963791,
          43.23300999992426
        ]
      },
      "properties": {
        "opis": "Јеринин град (Панојевиће)",
        "vrijeme0": "0501-01-01",
        "vrsta": "0",
        "podvrsta": "0",
        "razred": "1",
        "izvor": "https://tvrdjave.rs/",
        "stanje": "0",
        "dodao": 1,
        "tp": "1",
        "tv": "0"
      }
    },
    {
      "type": "Feature",
      "geometry": {
        "type": "Point",
        "coordinates": [
          21.996216999835177,
          43.37320600005377
        ]
      },
      "properties": {
        "opis": "Градац (Кнез Село)",
        "vrijeme0": "0501-01-01",
        "vrsta": "0",
        "podvrsta": "0",
        "razred": "1",
        "izvor": "https://tvrdjave.rs/",
        "stanje": "0",
        "dodao": 1,
        "tp": "1",
        "tv": "0"
      }
    },
    {
      "type": "Feature",
      "geometry": {
        "type": "Point",
        "coordinates": [
          20.515942999965635,
          44.68909399972897
        ]
      },
      "properties": {
        "opis": "Жрнов",
        "vrijeme0": "1001-01-01",
        "vrsta": "0",
        "podvrsta": "0",
        "razred": "2",
        "izvor": "https://tvrdjave.rs/",
        "stanje": "0",
        "dodao": 1,
        "tp": "1",
        "tv": "0"
      }
    },
    {
      "type": "Feature",
      "geometry": {
        "type": "Point",
        "coordinates": [
          21.553716999619805,
          42.427385000074935
        ]
      },
      "properties": {
        "opis": "Градиште (Подграђе)",
        "vrijeme0": "1001-01-01",
        "vrsta": "0",
        "podvrsta": "0",
        "razred": "2",
        "izvor": "https://tvrdjave.rs/",
        "stanje": "0",
        "dodao": 1,
        "tp": "1",
        "tv": "0"
      }
    },
    {
      "type": "Feature",
      "geometry": {
        "type": "Point",
        "coordinates": [
          21.504772000310393,
          43.34172199971685
        ]
      },
      "properties": {
        "opis": "Велико кале (Баботинац)",
        "vrijeme0": "0501-01-01",
        "vrsta": "0",
        "podvrsta": "0",
        "razred": "1",
        "izvor": "https://tvrdjave.rs/",
        "stanje": "0",
        "dodao": 1,
        "tp": "1",
        "tv": "0"
      }
    },
    {
      "type": "Feature",
      "geometry": {
        "type": "Point",
        "coordinates": [
          22.310699999627303,
          43.405452999942106
        ]
      },
      "properties": {
        "opis": "Кулиште (Манојлица)",
        "vrijeme0": "1001-01-01",
        "vrsta": "0",
        "podvrsta": "0",
        "razred": "2",
        "izvor": "https://tvrdjave.rs/",
        "stanje": "0",
        "dodao": 1,
        "tp": "1",
        "tv": "0"
      }
    },
    {
      "type": "Feature",
      "geometry": {
        "type": "Point",
        "coordinates": [
          21.99985620440857,
          44.61500766070835
        ]
      },
      "properties": {
        "opis": "Госпођин вир",
        "vrijeme0": "0501-01-01",
        "vrsta": "0",
        "podvrsta": "0",
        "razred": "1",
        "izvor": "https://tvrdjave.rs/",
        "stanje": "0",
        "dodao": 1,
        "tp": "1",
        "tv": "0"
      }
    },
    {
      "type": "Feature",
      "geometry": {
        "type": "Point",
        "coordinates": [
          20.896081999869846,
          42.77713300032749
        ]
      },
      "properties": {
        "opis": "Чечан",
        "vrijeme0": "0501-01-01",
        "vrsta": "0",
        "podvrsta": "0",
        "razred": "1",
        "izvor": "https://tvrdjave.rs/",
        "stanje": "0",
        "dodao": 1,
        "tp": "1",
        "tv": "0"
      }
    },
    {
      "type": "Feature",
      "geometry": {
        "type": "Point",
        "coordinates": [
          19.601905000196528,
          44.260492000114525
        ]
      },
      "properties": {
        "opis": "Марјановића стена (Драгодол)",
        "vrijeme0": "0501-01-01",
        "vrsta": "0",
        "podvrsta": "0",
        "razred": "1",
        "izvor": "https://tvrdjave.rs/",
        "stanje": "0",
        "dodao": 1,
        "tp": "1",
        "tv": "0"
      }
    },
    {
      "type": "Feature",
      "geometry": {
        "type": "Point",
        "coordinates": [
          19.65617200013475,
          43.5031800000646
        ]
      },
      "properties": {
        "opis": "Оштрик",
        "vrijeme0": "1001-01-01",
        "vrsta": "0",
        "podvrsta": "0",
        "razred": "2",
        "izvor": "https://tvrdjave.rs/",
        "stanje": "0",
        "dodao": 1,
        "tp": "1",
        "tv": "0"
      }
    },
    {
      "type": "Feature",
      "geometry": {
        "type": "Point",
        "coordinates": [
          21.228719000238137,
          43.7734800003017
        ]
      },
      "properties": {
        "opis": "Градиште (Пајковац)",
        "vrijeme0": "0501-01-01",
        "vrsta": "0",
        "podvrsta": "0",
        "razred": "1",
        "izvor": "https://tvrdjave.rs/",
        "stanje": "0",
        "dodao": 1,
        "tp": "1",
        "tv": "0"
      }
    },
    {
      "type": "Feature",
      "geometry": {
        "type": "Point",
        "coordinates": [
          19.5511149996341,
          44.235298999921
        ]
      },
      "properties": {
        "opis": "Град Камен",
        "vrijeme0": "0501-01-01",
        "vrsta": "0",
        "podvrsta": "0",
        "razred": "1",
        "izvor": "https://tvrdjave.rs/",
        "stanje": "0",
        "dodao": 1,
        "tp": "1",
        "tv": "0"
      }
    },
    {
      "type": "Feature",
      "geometry": {
        "type": "Point",
        "coordinates": [
          21.07443799987052,
          42.22699200024497
        ]
      },
      "properties": {
        "opis": "Зидовница (Готовуша)",
        "vrijeme0": "0501-01-01",
        "vrsta": "0",
        "podvrsta": "0",
        "razred": "1",
        "izvor": "https://tvrdjave.rs/",
        "stanje": "0",
        "dodao": 1,
        "tp": "1",
        "tv": "0"
      }
    },
    {
      "type": "Feature",
      "geometry": {
        "type": "Point",
        "coordinates": [
          20.494695000328328,
          44.53168199976762
        ]
      },
      "properties": {
        "opis": "Градиште (Стојник)",
        "vrijeme0": "0501-01-01",
        "vrsta": "0",
        "podvrsta": "0",
        "razred": "1",
        "izvor": "https://tvrdjave.rs/",
        "stanje": "0",
        "dodao": 1,
        "tp": "1",
        "tv": "0"
      }
    },
    {
      "type": "Feature",
      "geometry": {
        "type": "Point",
        "coordinates": [
          22.011924000357208,
          43.416426999921455
        ]
      },
      "properties": {
        "opis": "Градац (Грбавче)",
        "vrijeme0": "1001-01-01",
        "vrsta": "0",
        "podvrsta": "0",
        "razred": "2",
        "izvor": "https://tvrdjave.rs/",
        "stanje": "0",
        "dodao": 1,
        "tp": "1",
        "tv": "0"
      }
    },
    {
      "type": "Feature",
      "geometry": {
        "type": "Point",
        "coordinates": [
          19.621409999586376,
          44.0610080000368
        ]
      },
      "properties": {
        "opis": "Градина (Козјак)",
        "vrijeme0": "1001-01-01",
        "vrsta": "0",
        "podvrsta": "0",
        "razred": "2",
        "izvor": "https://tvrdjave.rs/",
        "stanje": "0",
        "dodao": 1,
        "tp": "1",
        "tv": "0"
      }
    },
    {
      "type": "Feature",
      "geometry": {
        "type": "Point",
        "coordinates": [
          20.537867999645453,
          43.36583600016607
        ]
      },
      "properties": {
        "opis": "Петров крш (Манастир Градац)",
        "vrijeme0": "0501-01-01",
        "vrsta": "0",
        "podvrsta": "0",
        "razred": "1",
        "izvor": "https://tvrdjave.rs/",
        "stanje": "0",
        "dodao": 1,
        "tp": "1",
        "tv": "0"
      }
    },
    {
      "type": "Feature",
      "geometry": {
        "type": "Point",
        "coordinates": [
          19.72977199993364,
          43.855975999802595
        ]
      },
      "properties": {
        "opis": "Градина (Стапари)",
        "vrijeme0": "0501-01-01",
        "vrsta": "0",
        "podvrsta": "0",
        "razred": "1",
        "izvor": "https://tvrdjave.rs/",
        "stanje": "0",
        "dodao": 1,
        "tp": "1",
        "tv": "0"
      }
    },
    {
      "type": "Feature",
      "geometry": {
        "type": "Point",
        "coordinates": [
          21.531658000045685,
          42.91331499991534
        ]
      },
      "properties": {
        "opis": "Кулине (Леце)",
        "vrijeme0": "0501-01-01",
        "vrsta": "0",
        "podvrsta": "0",
        "razred": "1",
        "izvor": "https://tvrdjave.rs/",
        "stanje": "0",
        "dodao": 1,
        "tp": "1",
        "tv": "0"
      }
    },
    {
      "type": "Feature",
      "geometry": {
        "type": "Point",
        "coordinates": [
          22.112603000235254,
          43.32325799990172
        ]
      },
      "properties": {
        "opis": "Градац (Островица)",
        "vrijeme0": "0001-01-01",
        "vrsta": "0",
        "podvrsta": "0",
        "razred": "0",
        "izvor": "https://tvrdjave.rs/",
        "stanje": "0",
        "dodao": 1,
        "tp": "1",
        "tv": "0"
      }
    },
    {
      "type": "Feature",
      "geometry": {
        "type": "Point",
        "coordinates": [
          20.51619499986073,
          43.09584400007115
        ]
      },
      "properties": {
        "opis": "Гај (Бабреж)",
        "vrijeme0": "0501-01-01",
        "vrsta": "0",
        "podvrsta": "0",
        "razred": "1",
        "izvor": "https://tvrdjave.rs/",
        "stanje": "0",
        "dodao": 1,
        "tp": "1",
        "tv": "0"
      }
    },
    {
      "type": "Feature",
      "geometry": {
        "type": "Point",
        "coordinates": [
          19.48810499976782,
          44.60649099976626
        ]
      },
      "properties": {
        "opis": "Косанин град",
        "vrijeme0": "0501-01-01",
        "vrsta": "0",
        "podvrsta": "0",
        "razred": "1",
        "izvor": "https://tvrdjave.rs/kosanin-grad/",
        "stanje": "0",
        "dodao": 1,
        "tp": "1",
        "tv": "0"
      }
    },
    {
      "type": "Feature",
      "geometry": {
        "type": "Point",
        "coordinates": [
          20.824627999826216,
          42.606515999915146
        ]
      },
      "properties": {
        "opis": "Градина (Вучак)",
        "vrijeme0": "1001-01-01",
        "vrsta": "0",
        "podvrsta": "0",
        "razred": "2",
        "izvor": "https://tvrdjave.rs/",
        "stanje": "0",
        "dodao": 1,
        "tp": "1",
        "tv": "0"
      }
    },
    {
      "type": "Feature",
      "geometry": {
        "type": "Point",
        "coordinates": [
          22.581476999999847,
          43.159128000271146
        ]
      },
      "properties": {
        "opis": "Момчилов град (Пирот)",
        "vrijeme0": "1001-01-01",
        "vrsta": "0",
        "podvrsta": "0",
        "razred": "2",
        "izvor": "https://tvrdjave.rs/",
        "stanje": "0",
        "dodao": 1,
        "tp": "1",
        "tv": "0"
      }
    },
    {
      "type": "Feature",
      "geometry": {
        "type": "Point",
        "coordinates": [
          22.602030999876202,
          44.616469999802
        ]
      },
      "properties": {
        "opis": "Фетислам",
        "vrijeme0": "1001-01-01",
        "vrsta": "0",
        "podvrsta": "0",
        "razred": "2",
        "izvor": "https://tvrdjave.rs/",
        "stanje": "0",
        "dodao": 1,
        "tp": "1",
        "tv": "0"
      }
    },
    {
      "type": "Feature",
      "geometry": {
        "type": "Point",
        "coordinates": [
          21.065725999904565,
          42.3535020002264
        ]
      },
      "properties": {
        "opis": "Велики и Мали Петрич",
        "vrijeme0": "1001-01-01",
        "vrsta": "0",
        "podvrsta": "0",
        "razred": "2",
        "izvor": "https://tvrdjave.rs/",
        "stanje": "0",
        "dodao": 1,
        "tp": "1",
        "tv": "0"
      }
    },
    {
      "type": "Feature",
      "geometry": {
        "type": "Point",
        "coordinates": [
          19.862245999723903,
          45.25217499971237
        ]
      },
      "properties": {
        "opis": "Петроварадинска тврђава",
        "vrijeme0": "1001-01-01",
        "vrsta": "0",
        "podvrsta": "0",
        "razred": "2",
        "izvor": "https://tvrdjave.rs/",
        "stanje": "0",
        "dodao": 1,
        "tp": "1",
        "tv": "0"
      }
    },
    {
      "type": "Feature",
      "geometry": {
        "type": "Point",
        "coordinates": [
          20.24084999979312,
          43.74611100008262
        ]
      },
      "properties": {
        "opis": "Градина (Рти)",
        "vrijeme0": "1001-01-01",
        "vrsta": "0",
        "podvrsta": "0",
        "razred": "2",
        "izvor": "https://tvrdjave.rs/",
        "stanje": "0",
        "dodao": 1,
        "tp": "1",
        "tv": "0"
      }
    },
    {
      "type": "Feature",
      "geometry": {
        "type": "Point",
        "coordinates": [
          21.83146500025894,
          43.877540999871485
        ]
      },
      "properties": {
        "opis": "Латински град (ртањски)",
        "vrijeme0": "1001-01-01",
        "vrsta": "0",
        "podvrsta": "0",
        "razred": "2",
        "izvor": "https://tvrdjave.rs/latinski-grad-rtanjski/",
        "stanje": "0",
        "dodao": 1,
        "tp": "1",
        "tv": "0"
      }
    },
    {
      "type": "Feature",
      "geometry": {
        "type": "Point",
        "coordinates": [
          20.537051999685765,
          43.67432800016026
        ]
      },
      "properties": {
        "opis": "Богут град",
        "vrijeme0": "0501-01-01",
        "vrsta": "0",
        "podvrsta": "0",
        "razred": "1",
        "izvor": "https://tvrdjave.rs/",
        "stanje": "0",
        "dodao": 1,
        "tp": "1",
        "tv": "0"
      }
    },
    {
      "type": "Feature",
      "geometry": {
        "type": "Point",
        "coordinates": [
          20.216389000370672,
          43.91101799994902
        ]
      },
      "properties": {
        "opis": "Кулина (Манастир Успење)",
        "vrijeme0": "1001-01-01",
        "vrsta": "0",
        "podvrsta": "0",
        "razred": "2",
        "izvor": "https://tvrdjave.rs/zdrelo/",
        "stanje": "0",
        "dodao": 1,
        "tp": "1",
        "tv": "0"
      }
    },
    {
      "type": "Feature",
      "geometry": {
        "type": "Point",
        "coordinates": [
          22.033453623632695,
          44.54333373580932
        ]
      },
      "properties": {
        "opis": "Градац на Лепени / Smorna (Бољетин)",
        "vrijeme0": "0501-01-01",
        "vrsta": "0",
        "podvrsta": "0",
        "razred": "1",
        "izvor": "https://tvrdjave.rs/",
        "stanje": "0",
        "dodao": 1,
        "tp": "1",
        "tv": "0"
      }
    },
    {
      "type": "Feature",
      "geometry": {
        "type": "Point",
        "coordinates": [
          21.85069863027955,
          43.10995626793722
        ]
      },
      "properties": {
        "opis": "Кале (Међа)",
        "vrijeme0": "1001-01-01",
        "vrsta": "0",
        "podvrsta": "0",
        "razred": "2",
        "izvor": "https://tvrdjave.rs/",
        "stanje": "0",
        "dodao": 1,
        "tp": "1",
        "tv": "0"
      }
    },
    {
      "type": "Feature",
      "geometry": {
        "type": "Point",
        "coordinates": [
          20.80870600011737,
          44.07149200021081
        ]
      },
      "properties": {
        "opis": "Градина (Доње Грбице)",
        "vrijeme0": "0501-01-01",
        "vrsta": "0",
        "podvrsta": "0",
        "razred": "1",
        "izvor": "https://tvrdjave.rs/",
        "stanje": "0",
        "dodao": 1,
        "tp": "1",
        "tv": "0"
      }
    },
    {
      "type": "Feature",
      "geometry": {
        "type": "Point",
        "coordinates": [
          20.253242000422755,
          45.144779999753034
        ]
      },
      "properties": {
        "opis": "Акуминкум",
        "vrijeme0": "1001-01-01",
        "vrsta": "0",
        "podvrsta": "0",
        "razred": "2",
        "izvor": "https://tvrdjave.rs/akuminkum/",
        "stanje": "0",
        "dodao": 1,
        "tp": "1",
        "tv": "0"
      }
    },
    {
      "type": "Feature",
      "geometry": {
        "type": "Point",
        "coordinates": [
          21.541356999675543,
          43.600594999929704
        ]
      },
      "properties": {
        "opis": "Градац (Витковац)",
        "vrijeme0": "0501-01-01",
        "vrsta": "0",
        "podvrsta": "0",
        "razred": "1",
        "izvor": "https://tvrdjave.rs/",
        "stanje": "0",
        "dodao": 1,
        "tp": "1",
        "tv": "0"
      }
    },
    {
      "type": "Feature",
      "geometry": {
        "type": "Point",
        "coordinates": [
          19.332836999736266,
          44.33898999974153
        ]
      },
      "properties": {
        "opis": "Град (Кржава)",
        "vrijeme0": "0501-01-01",
        "vrsta": "0",
        "podvrsta": "0",
        "razred": "1",
        "izvor": "https://tvrdjave.rs/",
        "stanje": "0",
        "dodao": 1,
        "tp": "1",
        "tv": "0"
      }
    },
    {
      "type": "Feature",
      "geometry": {
        "type": "Point",
        "coordinates": [
          20.576277000347236,
          43.65259700012799
        ]
      },
      "properties": {
        "opis": "Велика градина (Замчање)",
        "vrijeme0": "0501-01-01",
        "vrsta": "0",
        "podvrsta": "0",
        "razred": "1",
        "izvor": "https://tvrdjave.rs/",
        "stanje": "0",
        "dodao": 1,
        "tp": "1",
        "tv": "0"
      }
    },
    {
      "type": "Feature",
      "geometry": {
        "type": "Point",
        "coordinates": [
          22.296983770877784,
          44.261926939811026
        ]
      },
      "properties": {
        "opis": "Шаркамен",
        "vrijeme0": "0501-01-01",
        "vrsta": "0",
        "podvrsta": "0",
        "razred": "1",
        "izvor": "https://tvrdjave.rs/",
        "stanje": "0",
        "dodao": 1,
        "tp": "1",
        "tv": "0"
      }
    },
    {
      "type": "Feature",
      "geometry": {
        "type": "Point",
        "coordinates": [
          20.764256999634696,
          43.38402899982303
        ]
      },
      "properties": {
        "opis": "Алексићка кула (Јошаничка бања)",
        "vrijeme0": "1001-01-01",
        "vrsta": "0",
        "podvrsta": "0",
        "razred": "2",
        "izvor": "https://tvrdjave.rs/",
        "stanje": "0",
        "dodao": 1,
        "tp": "1",
        "tv": "0"
      }
    },
    {
      "type": "Feature",
      "geometry": {
        "type": "Point",
        "coordinates": [
          19.797491999785233,
          44.09667799999605
        ]
      },
      "properties": {
        "opis": "Таорски град",
        "vrijeme0": "1001-01-01",
        "vrsta": "0",
        "podvrsta": "0",
        "razred": "2",
        "izvor": "https://tvrdjave.rs/",
        "stanje": "0",
        "dodao": 1,
        "tp": "1",
        "tv": "0"
      }
    },
    {
      "type": "Feature",
      "geometry": {
        "type": "Point",
        "coordinates": [
          21.840649000228016,
          42.73512999981403
        ]
      },
      "properties": {
        "opis": "Градиште (Големо Село)",
        "vrijeme0": "1001-01-01",
        "vrsta": "0",
        "podvrsta": "0",
        "razred": "2",
        "izvor": "https://tvrdjave.rs/",
        "stanje": "0",
        "dodao": 1,
        "tp": "1",
        "tv": "0"
      }
    },
    {
      "type": "Feature",
      "geometry": {
        "type": "Point",
        "coordinates": [
          21.830864000384434,
          44.23794299970279
        ]
      },
      "properties": {
        "opis": "Пчелињи крш",
        "vrijeme0": "0501-01-01",
        "vrsta": "0",
        "podvrsta": "0",
        "razred": "1",
        "izvor": "https://tvrdjave.rs/",
        "stanje": "0",
        "dodao": 1,
        "tp": "1",
        "tv": "0"
      }
    },
    {
      "type": "Feature",
      "geometry": {
        "type": "Point",
        "coordinates": [
          20.3295560002395,
          45.07191399972804
        ]
      },
      "properties": {
        "opis": "Сурдук / Rittium",
        "vrijeme0": "0501-01-01",
        "vrsta": "0",
        "podvrsta": "0",
        "razred": "1",
        "izvor": "https://tvrdjave.rs/",
        "stanje": "0",
        "dodao": 1,
        "tp": "1",
        "tv": "0"
      }
    },
    {
      "type": "Feature",
      "geometry": {
        "type": "Point",
        "coordinates": [
          22.108612000125245,
          43.189782999772724
        ]
      },
      "properties": {
        "opis": "Кале (Ћелије)",
        "vrijeme0": "0501-01-01",
        "vrsta": "0",
        "podvrsta": "0",
        "razred": "1",
        "izvor": "https://tvrdjave.rs/",
        "stanje": "0",
        "dodao": 1,
        "tp": "1",
        "tv": "0"
      }
    },
    {
      "type": "Feature",
      "geometry": {
        "type": "Point",
        "coordinates": [
          22.757763122584098,
          44.54156288703163
        ]
      },
      "properties": {
        "opis": "Гламија (Ртково)",
        "vrijeme0": "0501-01-01",
        "vrsta": "0",
        "podvrsta": "0",
        "razred": "1",
        "izvor": "https://tvrdjave.rs/",
        "stanje": "0",
        "dodao": 1,
        "tp": "1",
        "tv": "0"
      }
    },
    {
      "type": "Feature",
      "geometry": {
        "type": "Point",
        "coordinates": [
          21.999520999856916,
          43.246906000030656
        ]
      },
      "properties": {
        "opis": "Градац (Тасковићи)",
        "vrijeme0": "0501-01-01",
        "vrsta": "0",
        "podvrsta": "0",
        "razred": "1",
        "izvor": "https://tvrdjave.rs/",
        "stanje": "0",
        "dodao": 1,
        "tp": "1",
        "tv": "0"
      }
    },
    {
      "type": "Feature",
      "geometry": {
        "type": "Point",
        "coordinates": [
          21.944803999656923,
          43.53134499992651
        ]
      },
      "properties": {
        "opis": "Градац (Лабуково)",
        "vrijeme0": "0501-01-01",
        "vrsta": "0",
        "podvrsta": "0",
        "razred": "1",
        "izvor": "https://tvrdjave.rs/",
        "stanje": "0",
        "dodao": 1,
        "tp": "1",
        "tv": "0"
      }
    },
    {
      "type": "Feature",
      "geometry": {
        "type": "Point",
        "coordinates": [
          21.867145663830957,
          44.64748997618212
        ]
      },
      "properties": {
        "opis": "Турски поток",
        "vrijeme0": "0501-01-01",
        "vrsta": "0",
        "podvrsta": "0",
        "razred": "1",
        "izvor": "https://tvrdjave.rs/",
        "stanje": "0",
        "dodao": 1,
        "tp": "1",
        "tv": "0"
      }
    },
    {
      "type": "Feature",
      "geometry": {
        "type": "Point",
        "coordinates": [
          22.56591799961584,
          44.11331799974997
        ]
      },
      "properties": {
        "opis": "Рујевица / Sculcoburgo",
        "vrijeme0": "0501-01-01",
        "vrsta": "0",
        "podvrsta": "0",
        "razred": "1",
        "izvor": "https://tvrdjave.rs/",
        "stanje": "0",
        "dodao": 1,
        "tp": "1",
        "tv": "0"
      }
    },
    {
      "type": "Feature",
      "geometry": {
        "type": "Point",
        "coordinates": [
          19.917225999689656,
          44.642032999725664
        ]
      },
      "properties": {
        "opis": "Градужине (Дебрц)",
        "vrijeme0": "1001-01-01",
        "vrsta": "0",
        "podvrsta": "0",
        "razred": "2",
        "izvor": "https://tvrdjave.rs/",
        "stanje": "0",
        "dodao": 1,
        "tp": "1",
        "tv": "0"
      }
    },
    {
      "type": "Feature",
      "geometry": {
        "type": "Point",
        "coordinates": [
          21.116066000205223,
          43.330204000066814
        ]
      },
      "properties": {
        "opis": "Градиште (Дупци)",
        "vrijeme0": "0501-01-01",
        "vrsta": "0",
        "podvrsta": "0",
        "razred": "1",
        "izvor": "https://tvrdjave.rs/",
        "stanje": "0",
        "dodao": 1,
        "tp": "1",
        "tv": "0"
      }
    },
    {
      "type": "Feature",
      "geometry": {
        "type": "Point",
        "coordinates": [
          21.70944196365323,
          43.63750523907748
        ]
      },
      "properties": {
        "opis": "Љиљач",
        "vrijeme0": "0501-01-01",
        "vrsta": "0",
        "podvrsta": "0",
        "razred": "1",
        "izvor": "https://tvrdjave.rs/",
        "stanje": "0",
        "dodao": 1,
        "tp": "1",
        "tv": "0"
      }
    },
    {
      "type": "Feature",
      "geometry": {
        "type": "Point",
        "coordinates": [
          20.51697900003335,
          44.00364999997182
        ]
      },
      "properties": {
        "opis": "Треска",
        "vrijeme0": "1001-01-01",
        "vrsta": "0",
        "podvrsta": "0",
        "razred": "2",
        "izvor": "https://tvrdjave.rs/treska/",
        "stanje": "0",
        "dodao": 1,
        "tp": "1",
        "tv": "0"
      }
    },
    {
      "type": "Feature",
      "geometry": {
        "type": "Point",
        "coordinates": [
          20.61644600011659,
          43.21609199969834
        ]
      },
      "properties": {
        "opis": "Градина (Луково)",
        "vrijeme0": "0501-01-01",
        "vrsta": "0",
        "podvrsta": "0",
        "razred": "1",
        "izvor": "https://tvrdjave.rs/",
        "stanje": "0",
        "dodao": 1,
        "tp": "1",
        "tv": "0"
      }
    },
    {
      "type": "Feature",
      "geometry": {
        "type": "Point",
        "coordinates": [
          21.888416000077797,
          42.58135000003877
        ]
      },
      "properties": {
        "opis": "Марково кале",
        "vrijeme0": "1001-01-01",
        "vrsta": "0",
        "podvrsta": "0",
        "razred": "2",
        "izvor": "https://tvrdjave.rs/",
        "stanje": "0",
        "dodao": 1,
        "tp": "1",
        "tv": "0"
      }
    },
    {
      "type": "Feature",
      "geometry": {
        "type": "Point",
        "coordinates": [
          19.475584000165064,
          43.76737499997199
        ]
      },
      "properties": {
        "opis": "Градац (Котроман)",
        "vrijeme0": "1001-01-01",
        "vrsta": "0",
        "podvrsta": "0",
        "razred": "2",
        "izvor": "https://tvrdjave.rs/",
        "stanje": "0",
        "dodao": 1,
        "tp": "1",
        "tv": "0"
      }
    },
    {
      "type": "Feature",
      "geometry": {
        "type": "Point",
        "coordinates": [
          22.760366999927907,
          43.17535700002299
        ]
      },
      "properties": {
        "opis": "Градиште (Рсовци)",
        "vrijeme0": "0501-01-01",
        "vrsta": "0",
        "podvrsta": "0",
        "razred": "1",
        "izvor": "https://tvrdjave.rs/",
        "stanje": "0",
        "dodao": 1,
        "tp": "1",
        "tv": "0"
      }
    },
    {
      "type": "Feature",
      "geometry": {
        "type": "Point",
        "coordinates": [
          20.49375100032212,
          43.39485099981817
        ]
      },
      "properties": {
        "opis": "Велењска градина",
        "vrijeme0": "0501-01-01",
        "vrsta": "0",
        "podvrsta": "0",
        "razred": "1",
        "izvor": "https://tvrdjave.rs/",
        "stanje": "0",
        "dodao": 1,
        "tp": "1",
        "tv": "0"
      }
    },
    {
      "type": "Feature",
      "geometry": {
        "type": "Point",
        "coordinates": [
          21.674587999874262,
          43.41033199992664
        ]
      },
      "properties": {
        "opis": "Градиште (Врћеновица)",
        "vrijeme0": "0501-01-01",
        "vrsta": "0",
        "podvrsta": "0",
        "razred": "1",
        "izvor": "https://tvrdjave.rs/",
        "stanje": "0",
        "dodao": 1,
        "tp": "1",
        "tv": "0"
      }
    },
    {
      "type": "Feature",
      "geometry": {
        "type": "Point",
        "coordinates": [
          20.927881999804946,
          44.66967499991905
        ]
      },
      "properties": {
        "opis": "Смедеревска тврђава",
        "vrijeme0": "1001-01-01",
        "vrsta": "0",
        "podvrsta": "0",
        "razred": "2",
        "izvor": "https://tvrdjave.rs/smederevska-tvrdjava/",
        "stanje": "0",
        "dodao": 1,
        "tp": "1",
        "tv": "0"
      }
    },
    {
      "type": "Feature",
      "geometry": {
        "type": "Point",
        "coordinates": [
          20.92535000026029,
          42.90017599976131
        ]
      },
      "properties": {
        "opis": "Трепчански град - Ћутет",
        "vrijeme0": "1001-01-01",
        "vrsta": "0",
        "podvrsta": "0",
        "razred": "2",
        "izvor": "https://tvrdjave.rs/",
        "stanje": "0",
        "dodao": 1,
        "tp": "1",
        "tv": "0"
      }
    },
    {
      "type": "Feature",
      "geometry": {
        "type": "Point",
        "coordinates": [
          22.21315400006678,
          43.01450099977843
        ]
      },
      "properties": {
        "opis": "Кула (Завидинце)",
        "vrijeme0": "0501-01-01",
        "vrsta": "0",
        "podvrsta": "0",
        "razred": "1",
        "izvor": "https://tvrdjave.rs/",
        "stanje": "0",
        "dodao": 1,
        "tp": "1",
        "tv": "0"
      }
    },
    {
      "type": "Feature",
      "geometry": {
        "type": "Point",
        "coordinates": [
          19.529743000148247,
          44.592362000012635
        ]
      },
      "properties": {
        "opis": "Коњуша",
        "vrijeme0": "0501-01-01",
        "vrsta": "0",
        "podvrsta": "0",
        "razred": "1",
        "izvor": "https://tvrdjave.rs/",
        "stanje": "0",
        "dodao": 1,
        "tp": "1",
        "tv": "0"
      }
    },
    {
      "type": "Feature",
      "geometry": {
        "type": "Point",
        "coordinates": [
          20.11691100041681,
          45.596564000186774
        ]
      },
      "properties": {
        "opis": "Бечеј (Стари град)",
        "vrijeme0": "1001-01-01",
        "vrsta": "0",
        "podvrsta": "0",
        "razred": "2",
        "izvor": "https://tvrdjave.rs/",
        "stanje": "0",
        "dodao": 1,
        "tp": "1",
        "tv": "0"
      }
    },
    {
      "type": "Feature",
      "geometry": {
        "type": "Point",
        "coordinates": [
          22.267871000266776,
          43.060485000091866
        ]
      },
      "properties": {
        "opis": "Велика кула (Остатовица)",
        "vrijeme0": "0501-01-01",
        "vrsta": "0",
        "podvrsta": "0",
        "razred": "1",
        "izvor": "https://tvrdjave.rs/",
        "stanje": "0",
        "dodao": 1,
        "tp": "1",
        "tv": "0"
      }
    },
    {
      "type": "Feature",
      "geometry": {
        "type": "Point",
        "coordinates": [
          20.639474999636203,
          43.35837500004893
        ]
      },
      "properties": {
        "opis": "Брвеник",
        "vrijeme0": "1001-01-01",
        "vrsta": "0",
        "podvrsta": "0",
        "razred": "2",
        "izvor": "https://tvrdjave.rs/brvenik/",
        "stanje": "0",
        "dodao": 1,
        "tp": "1",
        "tv": "0"
      }
    },
    {
      "type": "Feature",
      "geometry": {
        "type": "Point",
        "coordinates": [
          22.573465447003645,
          44.549825385062896
        ]
      },
      "properties": {
        "opis": "Милутиновац",
        "vrijeme0": "0501-01-01",
        "vrsta": "0",
        "podvrsta": "0",
        "razred": "1",
        "izvor": "https://tvrdjave.rs/",
        "stanje": "0",
        "dodao": 1,
        "tp": "1",
        "tv": "0"
      }
    },
    {
      "type": "Feature",
      "geometry": {
        "type": "Point",
        "coordinates": [
          22.557548999781556,
          42.97181100007679
        ]
      },
      "properties": {
        "opis": "Градиште (Нашушковица)",
        "vrijeme0": "0501-01-01",
        "vrsta": "0",
        "podvrsta": "0",
        "razred": "1",
        "izvor": "https://tvrdjave.rs/",
        "stanje": "0",
        "dodao": 1,
        "tp": "1",
        "tv": "0"
      }
    },
    {
      "type": "Feature",
      "geometry": {
        "type": "Point",
        "coordinates": [
          22.416614999920437,
          43.01205299981909
        ]
      },
      "properties": {
        "opis": "Игриште (Камбелевац)",
        "vrijeme0": "0501-01-01",
        "vrsta": "0",
        "podvrsta": "0",
        "razred": "1",
        "izvor": "https://tvrdjave.rs/",
        "stanje": "0",
        "dodao": 1,
        "tp": "1",
        "tv": "0"
      }
    },
    {
      "type": "Feature",
      "geometry": {
        "type": "Point",
        "coordinates": [
          22.5294400003808,
          43.2185000000573
        ]
      },
      "properties": {
        "opis": "Градиште (Бегов мост)",
        "vrijeme0": "0501-01-01",
        "vrsta": "0",
        "podvrsta": "0",
        "razred": "1",
        "izvor": "https://tvrdjave.rs/",
        "stanje": "0",
        "dodao": 1,
        "tp": "1",
        "tv": "0"
      }
    },
    {
      "type": "Feature",
      "geometry": {
        "type": "Point",
        "coordinates": [
          19.506611999623075,
          43.57960200029207
        ]
      },
      "properties": {
        "opis": "Јагат",
        "vrijeme0": "1001-01-01",
        "vrsta": "0",
        "podvrsta": "0",
        "razred": "2",
        "izvor": "https://tvrdjave.rs/",
        "stanje": "0",
        "dodao": 1,
        "tp": "1",
        "tv": "0"
      }
    },
    {
      "type": "Feature",
      "geometry": {
        "type": "Point",
        "coordinates": [
          19.735350999582096,
          43.74045299974371
        ]
      },
      "properties": {
        "opis": "Градина (Чајетина)",
        "vrijeme0": "0501-01-01",
        "vrsta": "0",
        "podvrsta": "0",
        "razred": "1",
        "izvor": "https://tvrdjave.rs/",
        "stanje": "0",
        "dodao": 1,
        "tp": "1",
        "tv": "0"
      }
    },
    {
      "type": "Feature",
      "geometry": {
        "type": "Point",
        "coordinates": [
          20.31093100038345,
          43.26486299980977
        ]
      },
      "properties": {
        "opis": "Градина (Радаљица)",
        "vrijeme0": "0501-01-01",
        "vrsta": "0",
        "podvrsta": "0",
        "razred": "1",
        "izvor": "https://tvrdjave.rs/",
        "stanje": "0",
        "dodao": 1,
        "tp": "1",
        "tv": "0"
      }
    },
    {
      "type": "Feature",
      "geometry": {
        "type": "Point",
        "coordinates": [
          20.834068999713192,
          44.65038299984376
        ]
      },
      "properties": {
        "opis": "Сеоне / Aureus Mons",
        "vrijeme0": "0501-01-01",
        "vrsta": "0",
        "podvrsta": "0",
        "razred": "1",
        "izvor": "https://tvrdjave.rs/",
        "stanje": "0",
        "dodao": 1,
        "tp": "1",
        "tv": "0"
      }
    },
    {
      "type": "Feature",
      "geometry": {
        "type": "Point",
        "coordinates": [
          21.411623999667327,
          42.949236999961045
        ]
      },
      "properties": {
        "opis": "Кула Ивана Косанчића",
        "vrijeme0": "1001-01-01",
        "vrsta": "0",
        "podvrsta": "0",
        "razred": "2",
        "izvor": "https://tvrdjave.rs/",
        "stanje": "0",
        "dodao": 1,
        "tp": "1",
        "tv": "0"
      }
    },
    {
      "type": "Feature",
      "geometry": {
        "type": "Point",
        "coordinates": [
          20.78789199995003,
          43.40729199979053
        ]
      },
      "properties": {
        "opis": "Градина (Дрење)",
        "vrijeme0": "1001-01-01",
        "vrsta": "0",
        "podvrsta": "0",
        "razred": "2",
        "izvor": "https://tvrdjave.rs/",
        "stanje": "0",
        "dodao": 1,
        "tp": "1",
        "tv": "0"
      }
    },
    {
      "type": "Feature",
      "geometry": {
        "type": "Point",
        "coordinates": [
          21.528374999940358,
          44.27776200009023
        ]
      },
      "properties": {
        "opis": "Куделинова тврђава",
        "vrijeme0": "1001-01-01",
        "vrsta": "0",
        "podvrsta": "0",
        "razred": "2",
        "izvor": "https://tvrdjave.rs/zdrelo/",
        "stanje": "0",
        "dodao": 1,
        "tp": "1",
        "tv": "0"
      }
    },
    {
      "type": "Feature",
      "geometry": {
        "type": "Point",
        "coordinates": [
          20.37418800012195,
          42.93163600013678
        ]
      },
      "properties": {
        "opis": "Литице (Добриње)",
        "vrijeme0": "0501-01-01",
        "vrsta": "0",
        "podvrsta": "0",
        "razred": "1",
        "izvor": "https://tvrdjave.rs/",
        "stanje": "0",
        "dodao": 1,
        "tp": "1",
        "tv": "0"
      }
    },
    {
      "type": "Feature",
      "geometry": {
        "type": "Point",
        "coordinates": [
          22.616451000260327,
          43.212198000091874
        ]
      },
      "properties": {
        "opis": "Дурмиш (Добри до)",
        "vrijeme0": "0501-01-01",
        "vrsta": "0",
        "podvrsta": "0",
        "razred": "1",
        "izvor": "https://tvrdjave.rs/",
        "stanje": "0",
        "dodao": 1,
        "tp": "1",
        "tv": "0"
      }
    },
    {
      "type": "Feature",
      "geometry": {
        "type": "Point",
        "coordinates": [
          19.721105000173555,
          43.543031000217844
        ]
      },
      "properties": {
        "opis": "Клек",
        "vrijeme0": "1001-01-01",
        "vrsta": "0",
        "podvrsta": "0",
        "razred": "2",
        "izvor": "https://tvrdjave.rs/",
        "stanje": "0",
        "dodao": 1,
        "tp": "1",
        "tv": "0"
      }
    },
    {
      "type": "Feature",
      "geometry": {
        "type": "Point",
        "coordinates": [
          22.25357999975407,
          43.078292000104845
        ]
      },
      "properties": {
        "opis": "Градиште (Штрбовац)",
        "vrijeme0": "0501-01-01",
        "vrsta": "0",
        "podvrsta": "0",
        "razred": "1",
        "izvor": "https://tvrdjave.rs/",
        "stanje": "0",
        "dodao": 1,
        "tp": "1",
        "tv": "0"
      }
    },
    {
      "type": "Feature",
      "geometry": {
        "type": "Point",
        "coordinates": [
          19.956815000399175,
          43.35788700024863
        ]
      },
      "properties": {
        "opis": "Јеринин град на Увцу",
        "vrijeme0": "1001-01-01",
        "vrsta": "0",
        "podvrsta": "0",
        "razred": "2",
        "izvor": "https://tvrdjave.rs/jerinin-grad-na-uvcu/",
        "stanje": "0",
        "dodao": 1,
        "tp": "1",
        "tv": "0"
      }
    },
    {
      "type": "Feature",
      "geometry": {
        "type": "Point",
        "coordinates": [
          19.35898299967984,
          44.2306560001994
        ]
      },
      "properties": {
        "opis": "Кулина (Микуљак)",
        "vrijeme0": "0501-01-01",
        "vrsta": "0",
        "podvrsta": "0",
        "razred": "1",
        "izvor": "https://tvrdjave.rs/",
        "stanje": "0",
        "dodao": 1,
        "tp": "1",
        "tv": "0"
      }
    },
    {
      "type": "Feature",
      "geometry": {
        "type": "Point",
        "coordinates": [
          20.90689699993336,
          44.230132999714165
        ]
      },
      "properties": {
        "opis": "Главица (Ђурђево)",
        "vrijeme0": "0001-01-01",
        "vrsta": "0",
        "podvrsta": "0",
        "razred": "0",
        "izvor": "https://tvrdjave.rs/",
        "stanje": "0",
        "dodao": 1,
        "tp": "1",
        "tv": "0"
      }
    },
    {
      "type": "Feature",
      "geometry": {
        "type": "Point",
        "coordinates": [
          22.45014300003436,
          44.463198000147756
        ]
      },
      "properties": {
        "opis": "Брза Паланка / Egeta",
        "vrijeme0": "0501-01-01",
        "vrsta": "0",
        "podvrsta": "0",
        "razred": "1",
        "izvor": "https://tvrdjave.rs/",
        "stanje": "0",
        "dodao": 1,
        "tp": "1",
        "tv": "0"
      }
    },
    {
      "type": "Feature",
      "geometry": {
        "type": "Point",
        "coordinates": [
          21.325685999665463,
          45.122785999843565
        ]
      },
      "properties": {
        "opis": "Вршачка кула",
        "vrijeme0": "1001-01-01",
        "vrsta": "0",
        "podvrsta": "0",
        "razred": "2",
        "izvor": "https://tvrdjave.rs/vrsacka-kula/",
        "stanje": "0",
        "dodao": 1,
        "tp": "1",
        "tv": "0"
      }
    },
    {
      "type": "Feature",
      "geometry": {
        "type": "Point",
        "coordinates": [
          20.745460000249526,
          42.20931300003675
        ]
      },
      "properties": {
        "opis": "Призренски град",
        "vrijeme0": "1001-01-01",
        "vrsta": "0",
        "podvrsta": "0",
        "razred": "2",
        "izvor": "https://tvrdjave.rs/",
        "stanje": "0",
        "dodao": 1,
        "tp": "1",
        "tv": "0"
      }
    },
    {
      "type": "Feature",
      "geometry": {
        "type": "Point",
        "coordinates": [
          22.223969000130293,
          43.30272700005639
        ]
      },
      "properties": {
        "opis": "Мајмилов град",
        "vrijeme0": "0501-01-01",
        "vrsta": "0",
        "podvrsta": "0",
        "razred": "1",
        "izvor": "https://tvrdjave.rs/",
        "stanje": "0",
        "dodao": 1,
        "tp": "1",
        "tv": "0"
      }
    },
    {
      "type": "Feature",
      "geometry": {
        "type": "Point",
        "coordinates": [
          20.183042999831624,
          44.34817399997111
        ]
      },
      "properties": {
        "opis": "Анине",
        "vrijeme0": "0501-01-01",
        "vrsta": "0",
        "podvrsta": "0",
        "razred": "1",
        "izvor": "https://tvrdjave.rs/anine/",
        "stanje": "0",
        "dodao": 1,
        "tp": "1",
        "tv": "0"
      }
    },
    {
      "type": "Feature",
      "geometry": {
        "type": "Point",
        "coordinates": [
          21.414499000241946,
          44.341559999724474
        ]
      },
      "properties": {
        "opis": "Градац на Бусуру (Велико Лаоле)",
        "vrijeme0": "0501-01-01",
        "vrsta": "0",
        "podvrsta": "0",
        "razred": "1",
        "izvor": "https://tvrdjave.rs/",
        "stanje": "0",
        "dodao": 1,
        "tp": "1",
        "tv": "0"
      }
    },
    {
      "type": "Feature",
      "geometry": {
        "type": "Point",
        "coordinates": [
          21.628416000133946,
          44.65135300002551
        ]
      },
      "properties": {
        "opis": "Голубац / Cuppae",
        "vrijeme0": "0501-01-01",
        "vrsta": "0",
        "podvrsta": "0",
        "razred": "1",
        "izvor": "https://tvrdjave.rs/",
        "stanje": "0",
        "dodao": 1,
        "tp": "1",
        "tv": "0"
      }
    },
    {
      "type": "Feature",
      "geometry": {
        "type": "Point",
        "coordinates": [
          20.034277000436653,
          44.69772799982102
        ]
      },
      "properties": {
        "opis": "Купиник",
        "vrijeme0": "1001-01-01",
        "vrsta": "0",
        "podvrsta": "0",
        "razred": "2",
        "izvor": "https://tvrdjave.rs/kupinik/",
        "stanje": "0",
        "dodao": 1,
        "tp": "1",
        "tv": "0"
      }
    },
    {
      "type": "Feature",
      "geometry": {
        "type": "Point",
        "coordinates": [
          19.919629000261185,
          43.638714999938166
        ]
      },
      "properties": {
        "opis": "Голубињак (Висока)",
        "vrijeme0": "1001-01-01",
        "vrsta": "0",
        "podvrsta": "0",
        "razred": "2",
        "izvor": "https://tvrdjave.rs/",
        "stanje": "0",
        "dodao": 1,
        "tp": "1",
        "tv": "0"
      }
    },
    {
      "type": "Feature",
      "geometry": {
        "type": "Point",
        "coordinates": [
          22.26577906741349,
          43.64124980820026
        ]
      },
      "properties": {
        "opis": "Равна / Timacum Minus",
        "vrijeme0": "0501-01-01",
        "vrsta": "0",
        "podvrsta": "0",
        "razred": "1",
        "izvor": "https://tvrdjave.rs/",
        "stanje": "0",
        "dodao": 1,
        "tp": "1",
        "tv": "0"
      }
    },
    {
      "type": "Feature",
      "geometry": {
        "type": "Point",
        "coordinates": [
          20.16025500033645,
          43.10919200010036
        ]
      },
      "properties": {
        "opis": "Јеринин град (Тројан)",
        "vrijeme0": "0501-01-01",
        "vrsta": "0",
        "podvrsta": "0",
        "razred": "1",
        "izvor": "https://tvrdjave.rs/",
        "stanje": "0",
        "dodao": 1,
        "tp": "1",
        "tv": "0"
      }
    },
    {
      "type": "Feature",
      "geometry": {
        "type": "Point",
        "coordinates": [
          20.61228299957916,
          42.62132800016771
        ]
      },
      "properties": {
        "opis": "Јерињак (Пограђе)",
        "vrijeme0": "1001-01-01",
        "vrsta": "0",
        "podvrsta": "0",
        "razred": "2",
        "izvor": "https://tvrdjave.rs/",
        "stanje": "0",
        "dodao": 1,
        "tp": "1",
        "tv": "0"
      }
    },
    {
      "type": "Feature",
      "geometry": {
        "type": "Point",
        "coordinates": [
          20.115944999770953,
          43.66420799999512
        ]
      },
      "properties": {
        "opis": "Градина (Трешњевица)",
        "vrijeme0": "1001-01-01",
        "vrsta": "0",
        "podvrsta": "0",
        "razred": "2",
        "izvor": "https://tvrdjave.rs/",
        "stanje": "0",
        "dodao": 1,
        "tp": "1",
        "tv": "0"
      }
    },
    {
      "type": "Feature",
      "geometry": {
        "type": "Point",
        "coordinates": [
          22.458280878617387,
          44.71078959886117
        ]
      },
      "properties": {
        "opis": "Форт Елизабет",
        "vrijeme0": "1601-01-01",
        "vrsta": "0",
        "podvrsta": "0",
        "razred": "3",
        "izvor": "https://tvrdjave.rs/",
        "stanje": "0",
        "dodao": 1,
        "tp": "1",
        "tv": "0"
      }
    },
    {
      "type": "Feature",
      "geometry": {
        "type": "Point",
        "coordinates": [
          20.415445999662463,
          43.12820700008521
        ]
      },
      "properties": {
        "opis": "Стари Рас",
        "vrijeme0": "1001-01-01",
        "vrsta": "0",
        "podvrsta": "0",
        "razred": "2",
        "izvor": "https://tvrdjave.rs/stari-ras/",
        "stanje": "0",
        "dodao": 1,
        "tp": "1",
        "tv": "0"
      }
    },
    {
      "type": "Feature",
      "geometry": {
        "type": "Point",
        "coordinates": [
          21.867336999596567,
          43.43530699983951
        ]
      },
      "properties": {
        "opis": "Железник",
        "vrijeme0": "1001-01-01",
        "vrsta": "0",
        "podvrsta": "0",
        "razred": "2",
        "izvor": "https://tvrdjave.rs/zeleznik/",
        "stanje": "0",
        "dodao": 1,
        "tp": "1",
        "tv": "0"
      }
    },
    {
      "type": "Feature",
      "geometry": {
        "type": "Point",
        "coordinates": [
          19.43884800028888,
          44.18718900002366
        ]
      },
      "properties": {
        "opis": "Баурић град",
        "vrijeme0": "0501-01-01",
        "vrsta": "0",
        "podvrsta": "0",
        "razred": "1",
        "izvor": "https://tvrdjave.rs/",
        "stanje": "0",
        "dodao": 1,
        "tp": "1",
        "tv": "0"
      }
    },
    {
      "type": "Feature",
      "geometry": {
        "type": "Point",
        "coordinates": [
          21.106195000147917,
          43.419543999756634
        ]
      },
      "properties": {
        "opis": "Градиште (Љубинци)",
        "vrijeme0": "0501-01-01",
        "vrsta": "0",
        "podvrsta": "0",
        "razred": "1",
        "izvor": "https://tvrdjave.rs/",
        "stanje": "0",
        "dodao": 1,
        "tp": "1",
        "tv": "0"
      }
    },
    {
      "type": "Feature",
      "geometry": {
        "type": "Point",
        "coordinates": [
          22.582139999798656,
          43.28476600016973
        ]
      },
      "properties": {
        "opis": "Темац",
        "vrijeme0": "1001-01-01",
        "vrsta": "0",
        "podvrsta": "0",
        "razred": "2",
        "izvor": "https://tvrdjave.rs/",
        "stanje": "0",
        "dodao": 1,
        "tp": "1",
        "tv": "0"
      }
    },
    {
      "type": "Feature",
      "geometry": {
        "type": "Point",
        "coordinates": [
          20.634899000443518,
          42.44575499996735
        ]
      },
      "properties": {
        "opis": "Градиште (Затрич)",
        "vrijeme0": "1001-01-01",
        "vrsta": "0",
        "podvrsta": "0",
        "razred": "2",
        "izvor": "https://tvrdjave.rs/",
        "stanje": "0",
        "dodao": 1,
        "tp": "1",
        "tv": "0"
      }
    },
    {
      "type": "Feature",
      "geometry": {
        "type": "Point",
        "coordinates": [
          20.876169000051018,
          42.687704000222794
        ]
      },
      "properties": {
        "opis": "Каљаја (Врбовац)",
        "vrijeme0": "0501-01-01",
        "vrsta": "0",
        "podvrsta": "0",
        "razred": "1",
        "izvor": "https://tvrdjave.rs/",
        "stanje": "0",
        "dodao": 1,
        "tp": "1",
        "tv": "0"
      }
    },
    {
      "type": "Feature",
      "geometry": {
        "type": "Point",
        "coordinates": [
          22.601366000427547,
          42.92613700002961
        ]
      },
      "properties": {
        "opis": "Асеново кале",
        "vrijeme0": "1001-01-01",
        "vrsta": "0",
        "podvrsta": "0",
        "razred": "2",
        "izvor": "https://tvrdjave.rs/",
        "stanje": "0",
        "dodao": 1,
        "tp": "1",
        "tv": "0"
      }
    },
    {
      "type": "Feature",
      "geometry": {
        "type": "Point",
        "coordinates": [
          19.53519299992525,
          44.14310600013819
        ]
      },
      "properties": {
        "opis": "Велики и Мали Град (Горња Трешњица)",
        "vrijeme0": "1001-01-01",
        "vrsta": "0",
        "podvrsta": "0",
        "razred": "2",
        "izvor": "https://tvrdjave.rs/",
        "stanje": "0",
        "dodao": 1,
        "tp": "1",
        "tv": "0"
      }
    },
    {
      "type": "Feature",
      "geometry": {
        "type": "Point",
        "coordinates": [
          22.048917000151334,
          43.10869100007898
        ]
      },
      "properties": {
        "opis": "Градиште (Голема Њива)",
        "vrijeme0": "0501-01-01",
        "vrsta": "0",
        "podvrsta": "0",
        "razred": "1",
        "izvor": "https://tvrdjave.rs/",
        "stanje": "0",
        "dodao": 1,
        "tp": "1",
        "tv": "0"
      }
    },
    {
      "type": "Feature",
      "geometry": {
        "type": "Point",
        "coordinates": [
          19.894351999980753,
          43.11014800003338
        ]
      },
      "properties": {
        "opis": "Самоград (Гргаје)",
        "vrijeme0": "0501-01-01",
        "vrsta": "0",
        "podvrsta": "0",
        "razred": "1",
        "izvor": "https://tvrdjave.rs/",
        "stanje": "0",
        "dodao": 1,
        "tp": "1",
        "tv": "0"
      }
    },
    {
      "type": "Feature",
      "geometry": {
        "type": "Point",
        "coordinates": [
          19.441370102195712,
          45.29105472376637
        ]
      },
      "properties": {
        "opis": "Турски шанац",
        "vrijeme0": "0001-01-01",
        "vrsta": "0",
        "podvrsta": "0",
        "razred": "0",
        "izvor": "https://tvrdjave.rs/",
        "stanje": "0",
        "dodao": 1,
        "tp": "1",
        "tv": "0"
      }
    },
    {
      "type": "Feature",
      "geometry": {
        "type": "Point",
        "coordinates": [
          22.037115000423917,
          43.33154600020684
        ]
      },
      "properties": {
        "opis": "Градац (Малча)",
        "vrijeme0": "0501-01-01",
        "vrsta": "0",
        "podvrsta": "0",
        "razred": "1",
        "izvor": "https://tvrdjave.rs/",
        "stanje": "0",
        "dodao": 1,
        "tp": "1",
        "tv": "0"
      }
    },
    {
      "type": "Feature",
      "geometry": {
        "type": "Point",
        "coordinates": [
          22.684708000412353,
          43.069264000292954
        ]
      },
      "properties": {
        "opis": "Кале (Градиште)",
        "vrijeme0": "0501-01-01",
        "vrsta": "0",
        "podvrsta": "0",
        "razred": "1",
        "izvor": "https://tvrdjave.rs/",
        "stanje": "0",
        "dodao": 1,
        "tp": "1",
        "tv": "0"
      }
    },
    {
      "type": "Feature",
      "geometry": {
        "type": "Point",
        "coordinates": [
          20.52383399994902,
          43.50791199988472
        ]
      },
      "properties": {
        "opis": "Градачко брдо (Засад)",
        "vrijeme0": "1001-01-01",
        "vrsta": "0",
        "podvrsta": "0",
        "razred": "2",
        "izvor": "https://tvrdjave.rs/",
        "stanje": "0",
        "dodao": 1,
        "tp": "1",
        "tv": "0"
      }
    },
    {
      "type": "Feature",
      "geometry": {
        "type": "Point",
        "coordinates": [
          19.727980000180704,
          43.36245000029479
        ]
      },
      "properties": {
        "opis": "Милешевац",
        "vrijeme0": "1001-01-01",
        "vrsta": "0",
        "podvrsta": "0",
        "razred": "2",
        "izvor": "https://tvrdjave.rs/",
        "stanje": "0",
        "dodao": 1,
        "tp": "1",
        "tv": "0"
      }
    },
    {
      "type": "Feature",
      "geometry": {
        "type": "Point",
        "coordinates": [
          22.287826999743334,
          43.28920200009566
        ]
      },
      "properties": {
        "opis": "Градац (Дражево)",
        "vrijeme0": "0501-01-01",
        "vrsta": "0",
        "podvrsta": "0",
        "razred": "1",
        "izvor": "https://tvrdjave.rs/",
        "stanje": "0",
        "dodao": 1,
        "tp": "1",
        "tv": "0"
      }
    },
    {
      "type": "Feature",
      "geometry": {
        "type": "Point",
        "coordinates": [
          20.591296999882676,
          43.20867899967618
        ]
      },
      "properties": {
        "opis": "Градина (Мрмоње)",
        "vrijeme0": "0501-01-01",
        "vrsta": "0",
        "podvrsta": "0",
        "razred": "1",
        "izvor": "https://tvrdjave.rs/",
        "stanje": "0",
        "dodao": 1,
        "tp": "1",
        "tv": "0"
      }
    },
    {
      "type": "Feature",
      "geometry": {
        "type": "Point",
        "coordinates": [
          22.528496000374588,
          43.30007199972302
        ]
      },
      "properties": {
        "opis": "Градиште (Рудиње)",
        "vrijeme0": "0501-01-01",
        "vrsta": "0",
        "podvrsta": "0",
        "razred": "1",
        "izvor": "https://tvrdjave.rs/",
        "stanje": "0",
        "dodao": 1,
        "tp": "1",
        "tv": "0"
      }
    },
    {
      "type": "Feature",
      "geometry": {
        "type": "Point",
        "coordinates": [
          22.285036999557505,
          42.67808199988842
        ]
      },
      "properties": {
        "opis": "Градиште (Битврђа)",
        "vrijeme0": "0501-01-01",
        "vrsta": "0",
        "podvrsta": "0",
        "razred": "1",
        "izvor": "https://tvrdjave.rs/",
        "stanje": "0",
        "dodao": 1,
        "tp": "1",
        "tv": "0"
      }
    },
    {
      "type": "Feature",
      "geometry": {
        "type": "Point",
        "coordinates": [
          22.50797689825041,
          44.364143774106466
        ]
      },
      "properties": {
        "opis": "Михајловац / Mora Vagei",
        "vrijeme0": "0501-01-01",
        "vrsta": "0",
        "podvrsta": "0",
        "razred": "1",
        "izvor": "https://tvrdjave.rs/",
        "stanje": "0",
        "dodao": 1,
        "tp": "1",
        "tv": "0"
      }
    },
    {
      "type": "Feature",
      "geometry": {
        "type": "Point",
        "coordinates": [
          19.397163999877684,
          43.849058999967156
        ]
      },
      "properties": {
        "opis": "Равна стена",
        "vrijeme0": "1001-01-01",
        "vrsta": "0",
        "podvrsta": "0",
        "razred": "2",
        "izvor": "https://tvrdjave.rs/ravna-stena/",
        "stanje": "0",
        "dodao": 1,
        "tp": "1",
        "tv": "0"
      }
    },
    {
      "type": "Feature",
      "geometry": {
        "type": "Point",
        "coordinates": [
          19.434042000044116,
          44.17844900014855
        ]
      },
      "properties": {
        "opis": "Немић",
        "vrijeme0": "0501-01-01",
        "vrsta": "0",
        "podvrsta": "0",
        "razred": "1",
        "izvor": "https://tvrdjave.rs/",
        "stanje": "0",
        "dodao": 1,
        "tp": "1",
        "tv": "0"
      }
    },
    {
      "type": "Feature",
      "geometry": {
        "type": "Point",
        "coordinates": [
          19.657202000354683,
          45.527215999994205
        ]
      },
      "properties": {
        "opis": "Чарнок",
        "vrijeme0": "0001-01-01",
        "vrsta": "0",
        "podvrsta": "0",
        "razred": "0",
        "izvor": "https://tvrdjave.rs/",
        "stanje": "0",
        "dodao": 1,
        "tp": "1",
        "tv": "0"
      }
    },
    {
      "type": "Feature",
      "geometry": {
        "type": "Point",
        "coordinates": [
          21.175182000045904,
          42.59629700000221
        ]
      },
      "properties": {
        "opis": "Улпиjана / Ulpiana",
        "vrijeme0": "0501-01-01",
        "vrsta": "0",
        "podvrsta": "0",
        "razred": "1",
        "izvor": "https://tvrdjave.rs/",
        "stanje": "0",
        "dodao": 1,
        "tp": "1",
        "tv": "0"
      }
    },
    {
      "type": "Feature",
      "geometry": {
        "type": "Point",
        "coordinates": [
          22.08505200015301,
          43.234167000298406
        ]
      },
      "properties": {
        "opis": "Јеленин град (Горња Студена)",
        "vrijeme0": "0501-01-01",
        "vrsta": "0",
        "podvrsta": "0",
        "razred": "1",
        "izvor": "https://tvrdjave.rs/",
        "stanje": "0",
        "dodao": 1,
        "tp": "1",
        "tv": "0"
      }
    },
    {
      "type": "Feature",
      "geometry": {
        "type": "Point",
        "coordinates": [
          21.694109000055946,
          43.62246999987367
        ]
      },
      "properties": {
        "opis": "Бован",
        "vrijeme0": "1001-01-01",
        "vrsta": "0",
        "podvrsta": "0",
        "razred": "2",
        "izvor": "https://tvrdjave.rs/bovan/",
        "stanje": "0",
        "dodao": 1,
        "tp": "1",
        "tv": "0"
      }
    },
    {
      "type": "Feature",
      "geometry": {
        "type": "Point",
        "coordinates": [
          22.230834999916624,
          42.614001999700655
        ]
      },
      "properties": {
        "opis": "Градиште (Ново Село)",
        "vrijeme0": "0501-01-01",
        "vrsta": "0",
        "podvrsta": "0",
        "razred": "1",
        "izvor": "https://tvrdjave.rs/",
        "stanje": "0",
        "dodao": 1,
        "tp": "1",
        "tv": "0"
      }
    },
    {
      "type": "Feature",
      "geometry": {
        "type": "Point",
        "coordinates": [
          20.690002000432877,
          44.13962599994919
        ]
      },
      "properties": {
        "opis": "Градина (Котража)",
        "vrijeme0": "0501-01-01",
        "vrsta": "0",
        "podvrsta": "0",
        "razred": "1",
        "izvor": "https://tvrdjave.rs/",
        "stanje": "0",
        "dodao": 1,
        "tp": "1",
        "tv": "0"
      }
    },
    {
      "type": "Feature",
      "geometry": {
        "type": "Point",
        "coordinates": [
          22.488927999581453,
          43.039347999949996
        ]
      },
      "properties": {
        "opis": "Мали Стол",
        "vrijeme0": "0501-01-01",
        "vrsta": "0",
        "podvrsta": "0",
        "razred": "1",
        "izvor": "https://tvrdjave.rs/",
        "stanje": "0",
        "dodao": 1,
        "tp": "1",
        "tv": "0"
      }
    },
    {
      "type": "Feature",
      "geometry": {
        "type": "Point",
        "coordinates": [
          22.504656000019867,
          43.20667699972023
        ]
      },
      "properties": {
        "opis": "Кула (Станичење)",
        "vrijeme0": "0501-01-01",
        "vrsta": "0",
        "podvrsta": "0",
        "razred": "1",
        "izvor": "https://tvrdjave.rs/",
        "stanje": "0",
        "dodao": 1,
        "tp": "1",
        "tv": "0"
      }
    },
    {
      "type": "Feature",
      "geometry": {
        "type": "Point",
        "coordinates": [
          21.321796999662713,
          43.584120999889734
        ]
      },
      "properties": {
        "opis": "Град цара Лазара",
        "vrijeme0": "1001-01-01",
        "vrsta": "0",
        "podvrsta": "0",
        "razred": "2",
        "izvor": "https://tvrdjave.rs/",
        "stanje": "0",
        "dodao": 1,
        "tp": "1",
        "tv": "0"
      }
    },
    {
      "type": "Feature",
      "geometry": {
        "type": "Point",
        "coordinates": [
          21.07911600006876,
          43.957422000196495
        ]
      },
      "properties": {
        "opis": "Јеринин град (Белица)",
        "vrijeme0": "0501-01-01",
        "vrsta": "0",
        "podvrsta": "0",
        "razred": "1",
        "izvor": "https://tvrdjave.rs/",
        "stanje": "0",
        "dodao": 1,
        "tp": "1",
        "tv": "0"
      }
    },
    {
      "type": "Feature",
      "geometry": {
        "type": "Point",
        "coordinates": [
          19.52360899975772,
          44.58839800018827
        ]
      },
      "properties": {
        "opis": "Тројанов град",
        "vrijeme0": "0501-01-01",
        "vrsta": "0",
        "podvrsta": "0",
        "razred": "1",
        "izvor": "https://tvrdjave.rs/",
        "stanje": "0",
        "dodao": 1,
        "tp": "1",
        "tv": "0"
      }
    },
    {
      "type": "Feature",
      "geometry": {
        "type": "Point",
        "coordinates": [
          21.303863999917805,
          43.7063679997456
        ]
      },
      "properties": {
        "opis": "Ђерђелин (Бачина)",
        "vrijeme0": "0501-01-01",
        "vrsta": "0",
        "podvrsta": "0",
        "razred": "1",
        "izvor": "https://tvrdjave.rs/",
        "stanje": "0",
        "dodao": 1,
        "tp": "1",
        "tv": "0"
      }
    },
    {
      "type": "Feature",
      "geometry": {
        "type": "Point",
        "coordinates": [
          21.534920000234635,
          43.851241000015534
        ]
      },
      "properties": {
        "opis": "Кула Орловића Павла (Лешје)",
        "vrijeme0": "1001-01-01",
        "vrsta": "0",
        "podvrsta": "0",
        "razred": "2",
        "izvor": "https://tvrdjave.rs/",
        "stanje": "0",
        "dodao": 1,
        "tp": "1",
        "tv": "0"
      }
    },
    {
      "type": "Feature",
      "geometry": {
        "type": "Point",
        "coordinates": [
          19.593568999974213,
          44.96939399997324
        ]
      },
      "properties": {
        "opis": "Ширинград (Мачванска Митровица)",
        "vrijeme0": "0501-01-01",
        "vrsta": "0",
        "podvrsta": "0",
        "razred": "1",
        "izvor": "https://tvrdjave.rs/",
        "stanje": "0",
        "dodao": 1,
        "tp": "1",
        "tv": "0"
      }
    },
    {
      "type": "Feature",
      "geometry": {
        "type": "Point",
        "coordinates": [
          20.975872000135787,
          44.73085899996006
        ]
      },
      "properties": {
        "opis": "Ковин",
        "vrijeme0": "1001-01-01",
        "vrsta": "0",
        "podvrsta": "0",
        "razred": "2",
        "izvor": "https://tvrdjave.rs/kovin/",
        "stanje": "0",
        "dodao": 1,
        "tp": "1",
        "tv": "0"
      }
    },
    {
      "type": "Feature",
      "geometry": {
        "type": "Point",
        "coordinates": [
          22.484937000369808,
          43.336540999912984
        ]
      },
      "properties": {
        "opis": "Градски врх (Шугрин)",
        "vrijeme0": "0501-01-01",
        "vrsta": "0",
        "podvrsta": "0",
        "razred": "1",
        "izvor": "https://tvrdjave.rs/",
        "stanje": "0",
        "dodao": 1,
        "tp": "1",
        "tv": "0"
      }
    },
    {
      "type": "Feature",
      "geometry": {
        "type": "Point",
        "coordinates": [
          20.050993000363906,
          43.72527399982504
        ]
      },
      "properties": {
        "opis": "Градина (Радобуђа)",
        "vrijeme0": "0501-01-01",
        "vrsta": "0",
        "podvrsta": "0",
        "razred": "1",
        "izvor": "https://tvrdjave.rs/",
        "stanje": "0",
        "dodao": 1,
        "tp": "1",
        "tv": "0"
      }
    },
    {
      "type": "Feature",
      "geometry": {
        "type": "Point",
        "coordinates": [
          19.65831799989001,
          44.200790000203604
        ]
      },
      "properties": {
        "opis": "Кулина (Ребељ)",
        "vrijeme0": "0501-01-01",
        "vrsta": "0",
        "podvrsta": "0",
        "razred": "1",
        "izvor": "https://tvrdjave.rs/",
        "stanje": "0",
        "dodao": 1,
        "tp": "1",
        "tv": "0"
      }
    },
    {
      "type": "Feature",
      "geometry": {
        "type": "Point",
        "coordinates": [
          22.05508901095651,
          44.51656183069134
        ]
      },
      "properties": {
        "opis": "Равна / Campsa",
        "vrijeme0": "0501-01-01",
        "vrsta": "0",
        "podvrsta": "0",
        "razred": "1",
        "izvor": "https://tvrdjave.rs/",
        "stanje": "0",
        "dodao": 1,
        "tp": "1",
        "tv": "0"
      }
    },
    {
      "type": "Feature",
      "geometry": {
        "type": "Point",
        "coordinates": [
          22.538323000050962,
          43.09584400007115
        ]
      },
      "properties": {
        "opis": "Кале (Расница)",
        "vrijeme0": "0501-01-01",
        "vrsta": "0",
        "podvrsta": "0",
        "razred": "1",
        "izvor": "https://tvrdjave.rs/",
        "stanje": "0",
        "dodao": 1,
        "tp": "1",
        "tv": "0"
      }
    },
    {
      "type": "Feature",
      "geometry": {
        "type": "Point",
        "coordinates": [
          22.740473190818474,
          43.19543541403646
        ]
      },
      "properties": {
        "opis": "Каминско Градиште (Паклештица)",
        "vrijeme0": "0501-01-01",
        "vrsta": "0",
        "podvrsta": "0",
        "razred": "1",
        "izvor": "https://tvrdjave.rs/",
        "stanje": "0",
        "dodao": 1,
        "tp": "1",
        "tv": "0"
      }
    },
    {
      "type": "Feature",
      "geometry": {
        "type": "Point",
        "coordinates": [
          20.603184999823814,
          42.59489100030154
        ]
      },
      "properties": {
        "opis": "Јеринин град (Долац)",
        "vrijeme0": "1001-01-01",
        "vrsta": "0",
        "podvrsta": "0",
        "razred": "2",
        "izvor": "https://tvrdjave.rs/",
        "stanje": "0",
        "dodao": 1,
        "tp": "1",
        "tv": "0"
      }
    },
    {
      "type": "Feature",
      "geometry": {
        "type": "Point",
        "coordinates": [
          22.40687399955946,
          43.206052000281936
        ]
      },
      "properties": {
        "opis": "Доње Градиште (Теловац)",
        "vrijeme0": "0501-01-01",
        "vrsta": "0",
        "podvrsta": "0",
        "razred": "1",
        "izvor": "https://tvrdjave.rs/",
        "stanje": "0",
        "dodao": 1,
        "tp": "1",
        "tv": "0"
      }
    },
    {
      "type": "Feature",
      "geometry": {
        "type": "Point",
        "coordinates": [
          21.696331326067654,
          43.62634248027688
        ]
      },
      "properties": {
        "opis": "Китица",
        "vrijeme0": "1001-01-01",
        "vrsta": "0",
        "podvrsta": "0",
        "razred": "2",
        "izvor": "https://tvrdjave.rs/",
        "stanje": "0",
        "dodao": 1,
        "tp": "1",
        "tv": "0"
      }
    },
    {
      "type": "Feature",
      "geometry": {
        "type": "Point",
        "coordinates": [
          22.18611699982042,
          43.19391400020809
        ]
      },
      "properties": {
        "opis": "Градиште (Космовац)",
        "vrijeme0": "0501-01-01",
        "vrsta": "0",
        "podvrsta": "0",
        "razred": "1",
        "izvor": "https://tvrdjave.rs/",
        "stanje": "0",
        "dodao": 1,
        "tp": "1",
        "tv": "0"
      }
    },
    {
      "type": "Feature",
      "geometry": {
        "type": "Point",
        "coordinates": [
          19.85452700016797,
          44.048949000290335
        ]
      },
      "properties": {
        "opis": "Парамун",
        "vrijeme0": "1001-01-01",
        "vrsta": "0",
        "podvrsta": "0",
        "razred": "2",
        "izvor": "https://tvrdjave.rs/",
        "stanje": "0",
        "dodao": 1,
        "tp": "1",
        "tv": "0"
      }
    },
    {
      "type": "Feature",
      "geometry": {
        "type": "Point",
        "coordinates": [
          20.007112000143803,
          43.80950899975113
        ]
      },
      "properties": {
        "opis": "Градина (Шенгољ)",
        "vrijeme0": "0501-01-01",
        "vrsta": "0",
        "podvrsta": "0",
        "razred": "1",
        "izvor": "https://tvrdjave.rs/",
        "stanje": "0",
        "dodao": 1,
        "tp": "1",
        "tv": "0"
      }
    },
    {
      "type": "Feature",
      "geometry": {
        "type": "Point",
        "coordinates": [
          21.836781000141677,
          43.563434000176365
        ]
      },
      "properties": {
        "opis": "Липовац",
        "vrijeme0": "1001-01-01",
        "vrsta": "0",
        "podvrsta": "0",
        "razred": "2",
        "izvor": "https://tvrdjave.rs/lipovac/",
        "stanje": "0",
        "dodao": 1,
        "tp": "1",
        "tv": "0"
      }
    },
    {
      "type": "Feature",
      "geometry": {
        "type": "Point",
        "coordinates": [
          19.832854000383247,
          43.98100399991641
        ]
      },
      "properties": {
        "opis": "Град (Дрмановина)",
        "vrijeme0": "0501-01-01",
        "vrsta": "0",
        "podvrsta": "0",
        "razred": "1",
        "izvor": "https://tvrdjave.rs/",
        "stanje": "0",
        "dodao": 1,
        "tp": "1",
        "tv": "0"
      }
    },
    {
      "type": "Feature",
      "geometry": {
        "type": "Point",
        "coordinates": [
          19.30001699962699,
          44.42391199993858
        ]
      },
      "properties": {
        "opis": "Костајник",
        "vrijeme0": "1001-01-01",
        "vrsta": "0",
        "podvrsta": "0",
        "razred": "2",
        "izvor": "https://tvrdjave.rs/",
        "stanje": "0",
        "dodao": 1,
        "tp": "1",
        "tv": "0"
      }
    },
    {
      "type": "Feature",
      "geometry": {
        "type": "Point",
        "coordinates": [
          20.448346000137718,
          44.823008000048034
        ]
      },
      "properties": {
        "opis": "Београдска тврђава",
        "vrijeme0": "1001-01-01",
        "vrsta": "0",
        "podvrsta": "0",
        "razred": "2",
        "izvor": "https://tvrdjave.rs/beogradska-tvrdjava/",
        "stanje": "0",
        "dodao": 1,
        "tp": "1",
        "tv": "0"
      }
    },
    {
      "type": "Feature",
      "geometry": {
        "type": "Point",
        "coordinates": [
          21.911530999811102,
          42.85021499970965
        ]
      },
      "properties": {
        "opis": "Скобаљић град",
        "vrijeme0": "1001-01-01",
        "vrsta": "0",
        "podvrsta": "0",
        "razred": "2",
        "izvor": "https://tvrdjave.rs/",
        "stanje": "0",
        "dodao": 1,
        "tp": "1",
        "tv": "0"
      }
    },
    {
      "type": "Feature",
      "geometry": {
        "type": "Point",
        "coordinates": [
          20.799758000149858,
          43.4006819998918
        ]
      },
      "properties": {
        "opis": "Дубовска кула (Раковац)",
        "vrijeme0": "1001-01-01",
        "vrsta": "0",
        "podvrsta": "0",
        "razred": "2",
        "izvor": "https://tvrdjave.rs/",
        "stanje": "0",
        "dodao": 1,
        "tp": "1",
        "tv": "0"
      }
    },
    {
      "type": "Feature",
      "geometry": {
        "type": "Point",
        "coordinates": [
          22.103118999792216,
          43.12504300007126
        ]
      },
      "properties": {
        "opis": "Градиште (Доње Драговље)",
        "vrijeme0": "0501-01-01",
        "vrsta": "0",
        "podvrsta": "0",
        "razred": "1",
        "izvor": "https://tvrdjave.rs/",
        "stanje": "0",
        "dodao": 1,
        "tp": "1",
        "tv": "0"
      }
    },
    {
      "type": "Feature",
      "geometry": {
        "type": "Point",
        "coordinates": [
          20.461178000085066,
          43.680443000315755
        ]
      },
      "properties": {
        "opis": "Градина (Станча)",
        "vrijeme0": "1001-01-01",
        "vrsta": "0",
        "podvrsta": "0",
        "razred": "2",
        "izvor": "https://tvrdjave.rs/",
        "stanje": "0",
        "dodao": 1,
        "tp": "1",
        "tv": "0"
      }
    },
    {
      "type": "Feature",
      "geometry": {
        "type": "Point",
        "coordinates": [
          22.134908898171954,
          44.308569789855525
        ]
      },
      "properties": {
        "opis": "Милошева кула",
        "vrijeme0": "1001-01-01",
        "vrsta": "0",
        "podvrsta": "0",
        "razred": "2",
        "izvor": "https://tvrdjave.rs/",
        "stanje": "0",
        "dodao": 1,
        "tp": "1",
        "tv": "0"
      }
    },
    {
      "type": "Feature",
      "geometry": {
        "type": "Point",
        "coordinates": [
          20.54220199988713,
          42.35752900020101
        ]
      },
      "properties": {
        "opis": "Градиш",
        "vrijeme0": "1001-01-01",
        "vrsta": "0",
        "podvrsta": "0",
        "razred": "2",
        "izvor": "https://tvrdjave.rs/",
        "stanje": "0",
        "dodao": 1,
        "tp": "1",
        "tv": "0"
      }
    },
    {
      "type": "Feature",
      "geometry": {
        "type": "Point",
        "coordinates": [
          21.578435999683425,
          43.37042899989426
        ]
      },
      "properties": {
        "opis": "Кале (Вукања)",
        "vrijeme0": "0501-01-01",
        "vrsta": "0",
        "podvrsta": "0",
        "razred": "1",
        "izvor": "https://tvrdjave.rs/",
        "stanje": "0",
        "dodao": 1,
        "tp": "1",
        "tv": "0"
      }
    },
    {
      "type": "Feature",
      "geometry": {
        "type": "Point",
        "coordinates": [
          21.890172999670654,
          44.21518599979224
        ]
      },
      "properties": {
        "opis": "Потај чука",
        "vrijeme0": "0501-01-01",
        "vrsta": "0",
        "podvrsta": "0",
        "razred": "1",
        "izvor": "https://tvrdjave.rs/",
        "stanje": "0",
        "dodao": 1,
        "tp": "1",
        "tv": "0"
      }
    },
    {
      "type": "Feature",
      "geometry": {
        "type": "Point",
        "coordinates": [
          19.661879999654598,
          44.33167600021804
        ]
      },
      "properties": {
        "opis": "Бељино брдо (Драгијевица)",
        "vrijeme0": "0501-01-01",
        "vrsta": "0",
        "podvrsta": "0",
        "razred": "1",
        "izvor": "https://tvrdjave.rs/",
        "stanje": "0",
        "dodao": 1,
        "tp": "1",
        "tv": "0"
      }
    },
    {
      "type": "Feature",
      "geometry": {
        "type": "Point",
        "coordinates": [
          21.54408199956406,
          44.37858699976846
        ]
      },
      "properties": {
        "opis": "Манастир Витовница са утврђењем",
        "vrijeme0": "1001-01-01",
        "vrsta": "0",
        "podvrsta": "0",
        "razred": "2",
        "izvor": "https://tvrdjave.rs/vitovnica/",
        "stanje": "0",
        "dodao": 1,
        "tp": "1",
        "tv": "0"
      }
    },
    {
      "type": "Feature",
      "geometry": {
        "type": "Point",
        "coordinates": [
          21.594824710114985,
          44.7412147737287
        ]
      },
      "properties": {
        "opis": "Умка - Кузмино брдо",
        "vrijeme0": "0501-01-01",
        "vrsta": "0",
        "podvrsta": "0",
        "razred": "1",
        "izvor": "https://tvrdjave.rs/",
        "stanje": "0",
        "dodao": 1,
        "tp": "1",
        "tv": "0"
      }
    },
    {
      "type": "Feature",
      "geometry": {
        "type": "Point",
        "coordinates": [
          20.9563350000606,
          43.58275400006599
        ]
      },
      "properties": {
        "opis": "Градац (Попина)",
        "vrijeme0": "0501-01-01",
        "vrsta": "0",
        "podvrsta": "0",
        "razred": "1",
        "izvor": "https://tvrdjave.rs/",
        "stanje": "0",
        "dodao": 1,
        "tp": "1",
        "tv": "0"
      }
    },
    {
      "type": "Feature",
      "geometry": {
        "type": "Point",
        "coordinates": [
          21.33373300018276,
          42.40799499969194
        ]
      },
      "properties": {
        "opis": "Градиште (Трпеза)",
        "vrijeme0": "1001-01-01",
        "vrsta": "0",
        "podvrsta": "0",
        "razred": "2",
        "izvor": "https://tvrdjave.rs/",
        "stanje": "0",
        "dodao": 1,
        "tp": "1",
        "tv": "0"
      }
    },
    {
      "type": "Feature",
      "geometry": {
        "type": "Point",
        "coordinates": [
          22.31085100013837,
          43.21740599977325
        ]
      },
      "properties": {
        "opis": "Ремезијана / Remesiana",
        "vrijeme0": "0501-01-01",
        "vrsta": "0",
        "podvrsta": "0",
        "razred": "1",
        "izvor": "https://tvrdjave.rs/",
        "stanje": "0",
        "dodao": 1,
        "tp": "1",
        "tv": "0"
      }
    },
    {
      "type": "Feature",
      "geometry": {
        "type": "Point",
        "coordinates": [
          22.224869999580473,
          43.098945999809246
        ]
      },
      "properties": {
        "opis": "Градиште (Велики Крчимир)",
        "vrijeme0": "0501-01-01",
        "vrsta": "0",
        "podvrsta": "0",
        "razred": "1",
        "izvor": "https://tvrdjave.rs/",
        "stanje": "0",
        "dodao": 1,
        "tp": "1",
        "tv": "0"
      }
    },
    {
      "type": "Feature",
      "geometry": {
        "type": "Point",
        "coordinates": [
          22.25100014425928,
          44.475417601108525
        ]
      },
      "properties": {
        "opis": "Мироч / Gerulata",
        "vrijeme0": "0501-01-01",
        "vrsta": "0",
        "podvrsta": "0",
        "razred": "1",
        "izvor": "https://tvrdjave.rs/",
        "stanje": "0",
        "dodao": 1,
        "tp": "1",
        "tv": "0"
      }
    },
    {
      "type": "Feature",
      "geometry": {
        "type": "Point",
        "coordinates": [
          22.453866000355767,
          43.09675299970618
        ]
      },
      "properties": {
        "opis": "Градиште (Радошевац)",
        "vrijeme0": "1001-01-01",
        "vrsta": "0",
        "podvrsta": "0",
        "razred": "2",
        "izvor": "https://tvrdjave.rs/",
        "stanje": "0",
        "dodao": 1,
        "tp": "1",
        "tv": "0"
      }
    },
    {
      "type": "Feature",
      "geometry": {
        "type": "Point",
        "coordinates": [
          21.59691099975164,
          43.406902999793644
        ]
      },
      "properties": {
        "opis": "Градиште (Породин)",
        "vrijeme0": "0501-01-01",
        "vrsta": "0",
        "podvrsta": "0",
        "razred": "1",
        "izvor": "https://tvrdjave.rs/",
        "stanje": "0",
        "dodao": 1,
        "tp": "1",
        "tv": "0"
      }
    },
    {
      "type": "Feature",
      "geometry": {
        "type": "Point",
        "coordinates": [
          22.261155000268282,
          43.27868899975776
        ]
      },
      "properties": {
        "opis": "Градац (Врандол)",
        "vrijeme0": "0501-01-01",
        "vrsta": "0",
        "podvrsta": "0",
        "razred": "1",
        "izvor": "https://tvrdjave.rs/",
        "stanje": "0",
        "dodao": 1,
        "tp": "1",
        "tv": "0"
      }
    },
    {
      "type": "Feature",
      "geometry": {
        "type": "Point",
        "coordinates": [
          20.190639000262216,
          43.79860599992266
        ]
      },
      "properties": {
        "opis": "Лишка Ћава",
        "vrijeme0": "1001-01-01",
        "vrsta": "0",
        "podvrsta": "0",
        "razred": "2",
        "izvor": "https://tvrdjave.rs/",
        "stanje": "0",
        "dodao": 1,
        "tp": "1",
        "tv": "0"
      }
    },
    {
      "type": "Feature",
      "geometry": {
        "type": "Point",
        "coordinates": [
          21.67844500008994,
          44.66118599977964
        ]
      },
      "properties": {
        "opis": "Голубац",
        "vrijeme0": "1001-01-01",
        "vrsta": "0",
        "podvrsta": "0",
        "razred": "2",
        "izvor": "https://tvrdjave.rs/golubac/",
        "stanje": "0",
        "dodao": 1,
        "tp": "1",
        "tv": "0"
      }
    },
    {
      "type": "Feature",
      "geometry": {
        "type": "Point",
        "coordinates": [
          20.726694999753068,
          43.27776800005959
        ]
      },
      "properties": {
        "opis": "Градина (Лисина)",
        "vrijeme0": "0501-01-01",
        "vrsta": "0",
        "podvrsta": "0",
        "razred": "1",
        "izvor": "https://tvrdjave.rs/",
        "stanje": "0",
        "dodao": 1,
        "tp": "1",
        "tv": "0"
      }
    },
    {
      "type": "Feature",
      "geometry": {
        "type": "Point",
        "coordinates": [
          20.453882000128445,
          42.95108300001476
        ]
      },
      "properties": {
        "opis": "Тупи крш (Избег)",
        "vrijeme0": "0501-01-01",
        "vrsta": "0",
        "podvrsta": "0",
        "razred": "1",
        "izvor": "https://tvrdjave.rs/",
        "stanje": "0",
        "dodao": 1,
        "tp": "1",
        "tv": "0"
      }
    },
    {
      "type": "Feature",
      "geometry": {
        "type": "Point",
        "coordinates": [
          21.646842999623285,
          43.07442099967781
        ]
      },
      "properties": {
        "opis": "Златно кале",
        "vrijeme0": "0501-01-01",
        "vrsta": "0",
        "podvrsta": "0",
        "razred": "1",
        "izvor": "https://tvrdjave.rs/",
        "stanje": "0",
        "dodao": 1,
        "tp": "1",
        "tv": "0"
      }
    },
    {
      "type": "Feature",
      "geometry": {
        "type": "Point",
        "coordinates": [
          21.49693400003046,
          43.9727969997964
        ]
      },
      "properties": {
        "opis": "Манастир Раваница",
        "vrijeme0": "1001-01-01",
        "vrsta": "0",
        "podvrsta": "0",
        "razred": "2",
        "izvor": "https://tvrdjave.rs/manastir-ravanica/",
        "stanje": "0",
        "dodao": 1,
        "tp": "1",
        "tv": "0"
      }
    },
    {
      "type": "Feature",
      "geometry": {
        "type": "Point",
        "coordinates": [
          21.6904450001841,
          43.36787100025956
        ]
      },
      "properties": {
        "opis": "Градиште (Азбресница)",
        "vrijeme0": "0501-01-01",
        "vrsta": "0",
        "podvrsta": "0",
        "razred": "1",
        "izvor": "https://tvrdjave.rs/",
        "stanje": "0",
        "dodao": 1,
        "tp": "1",
        "tv": "0"
      }
    },
    {
      "type": "Feature",
      "geometry": {
        "type": "Point",
        "coordinates": [
          20.67412400020666,
          43.80839400004433
        ]
      },
      "properties": {
        "opis": "Велика Градина (Милочај)",
        "vrijeme0": "0501-01-01",
        "vrsta": "0",
        "podvrsta": "0",
        "razred": "1",
        "izvor": "https://tvrdjave.rs/",
        "stanje": "0",
        "dodao": 1,
        "tp": "1",
        "tv": "0"
      }
    },
    {
      "type": "Feature",
      "geometry": {
        "type": "Point",
        "coordinates": [
          21.417074000342627,
          42.61507499984101
        ]
      },
      "properties": {
        "opis": "Ново Брдо",
        "vrijeme0": "1001-01-01",
        "vrsta": "0",
        "podvrsta": "0",
        "razred": "2",
        "izvor": "https://tvrdjave.rs/",
        "stanje": "0",
        "dodao": 1,
        "tp": "1",
        "tv": "0"
      }
    },
    {
      "type": "Feature",
      "geometry": {
        "type": "Point",
        "coordinates": [
          20.65077799959634,
          43.3335439997317
        ]
      },
      "properties": {
        "opis": "Градина (Павлица)",
        "vrijeme0": "0501-01-01",
        "vrsta": "0",
        "podvrsta": "0",
        "razred": "1",
        "izvor": "https://tvrdjave.rs/",
        "stanje": "0",
        "dodao": 1,
        "tp": "1",
        "tv": "0"
      }
    },
    {
      "type": "Feature",
      "geometry": {
        "type": "Point",
        "coordinates": [
          21.516895000428192,
          43.41764200019882
        ]
      },
      "properties": {
        "opis": "Чукар (Бољевац)",
        "vrijeme0": "0501-01-01",
        "vrsta": "0",
        "podvrsta": "0",
        "razred": "1",
        "izvor": "https://tvrdjave.rs/",
        "stanje": "0",
        "dodao": 1,
        "tp": "1",
        "tv": "0"
      }
    },
    {
      "type": "Feature",
      "geometry": {
        "type": "Point",
        "coordinates": [
          20.39217000027066,
          45.85445100004702
        ]
      },
      "properties": {
        "opis": "Ђурицин град",
        "vrijeme0": "0001-01-01",
        "vrsta": "0",
        "podvrsta": "0",
        "razred": "0",
        "izvor": "https://tvrdjave.rs/",
        "stanje": "0",
        "dodao": 1,
        "tp": "1",
        "tv": "0"
      }
    },
    {
      "type": "Feature",
      "geometry": {
        "type": "Point",
        "coordinates": [
          20.66691399956543,
          42.94637100017175
        ]
      },
      "properties": {
        "opis": "Градина (Газиводе)",
        "vrijeme0": "1001-01-01",
        "vrsta": "0",
        "podvrsta": "0",
        "razred": "2",
        "izvor": "https://tvrdjave.rs/",
        "stanje": "0",
        "dodao": 1,
        "tp": "1",
        "tv": "0"
      }
    },
    {
      "type": "Feature",
      "geometry": {
        "type": "Point",
        "coordinates": [
          22.355375000065777,
          43.022722000111564
        ]
      },
      "properties": {
        "opis": "Кулиште (Грнчар)",
        "vrijeme0": "0501-01-01",
        "vrsta": "0",
        "podvrsta": "0",
        "razred": "1",
        "izvor": "https://tvrdjave.rs/",
        "stanje": "0",
        "dodao": 1,
        "tp": "1",
        "tv": "0"
      }
    },
    {
      "type": "Feature",
      "geometry": {
        "type": "Point",
        "coordinates": [
          22.25542500010879,
          43.361974999969874
        ]
      },
      "properties": {
        "opis": "Градац (Гулијан)",
        "vrijeme0": "1001-01-01",
        "vrsta": "0",
        "podvrsta": "0",
        "razred": "2",
        "izvor": "https://tvrdjave.rs/",
        "stanje": "0",
        "dodao": 1,
        "tp": "1",
        "tv": "0"
      }
    },
    {
      "type": "Feature",
      "geometry": {
        "type": "Point",
        "coordinates": [
          19.586648999761234,
          43.98877000003037
        ]
      },
      "properties": {
        "opis": "Кулина (Вишесава)",
        "vrijeme0": "0501-01-01",
        "vrsta": "0",
        "podvrsta": "0",
        "razred": "1",
        "izvor": "https://tvrdjave.rs/",
        "stanje": "0",
        "dodao": 1,
        "tp": "1",
        "tv": "0"
      }
    },
    {
      "type": "Feature",
      "geometry": {
        "type": "Point",
        "coordinates": [
          20.547995999620735,
          43.173229000247446
        ]
      },
      "properties": {
        "opis": "Градина (Постење)",
        "vrijeme0": "0501-01-01",
        "vrsta": "0",
        "podvrsta": "0",
        "razred": "1",
        "izvor": "https://tvrdjave.rs/",
        "stanje": "0",
        "dodao": 1,
        "tp": "1",
        "tv": "0"
      }
    },
    {
      "type": "Feature",
      "geometry": {
        "type": "Point",
        "coordinates": [
          20.80944699973399,
          43.051108999867466
        ]
      },
      "properties": {
        "opis": "Галич / Municipium DD",
        "vrijeme0": "0501-01-01",
        "vrsta": "0",
        "podvrsta": "0",
        "razred": "1",
        "izvor": "https://tvrdjave.rs/",
        "stanje": "0",
        "dodao": 1,
        "tp": "1",
        "tv": "0"
      }
    },
    {
      "type": "Feature",
      "geometry": {
        "type": "Point",
        "coordinates": [
          20.001211000280094,
          46.13797699975948
        ]
      },
      "properties": {
        "opis": "Вашкапу",
        "vrijeme0": "0001-01-01",
        "vrsta": "0",
        "podvrsta": "0",
        "razred": "0",
        "izvor": "https://tvrdjave.rs/",
        "stanje": "0",
        "dodao": 1,
        "tp": "1",
        "tv": "0"
      }
    },
    {
      "type": "Feature",
      "geometry": {
        "type": "Point",
        "coordinates": [
          20.46889499999116,
          43.53144300002674
        ]
      },
      "properties": {
        "opis": "Градина (Савово)",
        "vrijeme0": "1001-01-01",
        "vrsta": "0",
        "podvrsta": "0",
        "razred": "2",
        "izvor": "https://tvrdjave.rs/",
        "stanje": "0",
        "dodao": 1,
        "tp": "1",
        "tv": "0"
      }
    },
    {
      "type": "Feature",
      "geometry": {
        "type": "Point",
        "coordinates": [
          22.18585999990248,
          43.89949999991497
        ]
      },
      "properties": {
        "opis": "Гамзиград / Felix Romuliana",
        "vrijeme0": "0501-01-01",
        "vrsta": "0",
        "podvrsta": "0",
        "razred": "1",
        "izvor": "https://tvrdjave.rs/",
        "stanje": "0",
        "dodao": 1,
        "tp": "1",
        "tv": "0"
      }
    },
    {
      "type": "Feature",
      "geometry": {
        "type": "Point",
        "coordinates": [
          21.163359000402075,
          42.784629999796444
        ]
      },
      "properties": {
        "opis": "Кулина (Тенеш До)",
        "vrijeme0": "0501-01-01",
        "vrsta": "0",
        "podvrsta": "0",
        "razred": "1",
        "izvor": "https://tvrdjave.rs/",
        "stanje": "0",
        "dodao": 1,
        "tp": "1",
        "tv": "0"
      }
    },
    {
      "type": "Feature",
      "geometry": {
        "type": "Point",
        "coordinates": [
          20.402383999561334,
          43.488485999726905
        ]
      },
      "properties": {
        "opis": "Јеринин град (Придворица)",
        "vrijeme0": "1001-01-01",
        "vrsta": "0",
        "podvrsta": "0",
        "razred": "2",
        "izvor": "https://tvrdjave.rs/",
        "stanje": "0",
        "dodao": 1,
        "tp": "1",
        "tv": "0"
      }
    },
    {
      "type": "Feature",
      "geometry": {
        "type": "Point",
        "coordinates": [
          22.47442199988193,
          42.97859300014486
        ]
      },
      "properties": {
        "opis": "Кале (Стрелац)",
        "vrijeme0": "0501-01-01",
        "vrsta": "0",
        "podvrsta": "0",
        "razred": "1",
        "izvor": "https://tvrdjave.rs/",
        "stanje": "0",
        "dodao": 1,
        "tp": "1",
        "tv": "0"
      }
    },
    {
      "type": "Feature",
      "geometry": {
        "type": "Point",
        "coordinates": [
          19.457044999624443,
          44.29961899998031
        ]
      },
      "properties": {
        "opis": "Петрина стена",
        "vrijeme0": "1001-01-01",
        "vrsta": "0",
        "podvrsta": "0",
        "razred": "2",
        "izvor": "https://tvrdjave.rs/",
        "stanje": "0",
        "dodao": 1,
        "tp": "1",
        "tv": "0"
      }
    },
    {
      "type": "Feature",
      "geometry": {
        "type": "Point",
        "coordinates": [
          19.270363000345515,
          44.42642500003468
        ]
      },
      "properties": {
        "opis": "Биљег (Горња Борина)",
        "vrijeme0": "0501-01-01",
        "vrsta": "0",
        "podvrsta": "0",
        "razred": "1",
        "izvor": "https://tvrdjave.rs/",
        "stanje": "0",
        "dodao": 1,
        "tp": "1",
        "tv": "0"
      }
    },
    {
      "type": "Feature",
      "geometry": {
        "type": "Point",
        "coordinates": [
          21.052637000039276,
          44.70764499994354
        ]
      },
      "properties": {
        "opis": "Дубравица / Margum",
        "vrijeme0": "0501-01-01",
        "vrsta": "0",
        "podvrsta": "0",
        "razred": "1",
        "izvor": "https://tvrdjave.rs/",
        "stanje": "0",
        "dodao": 1,
        "tp": "1",
        "tv": "0"
      }
    },
    {
      "type": "Feature",
      "geometry": {
        "type": "Point",
        "coordinates": [
          22.035484000329443,
          43.176264999938034
        ]
      },
      "properties": {
        "opis": "Градиште (Краставче)",
        "vrijeme0": "0501-01-01",
        "vrsta": "0",
        "podvrsta": "0",
        "razred": "1",
        "izvor": "https://tvrdjave.rs/",
        "stanje": "0",
        "dodao": 1,
        "tp": "1",
        "tv": "0"
      }
    },
    {
      "type": "Feature",
      "geometry": {
        "type": "Point",
        "coordinates": [
          21.339895999987284,
          44.81750899973202
        ]
      },
      "properties": {
        "opis": "Ледерата",
        "vrijeme0": "0501-01-01",
        "vrsta": "0",
        "podvrsta": "0",
        "razred": "1",
        "izvor": "https://tvrdjave.rs/lederata/",
        "stanje": "0",
        "dodao": 1,
        "tp": "1",
        "tv": "0"
      }
    },
    {
      "type": "Feature",
      "geometry": {
        "type": "Point",
        "coordinates": [
          22.362796703975068,
          43.51793783715993
        ]
      },
      "properties": {
        "opis": "Град (Градиште)",
        "vrijeme0": "0501-01-01",
        "vrsta": "0",
        "podvrsta": "0",
        "razred": "1",
        "izvor": "https://tvrdjave.rs/",
        "stanje": "0",
        "dodao": 1,
        "tp": "1",
        "tv": "0"
      }
    },
    {
      "type": "Feature",
      "geometry": {
        "type": "Point",
        "coordinates": [
          19.66149300004033,
          43.804552999765356
        ]
      },
      "properties": {
        "opis": "Градина (Шљивовица)",
        "vrijeme0": "0501-01-01",
        "vrsta": "0",
        "podvrsta": "0",
        "razred": "1",
        "izvor": "https://tvrdjave.rs/",
        "stanje": "0",
        "dodao": 1,
        "tp": "1",
        "tv": "0"
      }
    },
    {
      "type": "Feature",
      "geometry": {
        "type": "Point",
        "coordinates": [
          19.93700999963706,
          43.78389099968133
        ]
      },
      "properties": {
        "opis": "Градина (Дрежник)",
        "vrijeme0": "0501-01-01",
        "vrsta": "0",
        "podvrsta": "0",
        "razred": "1",
        "izvor": "https://tvrdjave.rs/",
        "stanje": "0",
        "dodao": 1,
        "tp": "1",
        "tv": "0"
      }
    },
    {
      "type": "Feature",
      "geometry": {
        "type": "Point",
        "coordinates": [
          20.761821000349524,
          42.19948199977137
        ]
      },
      "properties": {
        "opis": "Вишеград (Бистрички)",
        "vrijeme0": "1001-01-01",
        "vrsta": "0",
        "podvrsta": "0",
        "razred": "2",
        "izvor": "https://tvrdjave.rs/",
        "stanje": "0",
        "dodao": 1,
        "tp": "1",
        "tv": "0"
      }
    },
    {
      "type": "Feature",
      "geometry": {
        "type": "Point",
        "coordinates": [
          20.69841399992486,
          43.853655000282096
        ]
      },
      "properties": {
        "opis": "Град (Пајсијевић)",
        "vrijeme0": "0501-01-01",
        "vrsta": "0",
        "podvrsta": "0",
        "razred": "1",
        "izvor": "https://tvrdjave.rs/",
        "stanje": "0",
        "dodao": 1,
        "tp": "1",
        "tv": "0"
      }
    },
    {
      "type": "Feature",
      "geometry": {
        "type": "Point",
        "coordinates": [
          21.811846905669782,
          44.48710668712399
        ]
      },
      "properties": {
        "opis": "Краку лу Јордан (Бродица)",
        "vrijeme0": "0501-01-01",
        "vrsta": "0",
        "podvrsta": "0",
        "razred": "1",
        "izvor": "https://tvrdjave.rs/",
        "stanje": "0",
        "dodao": 1,
        "tp": "1",
        "tv": "0"
      }
    },
    {
      "type": "Feature",
      "geometry": {
        "type": "Point",
        "coordinates": [
          21.04465499981929,
          43.37738599996555
        ]
      },
      "properties": {
        "opis": "Градиште (Брус)",
        "vrijeme0": "1001-01-01",
        "vrsta": "0",
        "podvrsta": "0",
        "razred": "2",
        "izvor": "https://tvrdjave.rs/",
        "stanje": "0",
        "dodao": 1,
        "tp": "1",
        "tv": "0"
      }
    },
    {
      "type": "Feature",
      "geometry": {
        "type": "Point",
        "coordinates": [
          22.5800369997011,
          44.29233999986135
        ]
      },
      "properties": {
        "opis": "Прахово / Aquae",
        "vrijeme0": "0501-01-01",
        "vrsta": "0",
        "podvrsta": "0",
        "razred": "1",
        "izvor": "https://tvrdjave.rs/",
        "stanje": "0",
        "dodao": 1,
        "tp": "1",
        "tv": "0"
      }
    },
    {
      "type": "Feature",
      "geometry": {
        "type": "Point",
        "coordinates": [
          20.989723000432445,
          42.23531699981303
        ]
      },
      "properties": {
        "opis": "Грчки град (Врбештица)",
        "vrijeme0": "1001-01-01",
        "vrsta": "0",
        "podvrsta": "0",
        "razred": "2",
        "izvor": "https://tvrdjave.rs/",
        "stanje": "0",
        "dodao": 1,
        "tp": "1",
        "tv": "0"
      }
    },
    {
      "type": "Feature",
      "geometry": {
        "type": "Point",
        "coordinates": [
          19.828479999958617,
          43.851834999783016
        ]
      },
      "properties": {
        "opis": "Ужички град",
        "vrijeme0": "1001-01-01",
        "vrsta": "0",
        "podvrsta": "0",
        "razred": "2",
        "izvor": "https://tvrdjave.rs/",
        "stanje": "0",
        "dodao": 1,
        "tp": "1",
        "tv": "0"
      }
    },
    {
      "type": "Feature",
      "geometry": {
        "type": "Point",
        "coordinates": [
          20.310426999694997,
          43.82965499975272
        ]
      },
      "properties": {
        "opis": "Градине (Јелица)",
        "vrijeme0": "1001-01-01",
        "vrsta": "0",
        "podvrsta": "0",
        "razred": "2",
        "izvor": "https://tvrdjave.rs/",
        "stanje": "0",
        "dodao": 1,
        "tp": "1",
        "tv": "0"
      }
    },
    {
      "type": "Feature",
      "geometry": {
        "type": "Point",
        "coordinates": [
          21.220608000146726,
          43.39187300008039
        ]
      },
      "properties": {
        "opis": "Градиште (Златари)",
        "vrijeme0": "0501-01-01",
        "vrsta": "0",
        "podvrsta": "0",
        "razred": "1",
        "izvor": "https://tvrdjave.rs/",
        "stanje": "0",
        "dodao": 1,
        "tp": "1",
        "tv": "0"
      }
    },
    {
      "type": "Feature",
      "geometry": {
        "type": "Point",
        "coordinates": [
          21.767201192106214,
          44.65351398010913
        ]
      },
      "properties": {
        "opis": "Брњица",
        "vrijeme0": "0501-01-01",
        "vrsta": "0",
        "podvrsta": "0",
        "razred": "1",
        "izvor": "https://tvrdjave.rs/",
        "stanje": "0",
        "dodao": 1,
        "tp": "1",
        "tv": "0"
      }
    },
    {
      "type": "Feature",
      "geometry": {
        "type": "Point",
        "coordinates": [
          21.326995000442945,
          44.51532799970272
        ]
      },
      "properties": {
        "opis": "Градац (Калиште)",
        "vrijeme0": "0501-01-01",
        "vrsta": "0",
        "podvrsta": "0",
        "razred": "1",
        "izvor": "https://tvrdjave.rs/",
        "stanje": "0",
        "dodao": 1,
        "tp": "1",
        "tv": "0"
      }
    },
    {
      "type": "Feature",
      "geometry": {
        "type": "Point",
        "coordinates": [
          22.66918030092608,
          44.61301189709415
        ]
      },
      "properties": {
        "opis": "Понтес (Костол)",
        "vrijeme0": "0501-01-01",
        "vrsta": "0",
        "podvrsta": "0",
        "razred": "1",
        "izvor": "https://tvrdjave.rs/",
        "stanje": "0",
        "dodao": 1,
        "tp": "1",
        "tv": "0"
      }
    },
    {
      "type": "Feature",
      "geometry": {
        "type": "Point",
        "coordinates": [
          22.729768999741893,
          43.027553000142746
        ]
      },
      "properties": {
        "opis": "Кале (Гојин Дол)",
        "vrijeme0": "0501-01-01",
        "vrsta": "0",
        "podvrsta": "0",
        "razred": "1",
        "izvor": "https://tvrdjave.rs/",
        "stanje": "0",
        "dodao": 1,
        "tp": "1",
        "tv": "0"
      }
    },
    {
      "type": "Feature",
      "geometry": {
        "type": "Point",
        "coordinates": [
          22.283963999679845,
          43.53654099995268
        ]
      },
      "properties": {
        "opis": "Бараница",
        "vrijeme0": "0501-01-01",
        "vrsta": "0",
        "podvrsta": "0",
        "razred": "1",
        "izvor": "https://tvrdjave.rs/",
        "stanje": "0",
        "dodao": 1,
        "tp": "1",
        "tv": "0"
      }
    },
    {
      "type": "Feature",
      "geometry": {
        "type": "Point",
        "coordinates": [
          19.703549999822094,
          44.76411200031185
        ]
      },
      "properties": {
        "opis": "Шабачка тврђава",
        "vrijeme0": "1001-01-01",
        "vrsta": "0",
        "podvrsta": "0",
        "razred": "2",
        "izvor": "https://tvrdjave.rs/sabacka-tvrdjava/",
        "stanje": "0",
        "dodao": 1,
        "tp": "1",
        "tv": "0"
      }
    },
    {
      "type": "Feature",
      "geometry": {
        "type": "Point",
        "coordinates": [
          20.01030900003541,
          45.16951199981761
        ]
      },
      "properties": {
        "opis": "Михаљевачка шума / Ad Herculae",
        "vrijeme0": "0501-01-01",
        "vrsta": "0",
        "podvrsta": "0",
        "razred": "1",
        "izvor": "https://tvrdjave.rs/",
        "stanje": "0",
        "dodao": 1,
        "tp": "1",
        "tv": "0"
      }
    },
    {
      "type": "Feature",
      "geometry": {
        "type": "Point",
        "coordinates": [
          20.12116000026963,
          43.8117069998311
        ]
      },
      "properties": {
        "opis": "Градина (Лопаш)",
        "vrijeme0": "0501-01-01",
        "vrsta": "0",
        "podvrsta": "0",
        "razred": "1",
        "izvor": "https://tvrdjave.rs/",
        "stanje": "0",
        "dodao": 1,
        "tp": "1",
        "tv": "0"
      }
    },
    {
      "type": "Feature",
      "geometry": {
        "type": "Point",
        "coordinates": [
          21.72542100009439,
          42.49793799994812
        ]
      },
      "properties": {
        "opis": "Градиште (Велики Трновац)",
        "vrijeme0": "0501-01-01",
        "vrsta": "0",
        "podvrsta": "0",
        "razred": "1",
        "izvor": "https://tvrdjave.rs/",
        "stanje": "0",
        "dodao": 1,
        "tp": "1",
        "tv": "0"
      }
    },
    {
      "type": "Feature",
      "geometry": {
        "type": "Point",
        "coordinates": [
          20.91329099971657,
          43.264112999858106
        ]
      },
      "properties": {
        "opis": "Градац (Горње Левиће)",
        "vrijeme0": "0501-01-01",
        "vrsta": "0",
        "podvrsta": "0",
        "razred": "1",
        "izvor": "https://tvrdjave.rs/",
        "stanje": "0",
        "dodao": 1,
        "tp": "1",
        "tv": "0"
      }
    },
    {
      "type": "Feature",
      "geometry": {
        "type": "Point",
        "coordinates": [
          20.389245000365634,
          43.474855999933524
        ]
      },
      "properties": {
        "opis": "Ћелије (Придворица)",
        "vrijeme0": "1001-01-01",
        "vrsta": "0",
        "podvrsta": "0",
        "razred": "2",
        "izvor": "https://tvrdjave.rs/",
        "stanje": "0",
        "dodao": 1,
        "tp": "1",
        "tv": "0"
      }
    },
    {
      "type": "Feature",
      "geometry": {
        "type": "Point",
        "coordinates": [
          20.68307200017414,
          43.219782000278975
        ]
      },
      "properties": {
        "opis": "Велики крш (Тусниће)",
        "vrijeme0": "0501-01-01",
        "vrsta": "0",
        "podvrsta": "0",
        "razred": "1",
        "izvor": "https://tvrdjave.rs/",
        "stanje": "0",
        "dodao": 1,
        "tp": "1",
        "tv": "0"
      }
    },
    {
      "type": "Feature",
      "geometry": {
        "type": "Point",
        "coordinates": [
          22.177040999806422,
          43.31919900000913
        ]
      },
      "properties": {
        "opis": "Чука (Градиште)",
        "vrijeme0": "0501-01-01",
        "vrsta": "0",
        "podvrsta": "0",
        "razred": "1",
        "izvor": "https://tvrdjave.rs/cuka-gradiste/",
        "stanje": "0",
        "dodao": 1,
        "tp": "1",
        "tv": "0"
      }
    },
    {
      "type": "Feature",
      "geometry": {
        "type": "Point",
        "coordinates": [
          22.377799000411205,
          44.035528999820336
        ]
      },
      "properties": {
        "opis": "Градиште (Градсково)",
        "vrijeme0": "0501-01-01",
        "vrsta": "0",
        "podvrsta": "0",
        "razred": "1",
        "izvor": "https://tvrdjave.rs/",
        "stanje": "0",
        "dodao": 1,
        "tp": "1",
        "tv": "0"
      }
    },
    {
      "type": "Feature",
      "geometry": {
        "type": "Point",
        "coordinates": [
          22.673700000004978,
          43.00204199978843
        ]
      },
      "properties": {
        "opis": "Градиште (Бањски Дол)",
        "vrijeme0": "0501-01-01",
        "vrsta": "0",
        "podvrsta": "0",
        "razred": "1",
        "izvor": "https://tvrdjave.rs/",
        "stanje": "0",
        "dodao": 1,
        "tp": "1",
        "tv": "0"
      }
    },
    {
      "type": "Feature",
      "geometry": {
        "type": "Point",
        "coordinates": [
          22.657328000034326,
          44.227918999939526
        ]
      },
      "properties": {
        "opis": "Ћетаће (Радујевац)",
        "vrijeme0": "0501-01-01",
        "vrsta": "0",
        "podvrsta": "0",
        "razred": "1",
        "izvor": "https://tvrdjave.rs/",
        "stanje": "0",
        "dodao": 1,
        "tp": "1",
        "tv": "0"
      }
    },
    {
      "type": "Feature",
      "geometry": {
        "type": "Point",
        "coordinates": [
          20.501776000199804,
          43.523659000130564
        ]
      },
      "properties": {
        "opis": "Градина (Ђаково)",
        "vrijeme0": "1001-01-01",
        "vrsta": "0",
        "podvrsta": "0",
        "razred": "2",
        "izvor": "https://tvrdjave.rs/",
        "stanje": "0",
        "dodao": 1,
        "tp": "1",
        "tv": "0"
      }
    },
    {
      "type": "Feature",
      "geometry": {
        "type": "Point",
        "coordinates": [
          21.46929099988671,
          44.10062499974141
        ]
      },
      "properties": {
        "opis": "Манастир Манасија",
        "vrijeme0": "1001-01-01",
        "vrsta": "0",
        "podvrsta": "0",
        "razred": "2",
        "izvor": "https://tvrdjave.rs/manastir-manasija/",
        "stanje": "0",
        "dodao": 1,
        "tp": "1",
        "tv": "0"
      }
    },
    {
      "type": "Feature",
      "geometry": {
        "type": "Point",
        "coordinates": [
          20.96748200038512,
          42.82219700002903
        ]
      },
      "properties": {
        "opis": "Кула Војиновића",
        "vrijeme0": "1001-01-01",
        "vrsta": "0",
        "podvrsta": "0",
        "razred": "2",
        "izvor": "https://tvrdjave.rs/",
        "stanje": "0",
        "dodao": 1,
        "tp": "1",
        "tv": "0"
      }
    },
    {
      "type": "Feature",
      "geometry": {
        "type": "Point",
        "coordinates": [
          20.51797099972013,
          43.13965899987808
        ]
      },
      "properties": {
        "opis": "Новопазарска тврђава",
        "vrijeme0": "1001-01-01",
        "vrsta": "0",
        "podvrsta": "0",
        "razred": "2",
        "izvor": "https://tvrdjave.rs/",
        "stanje": "0",
        "dodao": 1,
        "tp": "1",
        "tv": "0"
      }
    },
    {
      "type": "Feature",
      "geometry": {
        "type": "Point",
        "coordinates": [
          21.263952000066396,
          44.95101099973721
        ]
      },
      "properties": {
        "opis": "Жидовар",
        "vrijeme0": "0001-01-01",
        "vrsta": "0",
        "podvrsta": "0",
        "razred": "0",
        "izvor": "https://tvrdjave.rs/",
        "stanje": "0",
        "dodao": 1,
        "tp": "1",
        "tv": "0"
      }
    },
    {
      "type": "Feature",
      "geometry": {
        "type": "Point",
        "coordinates": [
          22.121315000201207,
          43.066191999943044
        ]
      },
      "properties": {
        "opis": "Чукар (Ступница)",
        "vrijeme0": "0501-01-01",
        "vrsta": "0",
        "podvrsta": "0",
        "razred": "1",
        "izvor": "https://tvrdjave.rs/",
        "stanje": "0",
        "dodao": 1,
        "tp": "1",
        "tv": "0"
      }
    },
    {
      "type": "Feature",
      "geometry": {
        "type": "Point",
        "coordinates": [
          20.449203999930198,
          43.27701800019221
        ]
      },
      "properties": {
        "opis": "Кула (Калудра)",
        "vrijeme0": "0501-01-01",
        "vrsta": "0",
        "podvrsta": "0",
        "razred": "1",
        "izvor": "https://tvrdjave.rs/",
        "stanje": "0",
        "dodao": 1,
        "tp": "1",
        "tv": "0"
      }
    },
    {
      "type": "Feature",
      "geometry": {
        "type": "Point",
        "coordinates": [
          19.74380499980517,
          44.187374000122055
        ]
      },
      "properties": {
        "opis": "Вито (Брезовице)",
        "vrijeme0": "0501-01-01",
        "vrsta": "0",
        "podvrsta": "0",
        "razred": "1",
        "izvor": "https://tvrdjave.rs/",
        "stanje": "0",
        "dodao": 1,
        "tp": "1",
        "tv": "0"
      }
    },
    {
      "type": "Feature",
      "geometry": {
        "type": "Point",
        "coordinates": [
          21.33730063328251,
          44.825565827994986
        ]
      },
      "properties": {
        "opis": "Сапаја",
        "vrijeme0": "0501-01-01",
        "vrsta": "0",
        "podvrsta": "0",
        "razred": "1",
        "izvor": "https://tvrdjave.rs/",
        "stanje": "0",
        "dodao": 1,
        "tp": "1",
        "tv": "0"
      }
    },
    {
      "type": "Feature",
      "geometry": {
        "type": "Point",
        "coordinates": [
          20.561148999958462,
          43.02635300024756
        ]
      },
      "properties": {
        "opis": "Јелеч",
        "vrijeme0": "1001-01-01",
        "vrsta": "0",
        "podvrsta": "0",
        "razred": "2",
        "izvor": "https://tvrdjave.rs/jelec/",
        "stanje": "0",
        "dodao": 1,
        "tp": "1",
        "tv": "0"
      }
    },
    {
      "type": "Feature",
      "geometry": {
        "type": "Point",
        "coordinates": [
          22.098440999593972,
          42.98129299984763
        ]
      },
      "properties": {
        "opis": "Градац (Конопница)",
        "vrijeme0": "1001-01-01",
        "vrsta": "0",
        "podvrsta": "0",
        "razred": "2",
        "izvor": "https://tvrdjave.rs/",
        "stanje": "0",
        "dodao": 1,
        "tp": "1",
        "tv": "0"
      }
    },
    {
      "type": "Feature",
      "geometry": {
        "type": "Point",
        "coordinates": [
          21.980466999655476,
          43.06061100000311
        ]
      },
      "properties": {
        "opis": "Градац (Злокућане)",
        "vrijeme0": "0001-01-01",
        "vrsta": "0",
        "podvrsta": "0",
        "razred": "0",
        "izvor": "https://tvrdjave.rs/",
        "stanje": "0",
        "dodao": 1,
        "tp": "1",
        "tv": "0"
      }
    },
    {
      "type": "Feature",
      "geometry": {
        "type": "Point",
        "coordinates": [
          20.651120999728004,
          44.73921999979766
        ]
      },
      "properties": {
        "opis": "Ритопек / Tricornium",
        "vrijeme0": "0501-01-01",
        "vrsta": "0",
        "podvrsta": "0",
        "razred": "1",
        "izvor": "https://tvrdjave.rs/",
        "stanje": "0",
        "dodao": 1,
        "tp": "1",
        "tv": "0"
      }
    },
    {
      "type": "Feature",
      "geometry": {
        "type": "Point",
        "coordinates": [
          21.36900899966872,
          42.29286600015603
        ]
      },
      "properties": {
        "opis": "Градиште-Каљаја (Бинач)",
        "vrijeme0": "0501-01-01",
        "vrsta": "0",
        "podvrsta": "0",
        "razred": "1",
        "izvor": "https://tvrdjave.rs/",
        "stanje": "0",
        "dodao": 1,
        "tp": "1",
        "tv": "0"
      }
    },
    {
      "type": "Feature",
      "geometry": {
        "type": "Point",
        "coordinates": [
          22.0540670003527,
          43.2832349997505
        ]
      },
      "properties": {
        "opis": "Кулина (Јелашница)",
        "vrijeme0": "0501-01-01",
        "vrsta": "0",
        "podvrsta": "0",
        "razred": "1",
        "izvor": "https://tvrdjave.rs/",
        "stanje": "0",
        "dodao": 1,
        "tp": "1",
        "tv": "0"
      }
    },
    {
      "type": "Feature",
      "geometry": {
        "type": "Point",
        "coordinates": [
          22.04531199983075,
          42.580041000234786
        ]
      },
      "properties": {
        "opis": "Градиште (Корбевац)",
        "vrijeme0": "0501-01-01",
        "vrsta": "0",
        "podvrsta": "0",
        "razred": "1",
        "izvor": "https://tvrdjave.rs/",
        "stanje": "0",
        "dodao": 1,
        "tp": "1",
        "tv": "0"
      }
    },
    {
      "type": "Feature",
      "geometry": {
        "type": "Point",
        "coordinates": [
          20.67347999977609,
          42.62069700032351
        ]
      },
      "properties": {
        "opis": "Манастир Добра Вода са утврђењем",
        "vrijeme0": "1001-01-01",
        "vrsta": "0",
        "podvrsta": "0",
        "razred": "2",
        "izvor": "https://tvrdjave.rs/",
        "stanje": "0",
        "dodao": 1,
        "tp": "1",
        "tv": "0"
      }
    },
    {
      "type": "Feature",
      "geometry": {
        "type": "Point",
        "coordinates": [
          21.81738299998364,
          43.71545900007669
        ]
      },
      "properties": {
        "opis": "Врмџа",
        "vrijeme0": "1001-01-01",
        "vrsta": "0",
        "podvrsta": "0",
        "razred": "2",
        "izvor": "https://tvrdjave.rs/vrmdza/",
        "stanje": "0",
        "dodao": 1,
        "tp": "1",
        "tv": "0"
      }
    },
    {
      "type": "Feature",
      "geometry": {
        "type": "Point",
        "coordinates": [
          19.986835000276898,
          44.63894899992259
        ]
      },
      "properties": {
        "opis": "Градуштина (Бељин)",
        "vrijeme0": "0501-01-01",
        "vrsta": "0",
        "podvrsta": "0",
        "razred": "1",
        "izvor": "https://tvrdjave.rs/",
        "stanje": "0",
        "dodao": 1,
        "tp": "1",
        "tv": "0"
      }
    },
    {
      "type": "Feature",
      "geometry": {
        "type": "Point",
        "coordinates": [
          21.43552799959613,
          42.764028000053386
        ]
      },
      "properties": {
        "opis": "Градина (Губавце)",
        "vrijeme0": "0501-01-01",
        "vrsta": "0",
        "podvrsta": "0",
        "razred": "1",
        "izvor": "https://tvrdjave.rs/",
        "stanje": "0",
        "dodao": 1,
        "tp": "1",
        "tv": "0"
      }
    },
    {
      "type": "Feature",
      "geometry": {
        "type": "Point",
        "coordinates": [
          20.62099500044341,
          43.52453100004423
        ]
      },
      "properties": {
        "opis": "Градина (Церје)",
        "vrijeme0": "0501-01-01",
        "vrsta": "0",
        "podvrsta": "0",
        "razred": "1",
        "izvor": "https://tvrdjave.rs/",
        "stanje": "0",
        "dodao": 1,
        "tp": "1",
        "tv": "0"
      }
    },
    {
      "type": "Feature",
      "geometry": {
        "type": "Point",
        "coordinates": [
          20.787333999733185,
          42.90419900010408
        ]
      },
      "properties": {
        "opis": "Градина (Чабра)",
        "vrijeme0": "1001-01-01",
        "vrsta": "0",
        "podvrsta": "0",
        "razred": "2",
        "izvor": "https://tvrdjave.rs/",
        "stanje": "0",
        "dodao": 1,
        "tp": "1",
        "tv": "0"
      }
    },
    {
      "type": "Feature",
      "geometry": {
        "type": "Point",
        "coordinates": [
          20.63155199986575,
          43.08224199989087
        ]
      },
      "properties": {
        "opis": "Градина (Меденовац)",
        "vrijeme0": "1001-01-01",
        "vrsta": "0",
        "podvrsta": "0",
        "razred": "2",
        "izvor": "https://tvrdjave.rs/",
        "stanje": "0",
        "dodao": 1,
        "tp": "1",
        "tv": "0"
      }
    },
    {
      "type": "Feature",
      "geometry": {
        "type": "Point",
        "coordinates": [
          20.050564000018483,
          43.20517600027048
        ]
      },
      "properties": {
        "opis": "Велика Градина (Врсјенице)",
        "vrijeme0": "0501-01-01",
        "vrsta": "0",
        "podvrsta": "0",
        "razred": "1",
        "izvor": "https://tvrdjave.rs/",
        "stanje": "0",
        "dodao": 1,
        "tp": "1",
        "tv": "0"
      }
    },
    {
      "type": "Feature",
      "geometry": {
        "type": "Point",
        "coordinates": [
          20.684186999884595,
          42.91249800025073
        ]
      },
      "properties": {
        "opis": "Град (Зубин Поток)",
        "vrijeme0": "1001-01-01",
        "vrsta": "0",
        "podvrsta": "0",
        "razred": "2",
        "izvor": "https://tvrdjave.rs/",
        "stanje": "0",
        "dodao": 1,
        "tp": "1",
        "tv": "0"
      }
    },
    {
      "type": "Feature",
      "geometry": {
        "type": "Point",
        "coordinates": [
          21.303005000300388,
          43.057632000304565
        ]
      },
      "properties": {
        "opis": "Бранкова кула",
        "vrijeme0": "1001-01-01",
        "vrsta": "0",
        "podvrsta": "0",
        "razred": "2",
        "izvor": "https://tvrdjave.rs/",
        "stanje": "0",
        "dodao": 1,
        "tp": "1",
        "tv": "0"
      }
    },
    {
      "type": "Feature",
      "geometry": {
        "type": "Point",
        "coordinates": [
          21.52099399959491,
          42.540497000201555
        ]
      },
      "properties": {
        "opis": "Прилепац",
        "vrijeme0": "1001-01-01",
        "vrsta": "0",
        "podvrsta": "0",
        "razred": "2",
        "izvor": "https://tvrdjave.rs/",
        "stanje": "0",
        "dodao": 1,
        "tp": "1",
        "tv": "0"
      }
    },
    {
      "type": "Feature",
      "geometry": {
        "type": "Point",
        "coordinates": [
          21.255906000272297,
          42.22827900012034
        ]
      },
      "properties": {
        "opis": "Каљаја (Качаник)",
        "vrijeme0": "1001-01-01",
        "vrsta": "0",
        "podvrsta": "0",
        "razred": "2",
        "izvor": "https://tvrdjave.rs/",
        "stanje": "0",
        "dodao": 1,
        "tp": "1",
        "tv": "0"
      }
    },
    {
      "type": "Feature",
      "geometry": {
        "type": "Point",
        "coordinates": [
          22.02248099977955,
          43.67696699973907
        ]
      },
      "properties": {
        "opis": "Градиште (Милушинац)",
        "vrijeme0": "0501-01-01",
        "vrsta": "0",
        "podvrsta": "0",
        "razred": "1",
        "izvor": "https://tvrdjave.rs/",
        "stanje": "0",
        "dodao": 1,
        "tp": "1",
        "tv": "0"
      }
    },
    {
      "type": "Feature",
      "geometry": {
        "type": "Point",
        "coordinates": [
          19.613255999837268,
          45.231562999727615
        ]
      },
      "properties": {
        "opis": "Бегеч / Castellum Onagrinum",
        "vrijeme0": "0501-01-01",
        "vrsta": "0",
        "podvrsta": "0",
        "razred": "1",
        "izvor": "https://tvrdjave.rs/",
        "stanje": "0",
        "dodao": 1,
        "tp": "1",
        "tv": "0"
      }
    },
    {
      "type": "Feature",
      "geometry": {
        "type": "Point",
        "coordinates": [
          22.63376700023719,
          42.991621000281896
        ]
      },
      "properties": {
        "opis": "Кале (Власи)",
        "vrijeme0": "0501-01-01",
        "vrsta": "0",
        "podvrsta": "0",
        "razred": "1",
        "izvor": "https://tvrdjave.rs/",
        "stanje": "0",
        "dodao": 1,
        "tp": "1",
        "tv": "0"
      }
    },
    {
      "type": "Feature",
      "geometry": {
        "type": "Point",
        "coordinates": [
          20.847715999795362,
          42.9045609997688
        ]
      },
      "properties": {
        "opis": "Звечан",
        "vrijeme0": "1001-01-01",
        "vrsta": "0",
        "podvrsta": "0",
        "razred": "2",
        "izvor": "https://tvrdjave.rs/",
        "stanje": "0",
        "dodao": 1,
        "tp": "1",
        "tv": "0"
      }
    },
    {
      "type": "Feature",
      "geometry": {
        "type": "Point",
        "coordinates": [
          20.51619499986073,
          43.20824100013562
        ]
      },
      "properties": {
        "opis": "Соколовица (Скуково)",
        "vrijeme0": "0501-01-01",
        "vrsta": "0",
        "podvrsta": "0",
        "razred": "1",
        "izvor": "https://tvrdjave.rs/",
        "stanje": "0",
        "dodao": 1,
        "tp": "1",
        "tv": "0"
      }
    },
    {
      "type": "Feature",
      "geometry": {
        "type": "Point",
        "coordinates": [
          20.068984999660046,
          44.33308099971037
        ]
      },
      "properties": {
        "opis": "Словац",
        "vrijeme0": "1001-01-01",
        "vrsta": "0",
        "podvrsta": "0",
        "razred": "2",
        "izvor": "https://tvrdjave.rs/",
        "stanje": "0",
        "dodao": 1,
        "tp": "1",
        "tv": "0"
      }
    },
    {
      "type": "Feature",
      "geometry": {
        "type": "Point",
        "coordinates": [
          21.16516100020077,
          43.51276699975804
        ]
      },
      "properties": {
        "opis": "Градиште (Мрмош)",
        "vrijeme0": "1001-01-01",
        "vrsta": "0",
        "podvrsta": "0",
        "razred": "2",
        "izvor": "https://tvrdjave.rs/",
        "stanje": "0",
        "dodao": 1,
        "tp": "1",
        "tv": "0"
      }
    },
    {
      "type": "Feature",
      "geometry": {
        "type": "Point",
        "coordinates": [
          21.369320000013346,
          43.93410100003538
        ]
      },
      "properties": {
        "opis": "Равно / Horreum Margi",
        "vrijeme0": "0501-01-01",
        "vrsta": "0",
        "podvrsta": "0",
        "razred": "1",
        "izvor": "https://tvrdjave.rs/",
        "stanje": "0",
        "dodao": 1,
        "tp": "1",
        "tv": "0"
      }
    },
    {
      "type": "Feature",
      "geometry": {
        "type": "Point",
        "coordinates": [
          19.428731000184257,
          44.270101000196384
        ]
      },
      "properties": {
        "opis": "Соко Град (дрински)",
        "vrijeme0": "1001-01-01",
        "vrsta": "0",
        "podvrsta": "0",
        "razred": "2",
        "izvor": "https://tvrdjave.rs/soko-grad-drinski/",
        "stanje": "0",
        "dodao": 1,
        "tp": "1",
        "tv": "0"
      }
    },
    {
      "type": "Feature",
      "geometry": {
        "type": "Point",
        "coordinates": [
          19.735415000054505,
          43.27870499982883
        ]
      },
      "properties": {
        "opis": "Градина (Водице)",
        "vrijeme0": "1001-01-01",
        "vrsta": "0",
        "podvrsta": "0",
        "razred": "2",
        "izvor": "https://tvrdjave.rs/",
        "stanje": "0",
        "dodao": 1,
        "tp": "1",
        "tv": "0"
      }
    },
    {
      "type": "Feature",
      "geometry": {
        "type": "Point",
        "coordinates": [
          22.066813000086356,
          42.89366799975208
        ]
      },
      "properties": {
        "opis": "Кале (Грделица)",
        "vrijeme0": "0501-01-01",
        "vrsta": "0",
        "podvrsta": "0",
        "razred": "1",
        "izvor": "https://tvrdjave.rs/",
        "stanje": "0",
        "dodao": 1,
        "tp": "1",
        "tv": "0"
      }
    },
    {
      "type": "Feature",
      "geometry": {
        "type": "Point",
        "coordinates": [
          22.289086485382377,
          43.93869276621912
        ]
      },
      "properties": {
        "opis": "Влашко брдо",
        "vrijeme0": "1601-01-01",
        "vrsta": "0",
        "podvrsta": "0",
        "razred": "3",
        "izvor": "https://tvrdjave.rs/",
        "stanje": "0",
        "dodao": 1,
        "tp": "1",
        "tv": "0"
      }
    },
    {
      "type": "Feature",
      "geometry": {
        "type": "Point",
        "coordinates": [
          21.989425525183147,
          43.33655972306272
        ]
      },
      "properties": {
        "opis": "Градац (Горња Врежина)",
        "vrijeme0": "0501-01-01",
        "vrsta": "0",
        "podvrsta": "0",
        "razred": "1",
        "izvor": "https://tvrdjave.rs/",
        "stanje": "0",
        "dodao": 1,
        "tp": "1",
        "tv": "0"
      }
    },
    {
      "type": "Feature",
      "geometry": {
        "type": "Point",
        "coordinates": [
          21.42685900018621,
          43.462824999842546
        ]
      },
      "properties": {
        "opis": "Градац (Петина)",
        "vrijeme0": "0501-01-01",
        "vrsta": "0",
        "podvrsta": "0",
        "razred": "1",
        "izvor": "https://tvrdjave.rs/",
        "stanje": "0",
        "dodao": 1,
        "tp": "1",
        "tv": "0"
      }
    },
    {
      "type": "Feature",
      "geometry": {
        "type": "Point",
        "coordinates": [
          21.66654100025526,
          44.29445899974746
        ]
      },
      "properties": {
        "opis": "Велико шетаће (Осаница)",
        "vrijeme0": "0501-01-01",
        "vrsta": "0",
        "podvrsta": "0",
        "razred": "1",
        "izvor": "https://tvrdjave.rs/",
        "stanje": "0",
        "dodao": 1,
        "tp": "1",
        "tv": "0"
      }
    },
    {
      "type": "Feature",
      "geometry": {
        "type": "Point",
        "coordinates": [
          21.99415382744406,
          44.62682890101054
        ]
      },
      "properties": {
        "opis": "Босман",
        "vrijeme0": "0501-01-01",
        "vrsta": "0",
        "podvrsta": "0",
        "razred": "1",
        "izvor": "https://tvrdjave.rs/",
        "stanje": "0",
        "dodao": 1,
        "tp": "1",
        "tv": "0"
      }
    },
    {
      "type": "Feature",
      "geometry": {
        "type": "Point",
        "coordinates": [
          22.3267939997636,
          43.13293599999712
        ]
      },
      "properties": {
        "opis": "Кула (Бежиште)",
        "vrijeme0": "0501-01-01",
        "vrsta": "0",
        "podvrsta": "0",
        "razred": "1",
        "izvor": "https://tvrdjave.rs/",
        "stanje": "0",
        "dodao": 1,
        "tp": "1",
        "tv": "0"
      }
    },
    {
      "type": "Feature",
      "geometry": {
        "type": "Point",
        "coordinates": [
          20.84569899991149,
          43.88972800023516
        ]
      },
      "properties": {
        "opis": "Честин",
        "vrijeme0": "1001-01-01",
        "vrsta": "0",
        "podvrsta": "0",
        "razred": "2",
        "izvor": "https://tvrdjave.rs/",
        "stanje": "0",
        "dodao": 1,
        "tp": "1",
        "tv": "0"
      }
    },
    {
      "type": "Feature",
      "geometry": {
        "type": "Point",
        "coordinates": [
          20.329685000110924,
          43.20035800028648
        ]
      },
      "properties": {
        "opis": "Градина (Осаоница)",
        "vrijeme0": "0501-01-01",
        "vrsta": "0",
        "podvrsta": "0",
        "razred": "1",
        "izvor": "https://tvrdjave.rs/",
        "stanje": "0",
        "dodao": 1,
        "tp": "1",
        "tv": "0"
      }
    },
    {
      "type": "Feature",
      "geometry": {
        "type": "Point",
        "coordinates": [
          21.213398000403828,
          43.815299999955755
        ]
      },
      "properties": {
        "opis": "Јеринин град (Секурич)",
        "vrijeme0": "0501-01-01",
        "vrsta": "0",
        "podvrsta": "0",
        "razred": "1",
        "izvor": "https://tvrdjave.rs/",
        "stanje": "0",
        "dodao": 1,
        "tp": "1",
        "tv": "0"
      }
    },
    {
      "type": "Feature",
      "geometry": {
        "type": "Point",
        "coordinates": [
          21.632937999798276,
          44.2538679997241
        ]
      },
      "properties": {
        "opis": "Градац у Рибарској клисури",
        "vrijeme0": "1001-01-01",
        "vrsta": "0",
        "podvrsta": "0",
        "razred": "2",
        "izvor": "https://tvrdjave.rs/gradac-u-ribarskoj-klisuri/",
        "stanje": "0",
        "dodao": 1,
        "tp": "1",
        "tv": "0"
      }
    },
    {
      "type": "Feature",
      "geometry": {
        "type": "Point",
        "coordinates": [
          21.62753099967897,
          42.31382999977752
        ]
      },
      "properties": {
        "opis": "Марково кале (Прешево)",
        "vrijeme0": "0501-01-01",
        "vrsta": "0",
        "podvrsta": "0",
        "razred": "1",
        "izvor": "https://tvrdjave.rs/",
        "stanje": "0",
        "dodao": 1,
        "tp": "1",
        "tv": "0"
      }
    },
    {
      "type": "Feature",
      "geometry": {
        "type": "Point",
        "coordinates": [
          21.94579100021916,
          43.167282000286654
        ]
      },
      "properties": {
        "opis": "Градиште (Ново Село)",
        "vrijeme0": "0501-01-01",
        "vrsta": "0",
        "podvrsta": "0",
        "razred": "1",
        "izvor": "https://tvrdjave.rs/",
        "stanje": "0",
        "dodao": 1,
        "tp": "1",
        "tv": "0"
      }
    },
    {
      "type": "Feature",
      "geometry": {
        "type": "Point",
        "coordinates": [
          20.210520000294004,
          44.39085500007823
        ]
      },
      "properties": {
        "opis": "Остењак (Јабучје)",
        "vrijeme0": "0501-01-01",
        "vrsta": "0",
        "podvrsta": "0",
        "razred": "1",
        "izvor": "https://tvrdjave.rs/",
        "stanje": "0",
        "dodao": 1,
        "tp": "1",
        "tv": "0"
      }
    },
    {
      "type": "Feature",
      "geometry": {
        "type": "Point",
        "coordinates": [
          21.330224000121625,
          44.8128090002054
        ]
      },
      "properties": {
        "opis": "Рам",
        "vrijeme0": "1001-01-01",
        "vrsta": "0",
        "podvrsta": "0",
        "razred": "2",
        "izvor": "https://tvrdjave.rs/ram/",
        "stanje": "0",
        "dodao": 1,
        "tp": "1",
        "tv": "0"
      }
    },
    {
      "type": "Feature",
      "geometry": {
        "type": "Point",
        "coordinates": [
          19.23869099955864,
          43.50436300009905
        ]
      },
      "properties": {
        "opis": "Жидовска градина (Кукуровићи)",
        "vrijeme0": "1001-01-01",
        "vrsta": "0",
        "podvrsta": "0",
        "razred": "2",
        "izvor": "https://tvrdjave.rs/",
        "stanje": "0",
        "dodao": 1,
        "tp": "1",
        "tv": "0"
      }
    },
    {
      "type": "Feature",
      "geometry": {
        "type": "Point",
        "coordinates": [
          21.365318000032676,
          43.4381499999557
        ]
      },
      "properties": {
        "opis": "Градац (Буци)",
        "vrijeme0": "0501-01-01",
        "vrsta": "0",
        "podvrsta": "0",
        "razred": "1",
        "izvor": "https://tvrdjave.rs/",
        "stanje": "0",
        "dodao": 1,
        "tp": "1",
        "tv": "0"
      }
    },
    {
      "type": "Feature",
      "geometry": {
        "type": "Point",
        "coordinates": [
          21.71456300037318,
          43.55271600004429
        ]
      },
      "properties": {
        "opis": "Градиште (Вакуп)",
        "vrijeme0": "0501-01-01",
        "vrsta": "0",
        "podvrsta": "0",
        "razred": "1",
        "izvor": "https://tvrdjave.rs/",
        "stanje": "0",
        "dodao": 1,
        "tp": "1",
        "tv": "0"
      }
    },
    {
      "type": "Feature",
      "geometry": {
        "type": "Point",
        "coordinates": [
          22.526521796230877,
          44.164543437120045
        ]
      },
      "properties": {
        "opis": "Мокрањске стене / Petres",
        "vrijeme0": "0501-01-01",
        "vrsta": "0",
        "podvrsta": "0",
        "razred": "1",
        "izvor": "https://tvrdjave.rs/",
        "stanje": "0",
        "dodao": 1,
        "tp": "1",
        "tv": "0"
      }
    },
    {
      "type": "Feature",
      "geometry": {
        "type": "Point",
        "coordinates": [
          22.303125999836322,
          44.638627999803965
        ]
      },
      "properties": {
        "opis": "Хајдучка воденица",
        "vrijeme0": "0501-01-01",
        "vrsta": "0",
        "podvrsta": "0",
        "razred": "1",
        "izvor": "https://tvrdjave.rs/",
        "stanje": "0",
        "dodao": 1,
        "tp": "1",
        "tv": "0"
      }
    },
    {
      "type": "Feature",
      "geometry": {
        "type": "Point",
        "coordinates": [
          19.946709000165246,
          43.70877200025738
        ]
      },
      "properties": {
        "opis": "Градина (Крушчица)",
        "vrijeme0": "0501-01-01",
        "vrsta": "0",
        "podvrsta": "0",
        "razred": "1",
        "izvor": "https://tvrdjave.rs/",
        "stanje": "0",
        "dodao": 1,
        "tp": "1",
        "tv": "0"
      }
    },
    {
      "type": "Feature",
      "geometry": {
        "type": "Point",
        "coordinates": [
          20.550569999896478,
          44.074545000010595
        ]
      },
      "properties": {
        "opis": "Градина (Горња Црнућа)",
        "vrijeme0": "0501-01-01",
        "vrsta": "0",
        "podvrsta": "0",
        "razred": "1",
        "izvor": "https://tvrdjave.rs/",
        "stanje": "0",
        "dodao": 1,
        "tp": "1",
        "tv": "0"
      }
    },
    {
      "type": "Feature",
      "geometry": {
        "type": "Point",
        "coordinates": [
          20.60320599974023,
          43.96465800019347
        ]
      },
      "properties": {
        "opis": "Борач",
        "vrijeme0": "1001-01-01",
        "vrsta": "0",
        "podvrsta": "0",
        "razred": "2",
        "izvor": "https://tvrdjave.rs/borac/",
        "stanje": "0",
        "dodao": 1,
        "tp": "1",
        "tv": "0"
      }
    },
    {
      "type": "Feature",
      "geometry": {
        "type": "Point",
        "coordinates": [
          21.25880199986503,
          42.21466100016255
        ]
      },
      "properties": {
        "opis": "Врањак (Ланиште)",
        "vrijeme0": "0501-01-01",
        "vrsta": "0",
        "podvrsta": "0",
        "razred": "1",
        "izvor": "https://tvrdjave.rs/",
        "stanje": "0",
        "dodao": 1,
        "tp": "1",
        "tv": "0"
      }
    },
    {
      "type": "Feature",
      "geometry": {
        "type": "Point",
        "coordinates": [
          20.125579999826734,
          43.00690700017873
        ]
      },
      "properties": {
        "opis": "Ђурђевица (Ђерекаре)",
        "vrijeme0": "0501-01-01",
        "vrsta": "0",
        "podvrsta": "0",
        "razred": "1",
        "izvor": "https://tvrdjave.rs/",
        "stanje": "0",
        "dodao": 1,
        "tp": "1",
        "tv": "0"
      }
    },
    {
      "type": "Feature",
      "geometry": {
        "type": "Point",
        "coordinates": [
          21.870731999854915,
          43.43076400000572
        ]
      },
      "properties": {
        "opis": "Градиште (Церје)",
        "vrijeme0": "0501-01-01",
        "vrsta": "0",
        "podvrsta": "0",
        "razred": "1",
        "izvor": "https://tvrdjave.rs/",
        "stanje": "0",
        "dodao": 1,
        "tp": "1",
        "tv": "0"
      }
    },
    {
      "type": "Feature",
      "geometry": {
        "type": "Point",
        "coordinates": [
          19.871864000061244,
          44.235390999720465
        ]
      },
      "properties": {
        "opis": "Кула осматрачница (Ћелијско брдо)",
        "vrijeme0": "0501-01-01",
        "vrsta": "0",
        "podvrsta": "0",
        "razred": "1",
        "izvor": "https://tvrdjave.rs/",
        "stanje": "0",
        "dodao": 1,
        "tp": "1",
        "tv": "0"
      }
    },
    {
      "type": "Feature",
      "geometry": {
        "type": "Point",
        "coordinates": [
          20.33826700038055,
          42.99535699998668
        ]
      },
      "properties": {
        "opis": "Градац (Тутин)",
        "vrijeme0": "0001-01-01",
        "vrsta": "0",
        "podvrsta": "0",
        "razred": "0",
        "izvor": "https://tvrdjave.rs/",
        "stanje": "0",
        "dodao": 1,
        "tp": "1",
        "tv": "0"
      }
    },
    {
      "type": "Feature",
      "geometry": {
        "type": "Point",
        "coordinates": [
          19.857862999976753,
          44.221330000244265
        ]
      },
      "properties": {
        "opis": "Јеринин град (Бранговић)",
        "vrijeme0": "0501-01-01",
        "vrsta": "0",
        "podvrsta": "0",
        "razred": "1",
        "izvor": "https://tvrdjave.rs/",
        "stanje": "0",
        "dodao": 1,
        "tp": "1",
        "tv": "0"
      }
    },
    {
      "type": "Feature",
      "geometry": {
        "type": "Point",
        "coordinates": [
          22.544289000212018,
          44.65375699993903
        ]
      },
      "properties": {
        "opis": "Дијана / Diana (Караташ)",
        "vrijeme0": "0501-01-01",
        "vrsta": "0",
        "podvrsta": "0",
        "razred": "1",
        "izvor": "https://tvrdjave.rs/",
        "stanje": "0",
        "dodao": 1,
        "tp": "1",
        "tv": "0"
      }
    },
    {
      "type": "Feature",
      "geometry": {
        "type": "Point",
        "coordinates": [
          20.97757799967503,
          42.70981300019124
        ]
      },
      "properties": {
        "opis": "Градина (Стровце)",
        "vrijeme0": "0501-01-01",
        "vrsta": "0",
        "podvrsta": "0",
        "razred": "1",
        "izvor": "https://tvrdjave.rs/",
        "stanje": "0",
        "dodao": 1,
        "tp": "1",
        "tv": "0"
      }
    },
    {
      "type": "Feature",
      "geometry": {
        "type": "Point",
        "coordinates": [
          21.948817000406514,
          43.31004999970353
        ]
      },
      "properties": {
        "opis": "Медиjана / Mediana",
        "vrijeme0": "0501-01-01",
        "vrsta": "0",
        "podvrsta": "0",
        "razred": "1",
        "izvor": "https://tvrdjave.rs/",
        "stanje": "0",
        "dodao": 1,
        "tp": "1",
        "tv": "0"
      }
    },
    {
      "type": "Feature",
      "geometry": {
        "type": "Point",
        "coordinates": [
          19.217678999922857,
          45.006757999800186
        ]
      },
      "properties": {
        "opis": "Моровић",
        "vrijeme0": "1001-01-01",
        "vrsta": "0",
        "podvrsta": "0",
        "razred": "2",
        "izvor": "https://tvrdjave.rs/",
        "stanje": "0",
        "dodao": 1,
        "tp": "1",
        "tv": "0"
      }
    },
    {
      "type": "Feature",
      "geometry": {
        "type": "Point",
        "coordinates": [
          21.844945999761446,
          43.22145899991238
        ]
      },
      "properties": {
        "opis": "Копријан",
        "vrijeme0": "1001-01-01",
        "vrsta": "0",
        "podvrsta": "0",
        "razred": "2",
        "izvor": "https://tvrdjave.rs/koprijan/",
        "stanje": "0",
        "dodao": 1,
        "tp": "1",
        "tv": "0"
      }
    },
    {
      "type": "Feature",
      "geometry": {
        "type": "Point",
        "coordinates": [
          21.561483999754643,
          42.593280000137234
        ]
      },
      "properties": {
        "opis": "Дардана / Dardana",
        "vrijeme0": "0501-01-01",
        "vrsta": "0",
        "podvrsta": "0",
        "razred": "1",
        "izvor": "https://tvrdjave.rs/",
        "stanje": "0",
        "dodao": 1,
        "tp": "1",
        "tv": "0"
      }
    },
    {
      "type": "Feature",
      "geometry": {
        "type": "Point",
        "coordinates": [
          19.562508999830836,
          43.84093400028074
        ]
      },
      "properties": {
        "opis": "Римски логор (Кремна)",
        "vrijeme0": "0501-01-01",
        "vrsta": "0",
        "podvrsta": "0",
        "razred": "1",
        "izvor": "https://tvrdjave.rs/",
        "stanje": "0",
        "dodao": 1,
        "tp": "1",
        "tv": "0"
      }
    },
    {
      "type": "Feature",
      "geometry": {
        "type": "Point",
        "coordinates": [
          20.39598899995322,
          43.23794999984801
        ]
      },
      "properties": {
        "opis": "Градина (Шароње)",
        "vrijeme0": "0501-01-01",
        "vrsta": "0",
        "podvrsta": "0",
        "razred": "1",
        "izvor": "https://tvrdjave.rs/",
        "stanje": "0",
        "dodao": 1,
        "tp": "1",
        "tv": "0"
      }
    },
    {
      "type": "Feature",
      "geometry": {
        "type": "Point",
        "coordinates": [
          20.799522000148297,
          42.25126600010038
        ]
      },
      "properties": {
        "opis": "Градиште (Кориша)",
        "vrijeme0": "0501-01-01",
        "vrsta": "0",
        "podvrsta": "0",
        "razred": "1",
        "izvor": "https://tvrdjave.rs/",
        "stanje": "0",
        "dodao": 1,
        "tp": "1",
        "tv": "0"
      }
    },
    {
      "type": "Feature",
      "geometry": {
        "type": "Point",
        "coordinates": [
          20.9994220000623,
          43.79724300018514
        ]
      },
      "properties": {
        "opis": "Град (Жупањевац)",
        "vrijeme0": "0501-01-01",
        "vrsta": "0",
        "podvrsta": "0",
        "razred": "1",
        "izvor": "https://tvrdjave.rs/",
        "stanje": "0",
        "dodao": 1,
        "tp": "1",
        "tv": "0"
      }
    },
    {
      "type": "Feature",
      "geometry": {
        "type": "Point",
        "coordinates": [
          19.92870600010012,
          43.97584699988403
        ]
      },
      "properties": {
        "opis": "Злоступ",
        "vrijeme0": "1001-01-01",
        "vrsta": "0",
        "podvrsta": "0",
        "razred": "2",
        "izvor": "https://tvrdjave.rs/",
        "stanje": "0",
        "dodao": 1,
        "tp": "1",
        "tv": "0"
      }
    },
    {
      "type": "Feature",
      "geometry": {
        "type": "Point",
        "coordinates": [
          20.693006999805554,
          43.24276400014435
        ]
      },
      "properties": {
        "opis": "Градина (Доња Рудница)",
        "vrijeme0": "0501-01-01",
        "vrsta": "0",
        "podvrsta": "0",
        "razred": "1",
        "izvor": "https://tvrdjave.rs/",
        "stanje": "0",
        "dodao": 1,
        "tp": "1",
        "tv": "0"
      }
    },
    {
      "type": "Feature",
      "geometry": {
        "type": "Point",
        "coordinates": [
          19.87315200002402,
          43.72552199982071
        ]
      },
      "properties": {
        "opis": "Градина (Равни)",
        "vrijeme0": "1001-01-01",
        "vrsta": "0",
        "podvrsta": "0",
        "razred": "2",
        "izvor": "https://tvrdjave.rs/",
        "stanje": "0",
        "dodao": 1,
        "tp": "1",
        "tv": "0"
      }
    },
    {
      "type": "Feature",
      "geometry": {
        "type": "Point",
        "coordinates": [
          20.528297000062118,
          44.098003000285715
        ]
      },
      "properties": {
        "opis": "Градине (Ђуревци)",
        "vrijeme0": "1001-01-01",
        "vrsta": "0",
        "podvrsta": "0",
        "razred": "2",
        "izvor": "https://tvrdjave.rs/",
        "stanje": "0",
        "dodao": 1,
        "tp": "1",
        "tv": "0"
      }
    },
    {
      "type": "Feature",
      "geometry": {
        "type": "Point",
        "coordinates": [
          19.221814999797825,
          45.392999000103806
        ]
      },
      "properties": {
        "opis": "Бач",
        "vrijeme0": "1001-01-01",
        "vrsta": "0",
        "podvrsta": "0",
        "razred": "2",
        "izvor": "https://tvrdjave.rs/bac/",
        "stanje": "0",
        "dodao": 1,
        "tp": "1",
        "tv": "0"
      }
    },
    {
      "type": "Feature",
      "geometry": {
        "type": "Point",
        "coordinates": [
          20.527911000272756,
          42.96713200023754
        ]
      },
      "properties": {
        "opis": "Брњаци",
        "vrijeme0": "1001-01-01",
        "vrsta": "0",
        "podvrsta": "0",
        "razred": "2",
        "izvor": "https://tvrdjave.rs/",
        "stanje": "0",
        "dodao": 1,
        "tp": "1",
        "tv": "0"
      }
    },
    {
      "type": "Feature",
      "geometry": {
        "type": "Point",
        "coordinates": [
          20.614041999720154,
          44.1247179997319
        ]
      },
      "properties": {
        "opis": "Сребрница",
        "vrijeme0": "1001-01-01",
        "vrsta": "0",
        "podvrsta": "0",
        "razred": "2",
        "izvor": "https://tvrdjave.rs/",
        "stanje": "0",
        "dodao": 1,
        "tp": "1",
        "tv": "0"
      }
    },
    {
      "type": "Feature",
      "geometry": {
        "type": "Point",
        "coordinates": [
          19.39181299983487,
          44.45724899985387
        ]
      },
      "properties": {
        "opis": "Велика градина (Дворска)",
        "vrijeme0": "0501-01-01",
        "vrsta": "0",
        "podvrsta": "0",
        "razred": "1",
        "izvor": "https://tvrdjave.rs/",
        "stanje": "0",
        "dodao": 1,
        "tp": "1",
        "tv": "0"
      }
    },
    {
      "type": "Feature",
      "geometry": {
        "type": "Point",
        "coordinates": [
          22.25529700006227,
          43.23638700027374
        ]
      },
      "properties": {
        "opis": "Стража (Вргудинац)",
        "vrijeme0": "0501-01-01",
        "vrsta": "0",
        "podvrsta": "0",
        "razred": "1",
        "izvor": "https://tvrdjave.rs/",
        "stanje": "0",
        "dodao": 1,
        "tp": "1",
        "tv": "0"
      }
    },
    {
      "type": "Feature",
      "geometry": {
        "type": "Point",
        "coordinates": [
          22.000385000395514,
          42.54096299989243
        ]
      },
      "properties": {
        "opis": "Кале (Врањска Бања)",
        "vrijeme0": "0501-01-01",
        "vrsta": "0",
        "podvrsta": "0",
        "razred": "1",
        "izvor": "https://tvrdjave.rs/",
        "stanje": "0",
        "dodao": 1,
        "tp": "1",
        "tv": "0"
      }
    },
    {
      "type": "Feature",
      "geometry": {
        "type": "Point",
        "coordinates": [
          21.52317049984902,
          44.76786166713026
        ]
      },
      "properties": {
        "opis": "Пинкум / Pincum (Велико Градиште)",
        "vrijeme0": "0501-01-01",
        "vrsta": "0",
        "podvrsta": "0",
        "razred": "1",
        "izvor": "https://tvrdjave.rs/",
        "stanje": "0",
        "dodao": 1,
        "tp": "1",
        "tv": "0"
      }
    },
    {
      "type": "Feature",
      "geometry": {
        "type": "Point",
        "coordinates": [
          20.102834999989252,
          43.23507300024985
        ]
      },
      "properties": {
        "opis": "Градина (Градац)",
        "vrijeme0": "1001-01-01",
        "vrsta": "0",
        "podvrsta": "0",
        "razred": "2",
        "izvor": "https://tvrdjave.rs/",
        "stanje": "0",
        "dodao": 1,
        "tp": "1",
        "tv": "0"
      }
    },
    {
      "type": "Feature",
      "geometry": {
        "type": "Point",
        "coordinates": [
          21.536292999687902,
          44.27430500030554
        ]
      },
      "properties": {
        "opis": "Јеринина кула",
        "vrijeme0": "1001-01-01",
        "vrsta": "0",
        "podvrsta": "0",
        "razred": "2",
        "izvor": "https://tvrdjave.rs/zdrelo/",
        "stanje": "0",
        "dodao": 1,
        "tp": "1",
        "tv": "0"
      }
    },
    {
      "type": "Feature",
      "geometry": {
        "type": "Point",
        "coordinates": [
          21.812667999975442,
          44.19186700011533
        ]
      },
      "properties": {
        "opis": "Подкрш (Жагубица)",
        "vrijeme0": "0501-01-01",
        "vrsta": "0",
        "podvrsta": "0",
        "razred": "1",
        "izvor": "https://tvrdjave.rs/",
        "stanje": "0",
        "dodao": 1,
        "tp": "1",
        "tv": "0"
      }
    },
    {
      "type": "Feature",
      "geometry": {
        "type": "Point",
        "coordinates": [
          21.007232999679736,
          42.225403000132566
        ]
      },
      "properties": {
        "opis": "Градиште-Чајлије (Брезовица)",
        "vrijeme0": "1001-01-01",
        "vrsta": "0",
        "podvrsta": "0",
        "razred": "2",
        "izvor": "https://tvrdjave.rs/",
        "stanje": "0",
        "dodao": 1,
        "tp": "1",
        "tv": "0"
      }
    },
    {
      "type": "Feature",
      "geometry": {
        "type": "Point",
        "coordinates": [
          21.045191000294817,
          43.52372099975186
        ]
      },
      "properties": {
        "opis": "Градац (Риђевштица)",
        "vrijeme0": "0501-01-01",
        "vrsta": "0",
        "podvrsta": "0",
        "razred": "1",
        "izvor": "https://tvrdjave.rs/",
        "stanje": "0",
        "dodao": 1,
        "tp": "1",
        "tv": "0"
      }
    },
    {
      "type": "Feature",
      "geometry": {
        "type": "Point",
        "coordinates": [
          20.622196000367556,
          43.071081999990255
        ]
      },
      "properties": {
        "opis": "Шанац",
        "vrijeme0": "1001-01-01",
        "vrsta": "0",
        "podvrsta": "0",
        "razred": "2",
        "izvor": "https://tvrdjave.rs/",
        "stanje": "0",
        "dodao": 1,
        "tp": "1",
        "tv": "0"
      }
    },
    {
      "type": "Feature",
      "geometry": {
        "type": "Point",
        "coordinates": [
          21.827345000277546,
          42.5494129997487
        ]
      },
      "properties": {
        "opis": "Градиште (Дубница)",
        "vrijeme0": "0501-01-01",
        "vrsta": "0",
        "podvrsta": "0",
        "razred": "1",
        "izvor": "https://tvrdjave.rs/",
        "stanje": "0",
        "dodao": 1,
        "tp": "1",
        "tv": "0"
      }
    },
    {
      "type": "Feature",
      "geometry": {
        "type": "Point",
        "coordinates": [
          21.02924811924717,
          44.714621825160364
        ]
      },
      "properties": {
        "opis": "Кулич",
        "vrijeme0": "1001-01-01",
        "vrsta": "0",
        "podvrsta": "0",
        "razred": "2",
        "izvor": "https://tvrdjave.rs/",
        "stanje": "0",
        "dodao": 1,
        "tp": "1",
        "tv": "0"
      }
    },
    {
      "type": "Feature",
      "geometry": {
        "type": "Point",
        "coordinates": [
          20.84535599977983,
          43.408384000123505
        ]
      },
      "properties": {
        "opis": "Градиште (Рокци)",
        "vrijeme0": "1001-01-01",
        "vrsta": "0",
        "podvrsta": "0",
        "razred": "2",
        "izvor": "https://tvrdjave.rs/",
        "stanje": "0",
        "dodao": 1,
        "tp": "1",
        "tv": "0"
      }
    },
    {
      "type": "Feature",
      "geometry": {
        "type": "Point",
        "coordinates": [
          20.97335099956346,
          43.63769800006535
        ]
      },
      "properties": {
        "opis": "Грабовац",
        "vrijeme0": "1001-01-01",
        "vrsta": "0",
        "podvrsta": "0",
        "razred": "2",
        "izvor": "https://tvrdjave.rs/grabovac/",
        "stanje": "0",
        "dodao": 1,
        "tp": "1",
        "tv": "0"
      }
    },
    {
      "type": "Feature",
      "geometry": {
        "type": "Point",
        "coordinates": [
          21.01298299993071,
          43.488331000319995
        ]
      },
      "properties": {
        "opis": "Градиште (Пуховац)",
        "vrijeme0": "0501-01-01",
        "vrsta": "0",
        "podvrsta": "0",
        "razred": "1",
        "izvor": "https://tvrdjave.rs/",
        "stanje": "0",
        "dodao": 1,
        "tp": "1",
        "tv": "0"
      }
    },
    {
      "type": "Feature",
      "geometry": {
        "type": "Point",
        "coordinates": [
          21.295666999612674,
          43.13506500011472
        ]
      },
      "properties": {
        "opis": "Марина кула",
        "vrijeme0": "1001-01-01",
        "vrsta": "0",
        "podvrsta": "0",
        "razred": "2",
        "izvor": "https://tvrdjave.rs/",
        "stanje": "0",
        "dodao": 1,
        "tp": "1",
        "tv": "0"
      }
    },
    {
      "type": "Feature",
      "geometry": {
        "type": "Point",
        "coordinates": [
          19.335679999625544,
          44.632505000267955
        ]
      },
      "properties": {
        "opis": "Видин град",
        "vrijeme0": "0501-01-01",
        "vrsta": "0",
        "podvrsta": "0",
        "razred": "1",
        "izvor": "https://tvrdjave.rs/",
        "stanje": "0",
        "dodao": 1,
        "tp": "1",
        "tv": "0"
      }
    },
    {
      "type": "Feature",
      "geometry": {
        "type": "Point",
        "coordinates": [
          21.95916812213543,
          44.63074848696287
        ]
      },
      "properties": {
        "opis": "Салдум",
        "vrijeme0": "0501-01-01",
        "vrsta": "0",
        "podvrsta": "0",
        "razred": "1",
        "izvor": "https://tvrdjave.rs/",
        "stanje": "0",
        "dodao": 1,
        "tp": "1",
        "tv": "0"
      }
    },
    {
      "type": "Feature",
      "geometry": {
        "type": "Point",
        "coordinates": [
          22.326965000366148,
          43.142158000069564
        ]
      },
      "properties": {
        "opis": "Кула (Горња Коритница)",
        "vrijeme0": "0501-01-01",
        "vrsta": "0",
        "podvrsta": "0",
        "razred": "1",
        "izvor": "https://tvrdjave.rs/",
        "stanje": "0",
        "dodao": 1,
        "tp": "1",
        "tv": "0"
      }
    },
    {
      "type": "Feature",
      "geometry": {
        "type": "Point",
        "coordinates": [
          20.23128000003469,
          43.28685900022661
        ]
      },
      "properties": {
        "opis": "Шарски крш",
        "vrijeme0": "0501-01-01",
        "vrsta": "0",
        "podvrsta": "0",
        "razred": "1",
        "izvor": "https://tvrdjave.rs/",
        "stanje": "0",
        "dodao": 1,
        "tp": "1",
        "tv": "0"
      }
    },
    {
      "type": "Feature",
      "geometry": {
        "type": "Point",
        "coordinates": [
          21.89306199959067,
          43.634968999832246
        ]
      },
      "properties": {
        "opis": "Сокоград",
        "vrijeme0": "1001-01-01",
        "vrsta": "0",
        "podvrsta": "0",
        "razred": "2",
        "izvor": "https://tvrdjave.rs/sokograd/",
        "stanje": "0",
        "dodao": 1,
        "tp": "1",
        "tv": "0"
      }
    },
    {
      "type": "Feature",
      "geometry": {
        "type": "Point",
        "coordinates": [
          19.39155599991693,
          43.51027699973026
        ]
      },
      "properties": {
        "opis": "Равански град",
        "vrijeme0": "1001-01-01",
        "vrsta": "0",
        "podvrsta": "0",
        "razred": "2",
        "izvor": "https://tvrdjave.rs/",
        "stanje": "0",
        "dodao": 1,
        "tp": "1",
        "tv": "0"
      }
    },
    {
      "type": "Feature",
      "geometry": {
        "type": "Point",
        "coordinates": [
          21.850690999989535,
          43.62607299991542
        ]
      },
      "properties": {
        "opis": "Татумиров град",
        "vrijeme0": "0501-01-01",
        "vrsta": "0",
        "podvrsta": "0",
        "razred": "1",
        "izvor": "https://tvrdjave.rs/",
        "stanje": "0",
        "dodao": 1,
        "tp": "1",
        "tv": "0"
      }
    },
    {
      "type": "Feature",
      "geometry": {
        "type": "Point",
        "coordinates": [
          20.859776000163954,
          42.553965000052536
        ]
      },
      "properties": {
        "opis": "Градина (Лапушник)",
        "vrijeme0": "0501-01-01",
        "vrsta": "0",
        "podvrsta": "0",
        "razred": "1",
        "izvor": "https://tvrdjave.rs/",
        "stanje": "0",
        "dodao": 1,
        "tp": "1",
        "tv": "0"
      }
    },
    {
      "type": "Feature",
      "geometry": {
        "type": "Point",
        "coordinates": [
          22.69638100026835,
          44.60064300010148
        ]
      },
      "properties": {
        "opis": "Конопиште (Мала Врбица)",
        "vrijeme0": "0501-01-01",
        "vrsta": "0",
        "podvrsta": "0",
        "razred": "1",
        "izvor": "https://tvrdjave.rs/",
        "stanje": "0",
        "dodao": 1,
        "tp": "1",
        "tv": "0"
      }
    },
    {
      "type": "Feature",
      "geometry": {
        "type": "Point",
        "coordinates": [
          20.4097439999904,
          44.84833500013026
        ]
      },
      "properties": {
        "opis": "Земунска тврђава",
        "vrijeme0": "1001-01-01",
        "vrsta": "0",
        "podvrsta": "0",
        "razred": "2",
        "izvor": "https://tvrdjave.rs/zemunska-tvrdjava/",
        "stanje": "0",
        "dodao": 1,
        "tp": "1",
        "tv": "0"
      }
    },
    {
      "type": "Feature",
      "geometry": {
        "type": "Point",
        "coordinates": [
          20.317926000041204,
          43.01788999988816
        ]
      },
      "properties": {
        "opis": "Злоступ (Островица)",
        "vrijeme0": "0501-01-01",
        "vrsta": "0",
        "podvrsta": "0",
        "razred": "1",
        "izvor": "https://tvrdjave.rs/",
        "stanje": "0",
        "dodao": 1,
        "tp": "1",
        "tv": "0"
      }
    },
    {
      "type": "Feature",
      "geometry": {
        "type": "Point",
        "coordinates": [
          20.638590000079528,
          43.27283099976226
        ]
      },
      "properties": {
        "opis": "Градина (Кончулић)",
        "vrijeme0": "0501-01-01",
        "vrsta": "0",
        "podvrsta": "0",
        "razred": "1",
        "izvor": "https://tvrdjave.rs/",
        "stanje": "0",
        "dodao": 1,
        "tp": "1",
        "tv": "0"
      }
    },
    {
      "type": "Feature",
      "geometry": {
        "type": "Point",
        "coordinates": [
          21.529597999605823,
          43.92077199992247
        ]
      },
      "properties": {
        "opis": "Петрус",
        "vrijeme0": "1001-01-01",
        "vrsta": "0",
        "podvrsta": "0",
        "razred": "2",
        "izvor": "https://tvrdjave.rs/petrus/",
        "stanje": "0",
        "dodao": 1,
        "tp": "1",
        "tv": "0"
      }
    },
    {
      "type": "Feature",
      "geometry": {
        "type": "Point",
        "coordinates": [
          20.371269999889602,
          43.128018999951365
        ]
      },
      "properties": {
        "opis": "Јужац",
        "vrijeme0": "0501-01-01",
        "vrsta": "0",
        "podvrsta": "0",
        "razred": "1",
        "izvor": "https://tvrdjave.rs/juzac/",
        "stanje": "0",
        "dodao": 1,
        "tp": "1",
        "tv": "0"
      }
    },
    {
      "type": "Feature",
      "geometry": {
        "type": "Point",
        "coordinates": [
          20.848489000097356,
          43.73218899976838
        ]
      },
      "properties": {
        "opis": "Градиште (Чукојевац)",
        "vrijeme0": "0501-01-01",
        "vrsta": "0",
        "podvrsta": "0",
        "razred": "1",
        "izvor": "https://tvrdjave.rs/",
        "stanje": "0",
        "dodao": 1,
        "tp": "1",
        "tv": "0"
      }
    },
    {
      "type": "Feature",
      "geometry": {
        "type": "Point",
        "coordinates": [
          20.542374000314577,
          43.25998700020034
        ]
      },
      "properties": {
        "opis": "Велика градина (Носољин)",
        "vrijeme0": "0501-01-01",
        "vrsta": "0",
        "podvrsta": "0",
        "razred": "1",
        "izvor": "https://tvrdjave.rs/",
        "stanje": "0",
        "dodao": 1,
        "tp": "1",
        "tv": "0"
      }
    },
    {
      "type": "Feature",
      "geometry": {
        "type": "Point",
        "coordinates": [
          21.895349999636178,
          43.32334000017462
        ]
      },
      "properties": {
        "opis": "Нишка тврђава",
        "vrijeme0": "1001-01-01",
        "vrsta": "0",
        "podvrsta": "0",
        "razred": "2",
        "izvor": "https://tvrdjave.rs/",
        "stanje": "0",
        "dodao": 1,
        "tp": "1",
        "tv": "0"
      }
    },
    {
      "type": "Feature",
      "geometry": {
        "type": "Point",
        "coordinates": [
          21.231766000341903,
          43.85006499988171
        ]
      },
      "properties": {
        "opis": "Јеринин град (Драгошевац)",
        "vrijeme0": "0501-01-01",
        "vrsta": "0",
        "podvrsta": "0",
        "razred": "1",
        "izvor": "https://tvrdjave.rs/",
        "stanje": "0",
        "dodao": 1,
        "tp": "1",
        "tv": "0"
      }
    },
    {
      "type": "Feature",
      "geometry": {
        "type": "Point",
        "coordinates": [
          21.03268099966439,
          44.15255899970481
        ]
      },
      "properties": {
        "opis": "Јеринино брдо (Градац)",
        "vrijeme0": "1001-01-01",
        "vrsta": "0",
        "podvrsta": "0",
        "razred": "2",
        "izvor": "https://tvrdjave.rs/",
        "stanje": "0",
        "dodao": 1,
        "tp": "1",
        "tv": "0"
      }
    },
    {
      "type": "Feature",
      "geometry": {
        "type": "Point",
        "coordinates": [
          20.907496999983,
          44.23984999976533
        ]
      },
      "properties": {
        "opis": "Градиште (Вишевац)",
        "vrijeme0": "0001-01-01",
        "vrsta": "0",
        "podvrsta": "0",
        "razred": "0",
        "izvor": "https://tvrdjave.rs/",
        "stanje": "0",
        "dodao": 1,
        "tp": "1",
        "tv": "0"
      }
    },
    {
      "type": "Feature",
      "geometry": {
        "type": "Point",
        "coordinates": [
          19.210280999858973,
          44.464782999818176
        ]
      },
      "properties": {
        "opis": "Кулиште (Зајача)",
        "vrijeme0": "0501-01-01",
        "vrsta": "0",
        "podvrsta": "0",
        "razred": "1",
        "izvor": "https://tvrdjave.rs/",
        "stanje": "0",
        "dodao": 1,
        "tp": "1",
        "tv": "0"
      }
    },
    {
      "type": "Feature",
      "geometry": {
        "type": "Point",
        "coordinates": [
          19.68685599963616,
          43.62967699991161
        ]
      },
      "properties": {
        "opis": "Градина (Доброселица)",
        "vrijeme0": "1001-01-01",
        "vrsta": "0",
        "podvrsta": "0",
        "razred": "2",
        "izvor": "https://tvrdjave.rs/",
        "stanje": "0",
        "dodao": 1,
        "tp": "1",
        "tv": "0"
      }
    },
    {
      "type": "Feature",
      "geometry": {
        "type": "Point",
        "coordinates": [
          21.756492000108423,
          43.26545600022364
        ]
      },
      "properties": {
        "opis": "Кулина (Балајнац)",
        "vrijeme0": "0501-01-01",
        "vrsta": "0",
        "podvrsta": "0",
        "razred": "1",
        "izvor": "https://tvrdjave.rs/",
        "stanje": "0",
        "dodao": 1,
        "tp": "1",
        "tv": "0"
      }
    },
    {
      "type": "Feature",
      "geometry": {
        "type": "Point",
        "coordinates": [
          20.116888999777164,
          43.81467999977044
        ]
      },
      "properties": {
        "opis": "Градина (Прилипац)",
        "vrijeme0": "0501-01-01",
        "vrsta": "0",
        "podvrsta": "0",
        "razred": "1",
        "izvor": "https://tvrdjave.rs/",
        "stanje": "0",
        "dodao": 1,
        "tp": "1",
        "tv": "0"
      }
    },
    {
      "type": "Feature",
      "geometry": {
        "type": "Point",
        "coordinates": [
          20.43113700029096,
          45.724277999889786
        ]
      },
      "properties": {
        "opis": "Галад град",
        "vrijeme0": "0001-01-01",
        "vrsta": "0",
        "podvrsta": "0",
        "razred": "0",
        "izvor": "https://tvrdjave.rs/",
        "stanje": "0",
        "dodao": 1,
        "tp": "1",
        "tv": "0"
      }
    },
    {
      "type": "Feature",
      "geometry": {
        "type": "Point",
        "coordinates": [
          22.418374999886332,
          43.204488000052876
        ]
      },
      "properties": {
        "opis": "Горње Градиште (Теловац)",
        "vrijeme0": "0501-01-01",
        "vrsta": "0",
        "podvrsta": "0",
        "razred": "1",
        "izvor": "https://tvrdjave.rs/",
        "stanje": "0",
        "dodao": 1,
        "tp": "1",
        "tv": "0"
      }
    },
    {
      "type": "Feature",
      "geometry": {
        "type": "Point",
        "coordinates": [
          20.940769999828785,
          43.45513299979152
        ]
      },
      "properties": {
        "opis": "Козник",
        "vrijeme0": "1001-01-01",
        "vrsta": "0",
        "podvrsta": "0",
        "razred": "2",
        "izvor": "https://tvrdjave.rs/koznik/",
        "stanje": "0",
        "dodao": 1,
        "tp": "1",
        "tv": "0"
      }
    },
    {
      "type": "Feature",
      "geometry": {
        "type": "Point",
        "coordinates": [
          20.519746999579564,
          43.93444100008085
        ]
      },
      "properties": {
        "opis": "Соколица",
        "vrijeme0": "1001-01-01",
        "vrsta": "0",
        "podvrsta": "0",
        "razred": "2",
        "izvor": "https://tvrdjave.rs/",
        "stanje": "0",
        "dodao": 1,
        "tp": "1",
        "tv": "0"
      }
    },
    {
      "type": "Feature",
      "geometry": {
        "type": "Point",
        "coordinates": [
          19.45633599979486,
          44.36620100031499
        ]
      },
      "properties": {
        "opis": "Јеринин град (Толисавац)",
        "vrijeme0": "1001-01-01",
        "vrsta": "0",
        "podvrsta": "0",
        "razred": "2",
        "izvor": "https://tvrdjave.rs/",
        "stanje": "0",
        "dodao": 1,
        "tp": "1",
        "tv": "0"
      }
    },
    {
      "type": "Feature",
      "geometry": {
        "type": "Point",
        "coordinates": [
          19.784510000050048,
          43.15028399991517
        ]
      },
      "properties": {
        "opis": "Вакуфска градина",
        "vrijeme0": "0501-01-01",
        "vrsta": "0",
        "podvrsta": "0",
        "razred": "1",
        "izvor": "https://tvrdjave.rs/",
        "stanje": "0",
        "dodao": 1,
        "tp": "1",
        "tv": "0"
      }
    },
    {
      "type": "Feature",
      "geometry": {
        "type": "Point",
        "coordinates": [
          20.111375000426047,
          43.14549299972687
        ]
      },
      "properties": {
        "opis": "Градина (Тузиње)",
        "vrijeme0": "0501-01-01",
        "vrsta": "0",
        "podvrsta": "0",
        "razred": "1",
        "izvor": "https://tvrdjave.rs/",
        "stanje": "0",
        "dodao": 1,
        "tp": "1",
        "tv": "0"
      }
    },
    {
      "type": "Feature",
      "geometry": {
        "type": "Point",
        "coordinates": [
          20.99800600005297,
          42.57831900014464
        ]
      },
      "properties": {
        "opis": "Градина (Ариљача)",
        "vrijeme0": "0501-01-01",
        "vrsta": "0",
        "podvrsta": "0",
        "razred": "1",
        "izvor": "https://tvrdjave.rs/",
        "stanje": "0",
        "dodao": 1,
        "tp": "1",
        "tv": "0"
      }
    },
    {
      "type": "Feature",
      "geometry": {
        "type": "Point",
        "coordinates": [
          20.774502999610743,
          43.05904300024473
        ]
      },
      "properties": {
        "opis": "Градац (Гркаје)",
        "vrijeme0": "1001-01-01",
        "vrsta": "0",
        "podvrsta": "0",
        "razred": "2",
        "izvor": "https://tvrdjave.rs/",
        "stanje": "0",
        "dodao": 1,
        "tp": "1",
        "tv": "0"
      }
    },
    {
      "type": "Feature",
      "geometry": {
        "type": "Point",
        "coordinates": [
          21.523418000082856,
          44.271754999831096
        ]
      },
      "properties": {
        "opis": "Кула мотриља на Јежевцу",
        "vrijeme0": "1001-01-01",
        "vrsta": "0",
        "podvrsta": "0",
        "razred": "2",
        "izvor": "https://tvrdjave.rs/zdrelo/",
        "stanje": "0",
        "dodao": 1,
        "tp": "1",
        "tv": "0"
      }
    },
    {
      "type": "Feature",
      "geometry": {
        "type": "Point",
        "coordinates": [
          21.627873999810635,
          43.42686899979378
        ]
      },
      "properties": {
        "opis": "Градиште (Кулина)",
        "vrijeme0": "0501-01-01",
        "vrsta": "0",
        "podvrsta": "0",
        "razred": "1",
        "izvor": "https://tvrdjave.rs/",
        "stanje": "0",
        "dodao": 1,
        "tp": "1",
        "tv": "0"
      }
    },
    {
      "type": "Feature",
      "geometry": {
        "type": "Point",
        "coordinates": [
          21.222260234617888,
          44.7346279107847
        ]
      },
      "properties": {
        "opis": "Виминацијум / Viminacium",
        "vrijeme0": "0501-01-01",
        "vrsta": "0",
        "podvrsta": "0",
        "razred": "1",
        "izvor": "https://tvrdjave.rs/viminacijum/",
        "stanje": "0",
        "dodao": 1,
        "tp": "1",
        "tv": "0"
      }
    },
    {
      "type": "Feature",
      "geometry": {
        "type": "Point",
        "coordinates": [
          20.999379000404602,
          43.12363399979473
        ]
      },
      "properties": {
        "opis": "Врхлаб",
        "vrijeme0": "1001-01-01",
        "vrsta": "0",
        "podvrsta": "0",
        "razred": "2",
        "izvor": "https://tvrdjave.rs/",
        "stanje": "0",
        "dodao": 1,
        "tp": "1",
        "tv": "0"
      }
    },
    {
      "type": "Feature",
      "geometry": {
        "type": "Point",
        "coordinates": [
          19.32310600031937,
          44.32136099971189
        ]
      },
      "properties": {
        "opis": "Градине (Рујевац)",
        "vrijeme0": "0501-01-01",
        "vrsta": "0",
        "podvrsta": "0",
        "razred": "1",
        "izvor": "https://tvrdjave.rs/",
        "stanje": "0",
        "dodao": 1,
        "tp": "1",
        "tv": "0"
      }
    },
    {
      "type": "Feature",
      "geometry": {
        "type": "Point",
        "coordinates": [
          22.18662106788256,
          44.46978698618265
        ]
      },
      "properties": {
        "opis": "Градац",
        "vrijeme0": "0501-01-01",
        "vrsta": "0",
        "podvrsta": "0",
        "razred": "1",
        "izvor": "https://tvrdjave.rs/",
        "stanje": "0",
        "dodao": 1,
        "tp": "1",
        "tv": "0"
      }
    },
    {
      "type": "Feature",
      "geometry": {
        "type": "Point",
        "coordinates": [
          21.048603000271566,
          42.832737000119906
        ]
      },
      "properties": {
        "opis": "Градина (Самодрежа)",
        "vrijeme0": "1001-01-01",
        "vrsta": "0",
        "podvrsta": "0",
        "razred": "2",
        "izvor": "https://tvrdjave.rs/",
        "stanje": "0",
        "dodao": 1,
        "tp": "1",
        "tv": "0"
      }
    },
    {
      "type": "Feature",
      "geometry": {
        "type": "Point",
        "coordinates": [
          20.664166999935635,
          43.28453200019622
        ]
      },
      "properties": {
        "opis": "Градина (Казновиће)",
        "vrijeme0": "0501-01-01",
        "vrsta": "0",
        "podvrsta": "0",
        "razred": "1",
        "izvor": "https://tvrdjave.rs/",
        "stanje": "0",
        "dodao": 1,
        "tp": "1",
        "tv": "0"
      }
    },
    {
      "type": "Feature",
      "geometry": {
        "type": "Point",
        "coordinates": [
          22.094579000253745,
          43.4740730000217
        ]
      },
      "properties": {
        "opis": "Сврљишка тврђава",
        "vrijeme0": "1001-01-01",
        "vrsta": "0",
        "podvrsta": "0",
        "razred": "2",
        "izvor": "https://tvrdjave.rs/",
        "stanje": "0",
        "dodao": 1,
        "tp": "1",
        "tv": "0"
      }
    },
    {
      "type": "Feature",
      "geometry": {
        "type": "Point",
        "coordinates": [
          21.029462999856406,
          43.75448100001963
        ]
      },
      "properties": {
        "opis": "Град (Превешт)",
        "vrijeme0": "0501-01-01",
        "vrsta": "0",
        "podvrsta": "0",
        "razred": "1",
        "izvor": "https://tvrdjave.rs/",
        "stanje": "0",
        "dodao": 1,
        "tp": "1",
        "tv": "0"
      }
    },
    {
      "type": "Feature",
      "geometry": {
        "type": "Point",
        "coordinates": [
          21.404398000030895,
          43.67031600012581
        ]
      },
      "properties": {
        "opis": "Сталаћ",
        "vrijeme0": "1001-01-01",
        "vrsta": "0",
        "podvrsta": "0",
        "razred": "2",
        "izvor": "https://tvrdjave.rs/stalac/",
        "stanje": "0",
        "dodao": 1,
        "tp": "1",
        "tv": "0"
      }
    },
    {
      "type": "Feature",
      "geometry": {
        "type": "Point",
        "coordinates": [
          21.755613509744315,
          43.65755805087919
        ]
      },
      "properties": {
        "opis": "Градиште (Трубаревац)",
        "vrijeme0": "0501-01-01",
        "vrsta": "0",
        "podvrsta": "0",
        "razred": "1",
        "izvor": "https://tvrdjave.rs/",
        "stanje": "0",
        "dodao": 1,
        "tp": "1",
        "tv": "0"
      }
    },
    {
      "type": "Feature",
      "geometry": {
        "type": "Point",
        "coordinates": [
          22.64745180232478,
          44.548880514116156
        ]
      },
      "properties": {
        "opis": "Караула (Вајуга)",
        "vrijeme0": "0501-01-01",
        "vrsta": "0",
        "podvrsta": "0",
        "razred": "1",
        "izvor": "https://tvrdjave.rs/",
        "stanje": "0",
        "dodao": 1,
        "tp": "1",
        "tv": "0"
      }
    },
    {
      "type": "Feature",
      "geometry": {
        "type": "Point",
        "coordinates": [
          19.97737199975027,
          44.139502999756736
        ]
      },
      "properties": {
        "opis": "Бела стена",
        "vrijeme0": "1001-01-01",
        "vrsta": "0",
        "podvrsta": "0",
        "razred": "2",
        "izvor": "https://tvrdjave.rs/",
        "stanje": "0",
        "dodao": 1,
        "tp": "1",
        "tv": "0"
      }
    },
    {
      "type": "Feature",
      "geometry": {
        "type": "Point",
        "coordinates": [
          20.04679800003941,
          44.23173200003795
        ]
      },
      "properties": {
        "opis": "Велимирови двори",
        "vrijeme0": "1001-01-01",
        "vrsta": "0",
        "podvrsta": "0",
        "razred": "2",
        "izvor": "https://tvrdjave.rs/",
        "stanje": "0",
        "dodao": 1,
        "tp": "1",
        "tv": "0"
      }
    },
    {
      "type": "Feature",
      "geometry": {
        "type": "Point",
        "coordinates": [
          20.599274000079784,
          44.27311799990094
        ]
      },
      "properties": {
        "opis": "Дворине",
        "vrijeme0": "1001-01-01",
        "vrsta": "0",
        "podvrsta": "0",
        "razred": "2",
        "izvor": "https://tvrdjave.rs/",
        "stanje": "0",
        "dodao": 1,
        "tp": "1",
        "tv": "0"
      }
    },
    {
      "type": "Feature",
      "geometry": {
        "type": "Point",
        "coordinates": [
          20.309193000158874,
          45.20738000005389
        ]
      },
      "properties": {
        "opis": "Тител (Стари град)",
        "vrijeme0": "1001-01-01",
        "vrsta": "0",
        "podvrsta": "0",
        "razred": "2",
        "izvor": "https://tvrdjave.rs/",
        "stanje": "0",
        "dodao": 1,
        "tp": "1",
        "tv": "0"
      }
    },
    {
      "type": "Feature",
      "geometry": {
        "type": "Point",
        "coordinates": [
          19.610080999686947,
          44.96659700029221
        ]
      },
      "properties": {
        "opis": "Сирмијум / Sirmium",
        "vrijeme0": "0501-01-01",
        "vrsta": "0",
        "podvrsta": "0",
        "razred": "1",
        "izvor": "https://tvrdjave.rs/",
        "stanje": "0",
        "dodao": 1,
        "tp": "1",
        "tv": "0"
      }
    },
    {
      "type": "Feature",
      "geometry": {
        "type": "Point",
        "coordinates": [
          22.665439000125737,
          42.91479200006322
        ]
      },
      "properties": {
        "opis": "Градиште (Искровци)",
        "vrijeme0": "0501-01-01",
        "vrsta": "0",
        "podvrsta": "0",
        "razred": "1",
        "izvor": "https://tvrdjave.rs/",
        "stanje": "0",
        "dodao": 1,
        "tp": "1",
        "tv": "0"
      }
    },
    {
      "type": "Feature",
      "geometry": {
        "type": "Point",
        "coordinates": [
          22.002654000174413,
          43.107734999687295
        ]
      },
      "properties": {
        "opis": "Градиште (Горња Локошница)",
        "vrijeme0": "0501-01-01",
        "vrsta": "0",
        "podvrsta": "0",
        "razred": "1",
        "izvor": "https://tvrdjave.rs/",
        "stanje": "0",
        "dodao": 1,
        "tp": "1",
        "tv": "0"
      }
    },
    {
      "type": "Feature",
      "geometry": {
        "type": "Point",
        "coordinates": [
          19.16664168777282,
          44.51215285730845
        ]
      },
      "properties": {
        "opis": "Ковиљкин град",
        "vrijeme0": "0501-01-01",
        "vrsta": "0",
        "podvrsta": "0",
        "razred": "1",
        "izvor": "https://tvrdjave.rs/",
        "stanje": "0",
        "dodao": 1,
        "tp": "1",
        "tv": "0"
      }
    },
    {
      "type": "Feature",
      "geometry": {
        "type": "Point",
        "coordinates": [
          19.97559099986796,
          44.973087000218236
        ]
      },
      "properties": {
        "opis": "Басијана / Basiana",
        "vrijeme0": "0501-01-01",
        "vrsta": "0",
        "podvrsta": "0",
        "razred": "1",
        "izvor": "https://tvrdjave.rs/",
        "stanje": "0",
        "dodao": 1,
        "tp": "1",
        "tv": "0"
      }
    },
    {
      "type": "Feature",
      "geometry": {
        "type": "Point",
        "coordinates": [
          21.80290499987318,
          43.08677900003996
        ]
      },
      "properties": {
        "opis": "Кале (Горње Бријање)",
        "vrijeme0": "0501-01-01",
        "vrsta": "0",
        "podvrsta": "0",
        "razred": "1",
        "izvor": "https://tvrdjave.rs/",
        "stanje": "0",
        "dodao": 1,
        "tp": "1",
        "tv": "0"
      }
    },
    {
      "type": "Feature",
      "geometry": {
        "type": "Point",
        "coordinates": [
          21.708640521791036,
          44.655292249045864
        ]
      },
      "properties": {
        "opis": "Ливадица",
        "vrijeme0": "0501-01-01",
        "vrsta": "0",
        "podvrsta": "0",
        "razred": "1",
        "izvor": "https://tvrdjave.rs/",
        "stanje": "0",
        "dodao": 1,
        "tp": "1",
        "tv": "0"
      }
    },
    {
      "type": "Feature",
      "geometry": {
        "type": "Point",
        "coordinates": [
          22.135305000415006,
          42.9256660000836
        ]
      },
      "properties": {
        "opis": "Градац (Градиште)",
        "vrijeme0": "0501-01-01",
        "vrsta": "0",
        "podvrsta": "0",
        "razred": "1",
        "izvor": "https://tvrdjave.rs/",
        "stanje": "0",
        "dodao": 1,
        "tp": "1",
        "tv": "0"
      }
    },
    {
      "type": "Feature",
      "geometry": {
        "type": "Point",
        "coordinates": [
          21.411966999798995,
          43.6566639999408
        ]
      },
      "properties": {
        "opis": "Укоса  (Град Сталаћ)",
        "vrijeme0": "0501-01-01",
        "vrsta": "0",
        "podvrsta": "0",
        "razred": "1",
        "izvor": "https://tvrdjave.rs/",
        "stanje": "0",
        "dodao": 1,
        "tp": "1",
        "tv": "0"
      }
    },
    {
      "type": "Feature",
      "geometry": {
        "type": "Point",
        "coordinates": [
          20.460388999889574,
          44.16895000026989
        ]
      },
      "properties": {
        "opis": "Острвица",
        "vrijeme0": "1001-01-01",
        "vrsta": "0",
        "podvrsta": "0",
        "razred": "2",
        "izvor": "https://tvrdjave.rs/",
        "stanje": "0",
        "dodao": 1,
        "tp": "1",
        "tv": "0"
      }
    },
    {
      "type": "Feature",
      "geometry": {
        "type": "Point",
        "coordinates": [
          21.20284100008316,
          44.10740199983046
        ]
      },
      "properties": {
        "opis": "Јеринин град (Војска)",
        "vrijeme0": "0501-01-01",
        "vrsta": "0",
        "podvrsta": "0",
        "razred": "1",
        "izvor": "https://tvrdjave.rs/",
        "stanje": "0",
        "dodao": 1,
        "tp": "1",
        "tv": "0"
      }
    },
    {
      "type": "Feature",
      "geometry": {
        "type": "Point",
        "coordinates": [
          22.22997700012414,
          44.02442199983613
        ]
      },
      "properties": {
        "opis": "Рготски камен",
        "vrijeme0": "0501-01-01",
        "vrsta": "0",
        "podvrsta": "0",
        "razred": "1",
        "izvor": "https://tvrdjave.rs/rgotski-kamen/",
        "stanje": "0",
        "dodao": 1,
        "tp": "1",
        "tv": "0"
      }
    },
    {
      "type": "Feature",
      "geometry": {
        "type": "Point",
        "coordinates": [
          21.838175659773093,
          44.64929165403746
        ]
      },
      "properties": {
        "opis": "Чезава / Novae",
        "vrijeme0": "0501-01-01",
        "vrsta": "0",
        "podvrsta": "0",
        "razred": "1",
        "izvor": "https://tvrdjave.rs/",
        "stanje": "0",
        "dodao": 1,
        "tp": "1",
        "tv": "0"
      }
    },
    {
      "type": "Feature",
      "geometry": {
        "type": "Point",
        "coordinates": [
          22.170281000325293,
          42.93053599984511
        ]
      },
      "properties": {
        "opis": "Велики Морич (Самарница)",
        "vrijeme0": "0501-01-01",
        "vrsta": "0",
        "podvrsta": "0",
        "razred": "1",
        "izvor": "https://tvrdjave.rs/",
        "stanje": "0",
        "dodao": 1,
        "tp": "1",
        "tv": "0"
      }
    },
    {
      "type": "Feature",
      "geometry": {
        "type": "Point",
        "coordinates": [
          21.49466500025153,
          43.62153799985866
        ]
      },
      "properties": {
        "opis": "Јеринин град (Трубарево)",
        "vrijeme0": "1001-01-01",
        "vrsta": "0",
        "podvrsta": "0",
        "razred": "2",
        "izvor": "https://tvrdjave.rs/",
        "stanje": "0",
        "dodao": 1,
        "tp": "1",
        "tv": "0"
      }
    },
    {
      "type": "Feature",
      "geometry": {
        "type": "Point",
        "coordinates": [
          21.026362000224246,
          43.80867599993772
        ]
      },
      "properties": {
        "opis": "Жупањевац",
        "vrijeme0": "1001-01-01",
        "vrsta": "0",
        "podvrsta": "0",
        "razred": "2",
        "izvor": "https://tvrdjave.rs/zupanjevac/",
        "stanje": "0",
        "dodao": 1,
        "tp": "1",
        "tv": "0"
      }
    },
    {
      "type": "Feature",
      "geometry": {
        "type": "Point",
        "coordinates": [
          22.30447800027154,
          43.215372999844995
        ]
      },
      "properties": {
        "opis": "Мало Курило",
        "vrijeme0": "0501-01-01",
        "vrsta": "0",
        "podvrsta": "0",
        "razred": "1",
        "izvor": "https://tvrdjave.rs/",
        "stanje": "0",
        "dodao": 1,
        "tp": "1",
        "tv": "0"
      }
    },
    {
      "type": "Feature",
      "geometry": {
        "type": "Point",
        "coordinates": [
          21.53174400025941,
          43.621785999716046
        ]
      },
      "properties": {
        "opis": "Градиште (Прасковче)",
        "vrijeme0": "0501-01-01",
        "vrsta": "0",
        "podvrsta": "0",
        "razred": "1",
        "izvor": "https://tvrdjave.rs/",
        "stanje": "0",
        "dodao": 1,
        "tp": "1",
        "tv": "0"
      }
    },
    {
      "type": "Feature",
      "geometry": {
        "type": "Point",
        "coordinates": [
          21.67040299959552,
          42.95273200004117
        ]
      },
      "properties": {
        "opis": "Царичин град / Justiniana Prima",
        "vrijeme0": "0501-01-01",
        "vrsta": "0",
        "podvrsta": "0",
        "razred": "1",
        "izvor": "https://tvrdjave.rs/",
        "stanje": "0",
        "dodao": 1,
        "tp": "1",
        "tv": "0"
      }
    },
    {
      "type": "Feature",
      "geometry": {
        "type": "Point",
        "coordinates": [
          20.31711099990642,
          43.193662999933
        ]
      },
      "properties": {
        "opis": "Кула (Рогатац)",
        "vrijeme0": "0501-01-01",
        "vrsta": "0",
        "podvrsta": "0",
        "razred": "1",
        "izvor": "https://tvrdjave.rs/",
        "stanje": "0",
        "dodao": 1,
        "tp": "1",
        "tv": "0"
      }
    },
    {
      "type": "Feature",
      "geometry": {
        "type": "Point",
        "coordinates": [
          20.802418999565965,
          43.40178899969559
        ]
      },
      "properties": {
        "opis": "Град (Раковац)",
        "vrijeme0": "1001-01-01",
        "vrsta": "0",
        "podvrsta": "0",
        "razred": "2",
        "izvor": "https://tvrdjave.rs/",
        "stanje": "0",
        "dodao": 1,
        "tp": "1",
        "tv": "0"
      }
    },
    {
      "type": "Feature",
      "geometry": {
        "type": "Point",
        "coordinates": [
          20.131545000162852,
          43.3874909998327
        ]
      },
      "properties": {
        "opis": "Градина (Ерчеге)",
        "vrijeme0": "1001-01-01",
        "vrsta": "0",
        "podvrsta": "0",
        "razred": "2",
        "izvor": "https://tvrdjave.rs/",
        "stanje": "0",
        "dodao": 1,
        "tp": "1",
        "tv": "0"
      }
    },
    {
      "type": "Feature",
      "geometry": {
        "type": "Point",
        "coordinates": [
          19.11492299988651,
          44.371999000287005
        ]
      },
      "properties": {
        "opis": "Орловине",
        "vrijeme0": "1001-01-01",
        "vrsta": "0",
        "podvrsta": "0",
        "razred": "2",
        "izvor": "https://tvrdjave.rs/",
        "stanje": "0",
        "dodao": 1,
        "tp": "1",
        "tv": "0"
      }
    },
    {
      "type": "Feature",
      "geometry": {
        "type": "Point",
        "coordinates": [
          20.239735000082696,
          43.06224099968207
        ]
      },
      "properties": {
        "opis": "Градови (Шароње)",
        "vrijeme0": "0501-01-01",
        "vrsta": "0",
        "podvrsta": "0",
        "razred": "1",
        "izvor": "https://tvrdjave.rs/",
        "stanje": "0",
        "dodao": 1,
        "tp": "1",
        "tv": "0"
      }
    },
    {
      "type": "Feature",
      "geometry": {
        "type": "Point",
        "coordinates": [
          21.578341999972082,
          43.22667799984794
        ]
      },
      "properties": {
        "opis": "Хисар (Прокупље)",
        "vrijeme0": "1001-01-01",
        "vrsta": "0",
        "podvrsta": "0",
        "razred": "2",
        "izvor": "https://tvrdjave.rs/hisar-prokuplje/",
        "stanje": "0",
        "dodao": 1,
        "tp": "1",
        "tv": "0"
      }
    },
    {
      "type": "Feature",
      "geometry": {
        "type": "Point",
        "coordinates": [
          21.746792999580272,
          43.70377799996964
        ]
      },
      "properties": {
        "opis": "Градиште (Рујевица)",
        "vrijeme0": "0501-01-01",
        "vrsta": "0",
        "podvrsta": "0",
        "razred": "1",
        "izvor": "https://tvrdjave.rs/",
        "stanje": "0",
        "dodao": 1,
        "tp": "1",
        "tv": "0"
      }
    },
    {
      "type": "Feature",
      "geometry": {
        "type": "Point",
        "coordinates": [
          21.233138999795205,
          44.02904999974393
        ]
      },
      "properties": {
        "opis": "Градац (Ново Ланиште)",
        "vrijeme0": "0001-01-01",
        "vrsta": "0",
        "podvrsta": "0",
        "razred": "0",
        "izvor": "https://tvrdjave.rs/",
        "stanje": "0",
        "dodao": 1,
        "tp": "1",
        "tv": "0"
      }
    },
    {
      "type": "Feature",
      "geometry": {
        "type": "Point",
        "coordinates": [
          19.385891000054745,
          44.49102600010532
        ]
      },
      "properties": {
        "opis": "Шурички градац (Шурице)",
        "vrijeme0": "0501-01-01",
        "vrsta": "0",
        "podvrsta": "0",
        "razred": "1",
        "izvor": "https://tvrdjave.rs/",
        "stanje": "0",
        "dodao": 1,
        "tp": "1",
        "tv": "0"
      }
    },
    {
      "type": "Feature",
      "geometry": {
        "type": "Point",
        "coordinates": [
          20.22201099967683,
          43.09706600022141
        ]
      },
      "properties": {
        "opis": "Градина (Рамошево)",
        "vrijeme0": "0501-01-01",
        "vrsta": "0",
        "podvrsta": "0",
        "razred": "1",
        "izvor": "https://tvrdjave.rs/",
        "stanje": "0",
        "dodao": 1,
        "tp": "1",
        "tv": "0"
      }
    },
    {
      "type": "Feature",
      "geometry": {
        "type": "Point",
        "coordinates": [
          22.087669000086485,
          43.35867500019985
        ]
      },
      "properties": {
        "opis": "Вишеград (Ореовац)",
        "vrijeme0": "0501-01-01",
        "vrsta": "0",
        "podvrsta": "0",
        "razred": "1",
        "izvor": "https://tvrdjave.rs/",
        "stanje": "0",
        "dodao": 1,
        "tp": "1",
        "tv": "0"
      }
    },
    {
      "type": "Feature",
      "geometry": {
        "type": "Point",
        "coordinates": [
          20.402490999691473,
          43.73656099992242
        ]
      },
      "properties": {
        "opis": "Градина (Властељице)",
        "vrijeme0": "1001-01-01",
        "vrsta": "0",
        "podvrsta": "0",
        "razred": "2",
        "izvor": "https://tvrdjave.rs/",
        "stanje": "0",
        "dodao": 1,
        "tp": "1",
        "tv": "0"
      }
    },
    {
      "type": "Feature",
      "geometry": {
        "type": "Point",
        "coordinates": [
          21.2824060002182,
          43.81780799971562
        ]
      },
      "properties": {
        "opis": "Момчилов град  (Поточац)",
        "vrijeme0": "1001-01-01",
        "vrsta": "0",
        "podvrsta": "0",
        "razred": "2",
        "izvor": "https://tvrdjave.rs/",
        "stanje": "0",
        "dodao": 1,
        "tp": "1",
        "tv": "0"
      }
    }
  ]
}