{"type":"FeatureCollection","features":[{"type":"Feature","geometry":{"type":"Point","coordinates":[20.21714000003305,43.011770999817024]},"properties":{"OBJECTID":249,"Naziv":"Градина (Хум)","PeriodNastanka":"rr","RegionSrbije":"z","StatusPosecenosti":"usk","OpisLokaliteta":null,"LinkKaSajtu":null}},{"type":"Feature","geometry":{"type":"Point","coordinates":[22.15157000025552,43.1504089998427]},"properties":{"OBJECTID":327,"Naziv":"Кале (Калетинац)","PeriodNastanka":"rr","RegionSrbije":"j","StatusPosecenosti":"usk","OpisLokaliteta":null,"LinkKaSajtu":null}},{"type":"Feature","geometry":{"type":"Point","coordinates":[21.28523800023682,43.91446500031078]},"properties":{"OBJECTID":274,"Naziv":"Градиште (Јовац)","PeriodNastanka":"rr","RegionSrbije":"c","StatusPosecenosti":"usk","OpisLokaliteta":null,"LinkKaSajtu":null}},{"type":"Feature","geometry":{"type":"Point","coordinates":[22.010292795446862,44.599354188014914]},"properties":{"OBJECTID":6999,"Naziv":"Песача","PeriodNastanka":"rr","RegionSrbije":"i","StatusPosecenosti":"usk","OpisLokaliteta":null,"LinkKaSajtu":null}},{"type":"Feature","geometry":{"type":"Point","coordinates":[19.636146000338005,43.45582400027587]},"properties":{"OBJECTID":93,"Naziv":"Ковин на Лиму","PeriodNastanka":"sv","RegionSrbije":"z","StatusPosecenosti":"po","OpisLokaliteta":"Због свог стратешког положаја на улазу у клисуру коју Лим просеца на свом току од Пријепоља према Бистрици, претпоставља се да је град саграђен како би контролисао и обезбеђивао овај правац, као и пут који је Пријепоље повезивао са манастиром Ораховица у Мажићима. Као и већини остатака наших средњовековних градова, његова градња се у народу приписује деспотици Јерини, жени деспота Ђурђа Бранковића, па је још познат и као Јеринин град.","LinkKaSajtu":"https://tvrdjave.rs/kovin-na-limu/"}},{"type":"Feature","geometry":{"type":"Point","coordinates":[21.019163000352005,43.70902099973551]},"properties":{"OBJECTID":199,"Naziv":"Град (Доњи Дубич)","PeriodNastanka":"rr","RegionSrbije":"c","StatusPosecenosti":"usk","OpisLokaliteta":null,"LinkKaSajtu":null}},{"type":"Feature","geometry":{"type":"Point","coordinates":[20.883035999662255,43.91829899998598]},"properties":{"OBJECTID":225,"Naziv":"Градина (Грошница)","PeriodNastanka":"rr","RegionSrbije":"c","StatusPosecenosti":"usk","OpisLokaliteta":null,"LinkKaSajtu":null}},{"type":"Feature","geometry":{"type":"Point","coordinates":[22.182856000354736,42.67476899991718]},"properties":{"OBJECTID":136,"Naziv":"Романов град","PeriodNastanka":"sv","RegionSrbije":"j","StatusPosecenosti":"usk","OpisLokaliteta":null,"LinkKaSajtu":null}},{"type":"Feature","geometry":{"type":"Point","coordinates":[19.271649999585055,45.15186999999756]},"properties":{"OBJECTID":8,"Naziv":"Беркасово (Деспотовац)","PeriodNastanka":"sv","RegionSrbije":"v","StatusPosecenosti":"usk","OpisLokaliteta":null,"LinkKaSajtu":null}},{"type":"Feature","geometry":{"type":"Point","coordinates":[21.23691599964497,42.5834539997349]},"properties":{"OBJECTID":175,"Naziv":"Велетин","PeriodNastanka":"rr","RegionSrbije":"k","StatusPosecenosti":"usk","OpisLokaliteta":null,"LinkKaSajtu":null}},{"type":"Feature","geometry":{"type":"Point","coordinates":[20.55241000022832,43.61373499975498]},"properties":{"OBJECTID":110,"Naziv":"Маглич","PeriodNastanka":"sv","RegionSrbije":"c","StatusPosecenosti":"po","OpisLokaliteta":"Саграђен је у 13. веку, а његова првобитна улога је била да брани северне границе државе, околне манастире и једини каравански пут који је повезивао Моравску долину са Рашком и Косовим пољем. Кроз историју је више пута мењао своју функцију, па тако, у 14. веку прераста у седиште српског архиепископа Данила II, када доживљава свој врхунац.","LinkKaSajtu":"https://tvrdjave.rs/maglic/"}},{"type":"Feature","geometry":{"type":"Point","coordinates":[20.568316000043666,44.841385999901654]},"properties":{"OBJECTID":191,"Naziv":"Вишњица / Ad Octavum","PeriodNastanka":"rr","RegionSrbije":"c","StatusPosecenosti":"po","OpisLokaliteta":null,"LinkKaSajtu":null}},{"type":"Feature","geometry":{"type":"Point","coordinates":[22.1832849998018,43.69052899988653]},"properties":{"OBJECTID":94,"Naziv":"Козаљ","PeriodNastanka":"sv","RegionSrbije":"i","StatusPosecenosti":"usk","OpisLokaliteta":null,"LinkKaSajtu":null}},{"type":"Feature","geometry":{"type":"Point","coordinates":[21.917979318024603,43.35445812920221]},"properties":{"OBJECTID":188,"Naziv":"Виник (Каменица)","PeriodNastanka":"rr","RegionSrbije":"j","StatusPosecenosti":"usk","OpisLokaliteta":null,"LinkKaSajtu":null}},{"type":"Feature","geometry":{"type":"Point","coordinates":[22.446442000352594,43.28001699984311]},"properties":{"OBJECTID":333,"Naziv":"Китка (Осмаково)","PeriodNastanka":"rr","RegionSrbije":"j","StatusPosecenosti":"usk","OpisLokaliteta":null,"LinkKaSajtu":null}},{"type":"Feature","geometry":{"type":"Point","coordinates":[21.97222699969265,43.76625899993201]},"properties":{"OBJECTID":268,"Naziv":"Градиште (Добрујевац)","PeriodNastanka":"rr","RegionSrbije":"i","StatusPosecenosti":"usk","OpisLokaliteta":null,"LinkKaSajtu":null}},{"type":"Feature","geometry":{"type":"Point","coordinates":[22.43020856012464,44.07002773922764]},"properties":{"OBJECTID":391,"Naziv":"Табаковачко брдо","PeriodNastanka":"rr","RegionSrbije":"i","StatusPosecenosti":"usk","OpisLokaliteta":null,"LinkKaSajtu":null}},{"type":"Feature","geometry":{"type":"Point","coordinates":[21.450118999684506,42.9861280000289]},"properties":{"OBJECTID":387,"Naziv":"Соколов вис (Горњи Гајтан)","PeriodNastanka":"rr","RegionSrbije":"j","StatusPosecenosti":"usk","OpisLokaliteta":null,"LinkKaSajtu":null}},{"type":"Feature","geometry":{"type":"Point","coordinates":[19.364261999752625,43.585441999900745]},"properties":{"OBJECTID":138,"Naziv":"Северин","PeriodNastanka":"sv","RegionSrbije":"z","StatusPosecenosti":"po","OpisLokaliteta":null,"LinkKaSajtu":null}},{"type":"Feature","geometry":{"type":"Point","coordinates":[19.509400999984,44.25150100021007]},"properties":{"OBJECTID":72,"Naziv":"Ђурим","PeriodNastanka":"sv","RegionSrbije":"z","StatusPosecenosti":"usk","OpisLokaliteta":null,"LinkKaSajtu":null}},{"type":"Feature","geometry":{"type":"Point","coordinates":[19.66733000032993,44.3377240000567]},"properties":{"OBJECTID":318,"Naziv":"Јеринино брдо (Осладић)","PeriodNastanka":"rr","RegionSrbije":"z","StatusPosecenosti":"usk","OpisLokaliteta":null,"LinkKaSajtu":null}},{"type":"Feature","geometry":{"type":"Point","coordinates":[21.38334299983912,43.67153499994805]},"properties":{"OBJECTID":168,"Naziv":"Бедем (Маскаре)","PeriodNastanka":"rr","RegionSrbije":"j","StatusPosecenosti":"usk","OpisLokaliteta":null,"LinkKaSajtu":null}},{"type":"Feature","geometry":{"type":"Point","coordinates":[19.604107000028307,43.89768899978638]},"properties":{"OBJECTID":145,"Naziv":"Солотник","PeriodNastanka":"sv","RegionSrbije":"z","StatusPosecenosti":"po","OpisLokaliteta":"На источним обронцима планине Таре, у фантастичном природном окружењу националног парка, налазе се зидине мало познатог утврђења под именом Солотник. Претпоставља се да је подигнуто у средњем веку са циљем да осигурава оближњи каравански пут што је некада водио од Подриња ка Ужицу, као и да контролише долину у којој је смештено данашње село Солотуша. Локално становништво, међутим, верује да су ту некада били рудници соли и злата, а да је у њему столовао онај чија су била слана окна.","LinkKaSajtu":"https://tvrdjave.rs/solotnik/"}},{"type":"Feature","geometry":{"type":"Point","coordinates":[19.77540700027186,45.14406099994057]},"properties":{"OBJECTID":19,"Naziv":"Врдничка кула","PeriodNastanka":"sv","RegionSrbije":"v","StatusPosecenosti":"po","OpisLokaliteta":"Ради се о фортификацијском објекту који доминира читавим подручјем Војводине и са чијег се врха пружа фантастичан поглед на околне шуме и сремску равницу. Кула је била централна тачка утврђења, осматрачница и последња линија одбране, али ипак само део добро утврђеног комплекса који цео завређује пажњу. Данас је Врдничка кула са обимним зидовима и непосредном околином проглашена за споменик културе од великог значаја и под заштитом је државе као једно од ретких сачуваних одбрамбених утврђења.","LinkKaSajtu":"https://tvrdjave.rs/vrdnicka-kula/"}},{"type":"Feature","geometry":{"type":"Point","coordinates":[21.56627999995365,43.07134099989132]},"properties":{"OBJECTID":409,"Naziv":"Кале (Бреговина)","PeriodNastanka":"rr","RegionSrbije":"j","StatusPosecenosti":"usk","OpisLokaliteta":null,"LinkKaSajtu":null}},{"type":"Feature","geometry":{"type":"Point","coordinates":[20.68856499960887,43.66341699977527]},"properties":{"OBJECTID":378,"Naziv":"Рајановац (Рибница)","PeriodNastanka":"rr","RegionSrbije":"c","StatusPosecenosti":"usk","OpisLokaliteta":null,"LinkKaSajtu":null}},{"type":"Feature","geometry":{"type":"Point","coordinates":[20.667536000254685,43.509717000160954]},"properties":{"OBJECTID":65,"Naziv":"Градиште (Рудњак)","PeriodNastanka":"sv","RegionSrbije":"z","StatusPosecenosti":"usk","OpisLokaliteta":null,"LinkKaSajtu":null}},{"type":"Feature","geometry":{"type":"Point","coordinates":[21.4891290002608,43.735072999804366]},"properties":{"OBJECTID":218,"Naziv":"Градац (Плочник)","PeriodNastanka":"rr","RegionSrbije":"j","StatusPosecenosti":"usk","OpisLokaliteta":null,"LinkKaSajtu":null}},{"type":"Feature","geometry":{"type":"Point","coordinates":[22.24390199195579,43.95238683279987]},"properties":{"OBJECTID":5780,"Naziv":"Коилова чука","PeriodNastanka":"nv","RegionSrbije":"i","StatusPosecenosti":"usk","OpisLokaliteta":null,"LinkKaSajtu":null}},{"type":"Feature","geometry":{"type":"Point","coordinates":[20.78407300026747,42.41300199974821]},"properties":{"OBJECTID":157,"Naziv":"Хисар (Кострце)","PeriodNastanka":"sv","RegionSrbije":"k","StatusPosecenosti":"usk","OpisLokaliteta":null,"LinkKaSajtu":null}},{"type":"Feature","geometry":{"type":"Point","coordinates":[20.592628000401476,43.07813599995892]},"properties":{"OBJECTID":340,"Naziv":"Крш (Златни камен)","PeriodNastanka":"rr","RegionSrbije":"z","StatusPosecenosti":"usk","OpisLokaliteta":null,"LinkKaSajtu":null}},{"type":"Feature","geometry":{"type":"Point","coordinates":[20.27258600015411,45.64404799996477]},"properties":{"OBJECTID":3,"Naziv":"Арача","PeriodNastanka":"sv","RegionSrbije":"v","StatusPosecenosti":"po","OpisLokaliteta":null,"LinkKaSajtu":null}},{"type":"Feature","geometry":{"type":"Point","coordinates":[22.18384300001864,43.13459599996984]},"properties":{"OBJECTID":261,"Naziv":"Градиште (Велики Вртоп)","PeriodNastanka":"rr","RegionSrbije":"j","StatusPosecenosti":"usk","OpisLokaliteta":null,"LinkKaSajtu":null}},{"type":"Feature","geometry":{"type":"Point","coordinates":[20.58649099963791,43.23300999992426]},"properties":{"OBJECTID":315,"Naziv":"Јеринин град (Панојевиће)","PeriodNastanka":"rr","RegionSrbije":"z","StatusPosecenosti":"usk","OpisLokaliteta":null,"LinkKaSajtu":null}},{"type":"Feature","geometry":{"type":"Point","coordinates":[21.996216999835177,43.37320600005377]},"properties":{"OBJECTID":214,"Naziv":"Градац (Кнез Село)","PeriodNastanka":"rr","RegionSrbije":"j","StatusPosecenosti":"po","OpisLokaliteta":null,"LinkKaSajtu":null}},{"type":"Feature","geometry":{"type":"Point","coordinates":[20.515942999965635,44.68909399972897]},"properties":{"OBJECTID":75,"Naziv":"Жрнов","PeriodNastanka":"sv","RegionSrbije":"c","StatusPosecenosti":"po","OpisLokaliteta":null,"LinkKaSajtu":null}},{"type":"Feature","geometry":{"type":"Point","coordinates":[21.553716999619805,42.427385000074935]},"properties":{"OBJECTID":62,"Naziv":"Градиште (Подграђе)","PeriodNastanka":"sv","RegionSrbije":"k","StatusPosecenosti":"usk","OpisLokaliteta":null,"LinkKaSajtu":null}},{"type":"Feature","geometry":{"type":"Point","coordinates":[21.504772000310393,43.34172199971685]},"properties":{"OBJECTID":184,"Naziv":"Велико кале (Баботинац)","PeriodNastanka":"rr","RegionSrbije":"j","StatusPosecenosti":"usk","OpisLokaliteta":null,"LinkKaSajtu":null}},{"type":"Feature","geometry":{"type":"Point","coordinates":[22.310699999627303,43.405452999942106]},"properties":{"OBJECTID":105,"Naziv":"Кулиште (Манојлица)","PeriodNastanka":"sv","RegionSrbije":"i","StatusPosecenosti":"usk","OpisLokaliteta":null,"LinkKaSajtu":null}},{"type":"Feature","geometry":{"type":"Point","coordinates":[21.99985620440857,44.61500766070835]},"properties":{"OBJECTID":5774,"Naziv":"Госпођин вир","PeriodNastanka":"rr","RegionSrbije":"i","StatusPosecenosti":"usk","OpisLokaliteta":null,"LinkKaSajtu":null}},{"type":"Feature","geometry":{"type":"Point","coordinates":[20.896081999869846,42.77713300032749]},"properties":{"OBJECTID":401,"Naziv":"Чечан","PeriodNastanka":"rr","RegionSrbije":"k","StatusPosecenosti":"usk","OpisLokaliteta":null,"LinkKaSajtu":null}},{"type":"Feature","geometry":{"type":"Point","coordinates":[19.601905000196528,44.260492000114525]},"properties":{"OBJECTID":362,"Naziv":"Марјановића стена (Драгодол)","PeriodNastanka":"rr","RegionSrbije":"z","StatusPosecenosti":"usk","OpisLokaliteta":null,"LinkKaSajtu":null}},{"type":"Feature","geometry":{"type":"Point","coordinates":[19.65617200013475,43.5031800000646]},"properties":{"OBJECTID":126,"Naziv":"Оштрик","PeriodNastanka":"sv","RegionSrbije":"z","StatusPosecenosti":"po","OpisLokaliteta":null,"LinkKaSajtu":null}},{"type":"Feature","geometry":{"type":"Point","coordinates":[21.228719000238137,43.7734800003017]},"properties":{"OBJECTID":285,"Naziv":"Градиште (Пајковац)","PeriodNastanka":"rr","RegionSrbije":"c","StatusPosecenosti":"usk","OpisLokaliteta":null,"LinkKaSajtu":null}},{"type":"Feature","geometry":{"type":"Point","coordinates":[19.5511149996341,44.235298999921]},"properties":{"OBJECTID":205,"Naziv":"Град Камен","PeriodNastanka":"rr","RegionSrbije":"z","StatusPosecenosti":"usk","OpisLokaliteta":null,"LinkKaSajtu":null}},{"type":"Feature","geometry":{"type":"Point","coordinates":[21.07443799987052,42.22699200024497]},"properties":{"OBJECTID":306,"Naziv":"Зидовница (Готовуша)","PeriodNastanka":"rr","RegionSrbije":"k","StatusPosecenosti":"usk","OpisLokaliteta":null,"LinkKaSajtu":null}},{"type":"Feature","geometry":{"type":"Point","coordinates":[20.494695000328328,44.53168199976762]},"properties":{"OBJECTID":292,"Naziv":"Градиште (Стојник)","PeriodNastanka":"rr","RegionSrbije":"c","StatusPosecenosti":"usk","OpisLokaliteta":null,"LinkKaSajtu":null}},{"type":"Feature","geometry":{"type":"Point","coordinates":[22.011924000357208,43.416426999921455]},"properties":{"OBJECTID":30,"Naziv":"Градац (Грбавче)","PeriodNastanka":"sv","RegionSrbije":"i","StatusPosecenosti":"usk","OpisLokaliteta":null,"LinkKaSajtu":null}},{"type":"Feature","geometry":{"type":"Point","coordinates":[19.621409999586376,44.0610080000368]},"properties":{"OBJECTID":46,"Naziv":"Градина (Козјак)","PeriodNastanka":"sv","RegionSrbije":"z","StatusPosecenosti":"usk","OpisLokaliteta":null,"LinkKaSajtu":null}},{"type":"Feature","geometry":{"type":"Point","coordinates":[20.537867999645453,43.36583600016607]},"properties":{"OBJECTID":371,"Naziv":"Петров крш (Манастир Градац)","PeriodNastanka":"rr","RegionSrbije":"z","StatusPosecenosti":"po","OpisLokaliteta":null,"LinkKaSajtu":null}},{"type":"Feature","geometry":{"type":"Point","coordinates":[19.72977199993364,43.855975999802595]},"properties":{"OBJECTID":246,"Naziv":"Градина (Стапари)","PeriodNastanka":"rr","RegionSrbije":"z","StatusPosecenosti":"usk","OpisLokaliteta":null,"LinkKaSajtu":null}},{"type":"Feature","geometry":{"type":"Point","coordinates":[21.531658000045685,42.91331499991534]},"properties":{"OBJECTID":354,"Naziv":"Кулине (Леце)","PeriodNastanka":"rr","RegionSrbije":"j","StatusPosecenosti":"usk","OpisLokaliteta":null,"LinkKaSajtu":null}},{"type":"Feature","geometry":{"type":"Point","coordinates":[22.112603000235254,43.32325799990172]},"properties":{"OBJECTID":415,"Naziv":"Градац (Островица)","PeriodNastanka":"pr","RegionSrbije":"j","StatusPosecenosti":"usk","OpisLokaliteta":null,"LinkKaSajtu":null}},{"type":"Feature","geometry":{"type":"Point","coordinates":[20.51619499986073,43.09584400007115]},"properties":{"OBJECTID":193,"Naziv":"Гај (Бабреж)","PeriodNastanka":"rr","RegionSrbije":"z","StatusPosecenosti":"usk","OpisLokaliteta":null,"LinkKaSajtu":null}},{"type":"Feature","geometry":{"type":"Point","coordinates":[19.48810499976782,44.60649099976626]},"properties":{"OBJECTID":337,"Naziv":"Косанин град","PeriodNastanka":"rr","RegionSrbije":"z","StatusPosecenosti":"po","OpisLokaliteta":"У самом срцу планине Цер, на југозападној падини подно највишег врха Шанчина, налазе се остаци Косаниног града, римског утврђења саграђеног крајем 3. или почетком 4. века н.е., највероватније у време цара Констанција I Хлора. То је заправо била војна кула стражара и осматрачница, која је заједно са оближњим римским утврђењем Тројанов град, имала функцију одбране церских рудокопа и рударских насеља од пљачке и упада варвара, као и пута који је ту пролазио.","LinkKaSajtu":"https://tvrdjave.rs/kosanin-grad/"}},{"type":"Feature","geometry":{"type":"Point","coordinates":[20.824627999826216,42.606515999915146]},"properties":{"OBJECTID":39,"Naziv":"Градина (Вучак)","PeriodNastanka":"sv","RegionSrbije":"k","StatusPosecenosti":"usk","OpisLokaliteta":null,"LinkKaSajtu":null}},{"type":"Feature","geometry":{"type":"Point","coordinates":[22.581476999999847,43.159128000271146]},"properties":{"OBJECTID":119,"Naziv":"Момчилов град (Пирот)","PeriodNastanka":"sv","RegionSrbije":"j","StatusPosecenosti":"usk","OpisLokaliteta":null,"LinkKaSajtu":null}},{"type":"Feature","geometry":{"type":"Point","coordinates":[22.602030999876202,44.616469999802]},"properties":{"OBJECTID":156,"Naziv":"Фетислам","PeriodNastanka":"sv","RegionSrbije":"i","StatusPosecenosti":"po","OpisLokaliteta":null,"LinkKaSajtu":null}},{"type":"Feature","geometry":{"type":"Point","coordinates":[21.065725999904565,42.3535020002264]},"properties":{"OBJECTID":16,"Naziv":"Велики и Мали Петрич","PeriodNastanka":"sv","RegionSrbije":"k","StatusPosecenosti":"usk","OpisLokaliteta":null,"LinkKaSajtu":null}},{"type":"Feature","geometry":{"type":"Point","coordinates":[19.862245999723903,45.25217499971237]},"properties":{"OBJECTID":129,"Naziv":"Петроварадинска тврђава","PeriodNastanka":"sv","RegionSrbije":"v","StatusPosecenosti":"usk","OpisLokaliteta":null,"LinkKaSajtu":null}},{"type":"Feature","geometry":{"type":"Point","coordinates":[20.24084999979312,43.74611100008262]},"properties":{"OBJECTID":49,"Naziv":"Градина (Рти)","PeriodNastanka":"sv","RegionSrbije":"c","StatusPosecenosti":"usk","OpisLokaliteta":null,"LinkKaSajtu":null}},{"type":"Feature","geometry":{"type":"Point","coordinates":[21.83146500025894,43.877540999871485]},"properties":{"OBJECTID":107,"Naziv":"Латински град (ртањски)","PeriodNastanka":"sv","RegionSrbije":"i","StatusPosecenosti":"po","OpisLokaliteta":"Иако нема ближих података о његовом настанку, остаци опека античког формата упућују на хипотезу да је локалитет коришћен још у римском периоду. Град је постојао све до 15. века, када је приликом најезде Турака сравњен са земљом, при чему је изгинуло целокупно његово становништво.","LinkKaSajtu":"https://tvrdjave.rs/latinski-grad-rtanjski/"}},{"type":"Feature","geometry":{"type":"Point","coordinates":[20.537051999685765,43.67432800016026]},"properties":{"OBJECTID":171,"Naziv":"Богут град","PeriodNastanka":"rr","RegionSrbije":"c","StatusPosecenosti":"usk","OpisLokaliteta":null,"LinkKaSajtu":null}},{"type":"Feature","geometry":{"type":"Point","coordinates":[20.216389000370672,43.91101799994902]},"properties":{"OBJECTID":103,"Naziv":"Кулина (Манастир Успење)","PeriodNastanka":"sv","RegionSrbije":"c","StatusPosecenosti":"po","OpisLokaliteta":"На овом истакнутом и стратешки важном положају, са кога се пружа широк поглед на околину, пронађени су остаци утврђеног средњовековног насеља из 10. и 11. века, на чијим је основама, у 14. веку, подигнуто мање утврђење са донжон кулом. Од целокупног комплекса данас су сачувани једино остаци куле мотриље, који се налазе испред самог улаза у манастир Успење, а по којима је и читав овај локалитет добио име.","LinkKaSajtu":"https://tvrdjave.rs/zdrelo/"}},{"type":"Feature","geometry":{"type":"Point","coordinates":[22.033453623632695,44.54333373580932]},"properties":{"OBJECTID":5784,"Naziv":"Градац на Лепени / Smorna (Бољетин)","PeriodNastanka":"rr","RegionSrbije":"i","StatusPosecenosti":"usk","OpisLokaliteta":null,"LinkKaSajtu":null}},{"type":"Feature","geometry":{"type":"Point","coordinates":[21.85069863027955,43.10995626793722]},"properties":{"OBJECTID":7806,"Naziv":"Кале (Међа)","PeriodNastanka":"sv","RegionSrbije":"j","StatusPosecenosti":"usk","OpisLokaliteta":null,"LinkKaSajtu":null}},{"type":"Feature","geometry":{"type":"Point","coordinates":[20.80870600011737,44.07149200021081]},"properties":{"OBJECTID":228,"Naziv":"Градина (Доње Грбице)","PeriodNastanka":"rr","RegionSrbije":"c","StatusPosecenosti":"usk","OpisLokaliteta":null,"LinkKaSajtu":null}},{"type":"Feature","geometry":{"type":"Point","coordinates":[20.253242000422755,45.144779999753034]},"properties":{"OBJECTID":1,"Naziv":"Акуминкум","PeriodNastanka":"sv","RegionSrbije":"v","StatusPosecenosti":"po","OpisLokaliteta":"Наднета над самом обалом моћне реке и тешко оштећена зубом времена, руина некада импозантне тврђаве сада само симболично подсећа на значај који је ово место имало у прошлости. Сам назив Акуминкум је изворно келтска реч која се задржала и у римско доба, што указује на то да је келтски елемент на овом месту био веома заступљен.","LinkKaSajtu":"https://tvrdjave.rs/akuminkum/"}},{"type":"Feature","geometry":{"type":"Point","coordinates":[21.541356999675543,43.600594999929704]},"properties":{"OBJECTID":207,"Naziv":"Градац (Витковац)","PeriodNastanka":"rr","RegionSrbije":"j","StatusPosecenosti":"po","OpisLokaliteta":null,"LinkKaSajtu":null}},{"type":"Feature","geometry":{"type":"Point","coordinates":[19.332836999736266,44.33898999974153]},"properties":{"OBJECTID":202,"Naziv":"Град (Кржава)","PeriodNastanka":"rr","RegionSrbije":"z","StatusPosecenosti":"usk","OpisLokaliteta":null,"LinkKaSajtu":null}},{"type":"Feature","geometry":{"type":"Point","coordinates":[20.576277000347236,43.65259700012799]},"properties":{"OBJECTID":178,"Naziv":"Велика градина (Замчање)","PeriodNastanka":"rr","RegionSrbije":"c","StatusPosecenosti":"usk","OpisLokaliteta":null,"LinkKaSajtu":null}},{"type":"Feature","geometry":{"type":"Point","coordinates":[22.296983770877784,44.261926939811026]},"properties":{"OBJECTID":405,"Naziv":"Шаркамен","PeriodNastanka":"rr","RegionSrbije":"i","StatusPosecenosti":"usk","OpisLokaliteta":null,"LinkKaSajtu":null}},{"type":"Feature","geometry":{"type":"Point","coordinates":[20.764256999634696,43.38402899982303]},"properties":{"OBJECTID":2,"Naziv":"Алексићка кула (Јошаничка бања)","PeriodNastanka":"sv","RegionSrbije":"c","StatusPosecenosti":"usk","OpisLokaliteta":null,"LinkKaSajtu":null}},{"type":"Feature","geometry":{"type":"Point","coordinates":[19.797491999785233,44.09667799999605]},"properties":{"OBJECTID":149,"Naziv":"Таорски град","PeriodNastanka":"sv","RegionSrbije":"z","StatusPosecenosti":"usk","OpisLokaliteta":null,"LinkKaSajtu":null}},{"type":"Feature","geometry":{"type":"Point","coordinates":[21.840649000228016,42.73512999981403]},"properties":{"OBJECTID":59,"Naziv":"Градиште (Големо Село)","PeriodNastanka":"sv","RegionSrbije":"j","StatusPosecenosti":"usk","OpisLokaliteta":null,"LinkKaSajtu":null}},{"type":"Feature","geometry":{"type":"Point","coordinates":[21.830864000384434,44.23794299970279]},"properties":{"OBJECTID":375,"Naziv":"Пчелињи крш","PeriodNastanka":"rr","RegionSrbije":"i","StatusPosecenosti":"usk","OpisLokaliteta":null,"LinkKaSajtu":null}},{"type":"Feature","geometry":{"type":"Point","coordinates":[20.3295560002395,45.07191399972804]},"properties":{"OBJECTID":390,"Naziv":"Сурдук / Rittium","PeriodNastanka":"rr","RegionSrbije":"v","StatusPosecenosti":"usk","OpisLokaliteta":null,"LinkKaSajtu":null}},{"type":"Feature","geometry":{"type":"Point","coordinates":[22.108612000125245,43.189782999772724]},"properties":{"OBJECTID":330,"Naziv":"Кале (Ћелије)","PeriodNastanka":"rr","RegionSrbije":"j","StatusPosecenosti":"usk","OpisLokaliteta":null,"LinkKaSajtu":null}},{"type":"Feature","geometry":{"type":"Point","coordinates":[22.757763122584098,44.54156288703163]},"properties":{"OBJECTID":196,"Naziv":"Гламија (Ртково)","PeriodNastanka":"rr","RegionSrbije":"i","StatusPosecenosti":"po","OpisLokaliteta":null,"LinkKaSajtu":null}},{"type":"Feature","geometry":{"type":"Point","coordinates":[21.999520999856916,43.246906000030656]},"properties":{"OBJECTID":221,"Naziv":"Градац (Тасковићи)","PeriodNastanka":"rr","RegionSrbije":"j","StatusPosecenosti":"usk","OpisLokaliteta":null,"LinkKaSajtu":null}},{"type":"Feature","geometry":{"type":"Point","coordinates":[21.944803999656923,43.53134499992651]},"properties":{"OBJECTID":215,"Naziv":"Градац (Лабуково)","PeriodNastanka":"rr","RegionSrbije":"i","StatusPosecenosti":"usk","OpisLokaliteta":null,"LinkKaSajtu":null}},{"type":"Feature","geometry":{"type":"Point","coordinates":[21.867145663830957,44.64748997618212]},"properties":{"OBJECTID":5777,"Naziv":"Турски поток","PeriodNastanka":"rr","RegionSrbije":"i","StatusPosecenosti":"usk","OpisLokaliteta":null,"LinkKaSajtu":null}},{"type":"Feature","geometry":{"type":"Point","coordinates":[22.56591799961584,44.11331799974997]},"properties":{"OBJECTID":383,"Naziv":"Рујевица / Sculcoburgo","PeriodNastanka":"rr","RegionSrbije":"i","StatusPosecenosti":"usk","OpisLokaliteta":null,"LinkKaSajtu":null}},{"type":"Feature","geometry":{"type":"Point","coordinates":[19.917225999689656,44.642032999725664]},"properties":{"OBJECTID":68,"Naziv":"Градужине (Дебрц)","PeriodNastanka":"sv","RegionSrbije":"c","StatusPosecenosti":"usk","OpisLokaliteta":null,"LinkKaSajtu":null}},{"type":"Feature","geometry":{"type":"Point","coordinates":[21.116066000205223,43.330204000066814]},"properties":{"OBJECTID":271,"Naziv":"Градиште (Дупци)","PeriodNastanka":"rr","RegionSrbije":"c","StatusPosecenosti":"usk","OpisLokaliteta":null,"LinkKaSajtu":null}},{"type":"Feature","geometry":{"type":"Point","coordinates":[21.70944196365323,43.63750523907748]},"properties":{"OBJECTID":7403,"Naziv":"Љиљач","PeriodNastanka":"rr","RegionSrbije":"i","StatusPosecenosti":"usk","OpisLokaliteta":null,"LinkKaSajtu":null}},{"type":"Feature","geometry":{"type":"Point","coordinates":[20.51697900003335,44.00364999997182]},"properties":{"OBJECTID":153,"Naziv":"Треска","PeriodNastanka":"sv","RegionSrbije":"c","StatusPosecenosti":"po","OpisLokaliteta":"Саграђено је на тешко приступачном, стеновитом узвишењу, на месту где се састају Јабланички поток и Грабовичка речица. На основу резултата археолошких истраживања, утврђено је да потиче с краја 14. или почетка 15. века. Од утврђења су данас опстали само темељи, а претпоставља се да је имало функцију контроле путева који су од Рудника водили ка истоку и југу. Према неким ауторима ово је заправо средњовековни град Неваде који се помиње у повељи угарског краља Жигмунда из 1411. године.","LinkKaSajtu":"https://tvrdjave.rs/treska/"}},{"type":"Feature","geometry":{"type":"Point","coordinates":[20.61644600011659,43.21609199969834]},"properties":{"OBJECTID":237,"Naziv":"Градина (Луково)","PeriodNastanka":"rr","RegionSrbije":"z","StatusPosecenosti":"usk","OpisLokaliteta":null,"LinkKaSajtu":null}},{"type":"Feature","geometry":{"type":"Point","coordinates":[21.888416000077797,42.58135000003877]},"properties":{"OBJECTID":115,"Naziv":"Марково кале","PeriodNastanka":"sv","RegionSrbije":"j","StatusPosecenosti":"usk","OpisLokaliteta":null,"LinkKaSajtu":null}},{"type":"Feature","geometry":{"type":"Point","coordinates":[19.475584000165064,43.76737499997199]},"properties":{"OBJECTID":34,"Naziv":"Градац (Котроман)","PeriodNastanka":"sv","RegionSrbije":"z","StatusPosecenosti":"usk","OpisLokaliteta":null,"LinkKaSajtu":null}},{"type":"Feature","geometry":{"type":"Point","coordinates":[22.760366999927907,43.17535700002299]},"properties":{"OBJECTID":289,"Naziv":"Градиште (Рсовци)","PeriodNastanka":"rr","RegionSrbije":"j","StatusPosecenosti":"usk","OpisLokaliteta":null,"LinkKaSajtu":null}},{"type":"Feature","geometry":{"type":"Point","coordinates":[20.49375100032212,43.39485099981817]},"properties":{"OBJECTID":174,"Naziv":"Велењска градина","PeriodNastanka":"rr","RegionSrbije":"z","StatusPosecenosti":"po","OpisLokaliteta":null,"LinkKaSajtu":null}},{"type":"Feature","geometry":{"type":"Point","coordinates":[21.674587999874262,43.41033199992664]},"properties":{"OBJECTID":264,"Naziv":"Градиште (Врћеновица)","PeriodNastanka":"rr","RegionSrbije":"j","StatusPosecenosti":"usk","OpisLokaliteta":null,"LinkKaSajtu":null}},{"type":"Feature","geometry":{"type":"Point","coordinates":[20.927881999804946,44.66967499991905]},"properties":{"OBJECTID":141,"Naziv":"Смедеревска тврђава","PeriodNastanka":"sv","RegionSrbije":"c","StatusPosecenosti":"po","OpisLokaliteta":"Подигнута је у другој четвртини 15. века, као ново престоно место и утврђени двор деспота Ђурђа Бранковића. Тврђава је грађена са намером да одоли најезди Османлија, а састојала се из Великог и Малог града, које су штитили снажни бедеми са 25 кула. Ова моћна грађевина узима се за последње значајно остварење српске средњовековне војне архитектуре, а својом површином од укупно 14,5 ha, убраја се и међу највећа равничарска утврђења Европе из тог периода.","LinkKaSajtu":"https://tvrdjave.rs/smederevska-tvrdjava/"}},{"type":"Feature","geometry":{"type":"Point","coordinates":[20.92535000026029,42.90017599976131]},"properties":{"OBJECTID":152,"Naziv":"Трепчански град - Ћутет","PeriodNastanka":"sv","RegionSrbije":"k","StatusPosecenosti":"usk","OpisLokaliteta":null,"LinkKaSajtu":null}},{"type":"Feature","geometry":{"type":"Point","coordinates":[22.21315400006678,43.01450099977843]},"properties":{"OBJECTID":343,"Naziv":"Кула (Завидинце)","PeriodNastanka":"rr","RegionSrbije":"j","StatusPosecenosti":"usk","OpisLokaliteta":null,"LinkKaSajtu":null}},{"type":"Feature","geometry":{"type":"Point","coordinates":[19.529743000148247,44.592362000012635]},"properties":{"OBJECTID":336,"Naziv":"Коњуша","PeriodNastanka":"rr","RegionSrbije":"z","StatusPosecenosti":"usk","OpisLokaliteta":null,"LinkKaSajtu":null}},{"type":"Feature","geometry":{"type":"Point","coordinates":[20.11691100041681,45.596564000186774]},"properties":{"OBJECTID":9,"Naziv":"Бечеј (Стари град)","PeriodNastanka":"sv","RegionSrbije":"v","StatusPosecenosti":"po","OpisLokaliteta":null,"LinkKaSajtu":null}},{"type":"Feature","geometry":{"type":"Point","coordinates":[22.267871000266776,43.060485000091866]},"properties":{"OBJECTID":181,"Naziv":"Велика кула (Остатовица)","PeriodNastanka":"rr","RegionSrbije":"j","StatusPosecenosti":"usk","OpisLokaliteta":null,"LinkKaSajtu":null}},{"type":"Feature","geometry":{"type":"Point","coordinates":[20.639474999636203,43.35837500004893]},"properties":{"OBJECTID":13,"Naziv":"Брвеник","PeriodNastanka":"sv","RegionSrbije":"z","StatusPosecenosti":"po","OpisLokaliteta":"Доминантан положај града омогућавао је лаку одбрану, али и сигурну контролу шире области долине Ибра. Настанак и развој Брвеника био је заснован на рудном богатству околине. Није познато када је тачно подигнут, али се зна да је током средњег века у њему био трг и седиште Брвеничке жупе. Године 1363. преузима га зет кнеза Лазара, челник Муса, од хумског кнеза Војислава, у размену за Звечан. Град су потом држали Мусини синови, па Вук Бранковић, а под османску власт пада 1455. године. ","LinkKaSajtu":"https://tvrdjave.rs/brvenik/"}},{"type":"Feature","geometry":{"type":"Point","coordinates":[22.573465447003645,44.549825385062896]},"properties":{"OBJECTID":5771,"Naziv":"Милутиновац","PeriodNastanka":"rr","RegionSrbije":"i","StatusPosecenosti":"usk","OpisLokaliteta":null,"LinkKaSajtu":null}},{"type":"Feature","geometry":{"type":"Point","coordinates":[22.557548999781556,42.97181100007679]},"properties":{"OBJECTID":282,"Naziv":"Градиште (Нашушковица)","PeriodNastanka":"rr","RegionSrbije":"j","StatusPosecenosti":"usk","OpisLokaliteta":null,"LinkKaSajtu":null}},{"type":"Feature","geometry":{"type":"Point","coordinates":[22.416614999920437,43.01205299981909]},"properties":{"OBJECTID":309,"Naziv":"Игриште (Камбелевац)","PeriodNastanka":"rr","RegionSrbije":"j","StatusPosecenosti":"usk","OpisLokaliteta":null,"LinkKaSajtu":null}},{"type":"Feature","geometry":{"type":"Point","coordinates":[22.5294400003808,43.2185000000573]},"properties":{"OBJECTID":258,"Naziv":"Градиште (Бегов мост)","PeriodNastanka":"rr","RegionSrbije":"j","StatusPosecenosti":"usk","OpisLokaliteta":null,"LinkKaSajtu":null}},{"type":"Feature","geometry":{"type":"Point","coordinates":[19.506611999623075,43.57960200029207]},"properties":{"OBJECTID":80,"Naziv":"Јагат","PeriodNastanka":"sv","RegionSrbije":"z","StatusPosecenosti":"po","OpisLokaliteta":null,"LinkKaSajtu":null}},{"type":"Feature","geometry":{"type":"Point","coordinates":[19.735350999582096,43.74045299974371]},"properties":{"OBJECTID":251,"Naziv":"Градина (Чајетина)","PeriodNastanka":"rr","RegionSrbije":"z","StatusPosecenosti":"po","OpisLokaliteta":null,"LinkKaSajtu":null}},{"type":"Feature","geometry":{"type":"Point","coordinates":[20.31093100038345,43.26486299980977]},"properties":{"OBJECTID":243,"Naziv":"Градина (Радаљица)","PeriodNastanka":"rr","RegionSrbije":"z","StatusPosecenosti":"usk","OpisLokaliteta":null,"LinkKaSajtu":null}},{"type":"Feature","geometry":{"type":"Point","coordinates":[20.834068999713192,44.65038299984376]},"properties":{"OBJECTID":385,"Naziv":"Сеоне / Aureus Mons","PeriodNastanka":"rr","RegionSrbije":"c","StatusPosecenosti":"po","OpisLokaliteta":null,"LinkKaSajtu":null}},{"type":"Feature","geometry":{"type":"Point","coordinates":[21.411623999667327,42.949236999961045]},"properties":{"OBJECTID":100,"Naziv":"Кула Ивана Косанчића","PeriodNastanka":"sv","RegionSrbije":"j","StatusPosecenosti":"usk","OpisLokaliteta":null,"LinkKaSajtu":null}},{"type":"Feature","geometry":{"type":"Point","coordinates":[20.78789199995003,43.40729199979053]},"properties":{"OBJECTID":43,"Naziv":"Градина (Дрење)","PeriodNastanka":"sv","RegionSrbije":"c","StatusPosecenosti":"usk","OpisLokaliteta":null,"LinkKaSajtu":null}},{"type":"Feature","geometry":{"type":"Point","coordinates":[21.528374999940358,44.27776200009023]},"properties":{"OBJECTID":98,"Naziv":"Куделинова тврђава","PeriodNastanka":"sv","RegionSrbije":"i","StatusPosecenosti":"po","OpisLokaliteta":"Средњовековни град Ждрело, у питању је читав комплекс утврђења, кула стражара и сакралних објеката, који захвата шире подручје клисуре, простирући се са обе стране реке и то претежно по стрмим и готово неприступачним литицама планинских масива Вукана и Јежевца. Крајем 13. века, овај град је био седиште бугарских великаша Дрмана и Куделина, који су одавде владали областима Браничева и Кучева, све док их српски краљеви Драгутин и Милутин нису покорили и припојили ове крајеве Србији.","LinkKaSajtu":"https://tvrdjave.rs/zdrelo/"}},{"type":"Feature","geometry":{"type":"Point","coordinates":[20.37418800012195,42.93163600013678]},"properties":{"OBJECTID":358,"Naziv":"Литице (Добриње)","PeriodNastanka":"rr","RegionSrbije":"z","StatusPosecenosti":"usk","OpisLokaliteta":null,"LinkKaSajtu":null}},{"type":"Feature","geometry":{"type":"Point","coordinates":[22.616451000260327,43.212198000091874]},"properties":{"OBJECTID":303,"Naziv":"Дурмиш (Добри до)","PeriodNastanka":"rr","RegionSrbije":"j","StatusPosecenosti":"usk","OpisLokaliteta":null,"LinkKaSajtu":null}},{"type":"Feature","geometry":{"type":"Point","coordinates":[19.721105000173555,43.543031000217844]},"properties":{"OBJECTID":91,"Naziv":"Клек","PeriodNastanka":"sv","RegionSrbije":"z","StatusPosecenosti":"po","OpisLokaliteta":null,"LinkKaSajtu":null}},{"type":"Feature","geometry":{"type":"Point","coordinates":[22.25357999975407,43.078292000104845]},"properties":{"OBJECTID":295,"Naziv":"Градиште (Штрбовац)","PeriodNastanka":"rr","RegionSrbije":"j","StatusPosecenosti":"usk","OpisLokaliteta":null,"LinkKaSajtu":null}},{"type":"Feature","geometry":{"type":"Point","coordinates":[19.956815000399175,43.35788700024863]},"properties":{"OBJECTID":86,"Naziv":"Јеринин град на Увцу","PeriodNastanka":"sv","RegionSrbije":"z","StatusPosecenosti":"po","OpisLokaliteta":"На подручју Специјалног резервата природе „Увацˮ, у клисури где је река направила величанствене меандре, налазе се остаци омањег средњовековног утврђења у народу познатог као “Јеринин град” или “Немањића град”. Археолошка истраживања су показала да је саграђено у периоду између 14. и 15. века. Претпоставља се да је настало као једна од станица на чувеном караванском путу који је спајао Дубровник са Цариградом, а који је у средњем веку пролазио овим крајевима.","LinkKaSajtu":"https://tvrdjave.rs/jerinin-grad-na-uvcu/"}},{"type":"Feature","geometry":{"type":"Point","coordinates":[19.35898299967984,44.2306560001994]},"properties":{"OBJECTID":351,"Naziv":"Кулина (Микуљак)","PeriodNastanka":"rr","RegionSrbije":"z","StatusPosecenosti":"usk","OpisLokaliteta":null,"LinkKaSajtu":null}},{"type":"Feature","geometry":{"type":"Point","coordinates":[20.90689699993336,44.230132999714165]},"properties":{"OBJECTID":412,"Naziv":"Главица (Ђурђево)","PeriodNastanka":"pr","RegionSrbije":"c","StatusPosecenosti":"usk","OpisLokaliteta":null,"LinkKaSajtu":null}},{"type":"Feature","geometry":{"type":"Point","coordinates":[22.45014300003436,44.463198000147756]},"properties":{"OBJECTID":172,"Naziv":"Брза Паланка / Egeta","PeriodNastanka":"rr","RegionSrbije":"i","StatusPosecenosti":"usk","OpisLokaliteta":null,"LinkKaSajtu":null}},{"type":"Feature","geometry":{"type":"Point","coordinates":[21.325685999665463,45.122785999843565]},"properties":{"OBJECTID":22,"Naziv":"Вршачка кула","PeriodNastanka":"sv","RegionSrbije":"v","StatusPosecenosti":"po","OpisLokaliteta":"Сматра се да га је подигао деспот Ђурађ Бранковић након пада Смедерева, а у циљу заштите својих поседа на простору данашње Војводине. Од читаве грађевине најбоље се очувала доминантна бранич кула, по којој се цела утврда, али и брдо на коме је саграђена, назива Вршачка кула. Археолошка истраживања су утврдила да је у питању властеоски замак, а пронађени су и остаци бедема, палате,","LinkKaSajtu":"https://tvrdjave.rs/vrsacka-kula/"}},{"type":"Feature","geometry":{"type":"Point","coordinates":[20.745460000249526,42.20931300003675]},"properties":{"OBJECTID":131,"Naziv":"Призренски град","PeriodNastanka":"sv","RegionSrbije":"k","StatusPosecenosti":"usk","OpisLokaliteta":null,"LinkKaSajtu":null}},{"type":"Feature","geometry":{"type":"Point","coordinates":[22.223969000130293,43.30272700005639]},"properties":{"OBJECTID":359,"Naziv":"Мајмилов град","PeriodNastanka":"rr","RegionSrbije":"j","StatusPosecenosti":"po","OpisLokaliteta":null,"LinkKaSajtu":null}},{"type":"Feature","geometry":{"type":"Point","coordinates":[20.183042999831624,44.34817399997111]},"properties":{"OBJECTID":163,"Naziv":"Анине","PeriodNastanka":"rr","RegionSrbije":"c","StatusPosecenosti":"po","OpisLokaliteta":"Овде су, на надморској висини од око 115 m, откривени остаци римске виле рустике саграђене крајем 3. и почетком 4. века нове ере. Уз вилу се налазило грандиозно пољопривредно имање које је служило за узгајање и складиштење пољопривредних добара, првенствено жита, за потребе римских војних логора и градова на Дунавском Лимесу. Откривени налази представљају најзначајније, највеће и најбоље очуване остатке руралне архитектуре из римског периода на територији западне Србије.","LinkKaSajtu":"https://tvrdjave.rs/anine/"}},{"type":"Feature","geometry":{"type":"Point","coordinates":[21.414499000241946,44.341559999724474]},"properties":{"OBJECTID":222,"Naziv":"Градац на Бусуру (Велико Лаоле)","PeriodNastanka":"rr","RegionSrbije":"c","StatusPosecenosti":"usk","OpisLokaliteta":null,"LinkKaSajtu":null}},{"type":"Feature","geometry":{"type":"Point","coordinates":[21.628416000133946,44.65135300002551]},"properties":{"OBJECTID":197,"Naziv":"Голубац / Cuppae","PeriodNastanka":"rr","RegionSrbije":"i","StatusPosecenosti":"usk","OpisLokaliteta":null,"LinkKaSajtu":null}},{"type":"Feature","geometry":{"type":"Point","coordinates":[20.034277000436653,44.69772799982102]},"properties":{"OBJECTID":106,"Naziv":"Купиник","PeriodNastanka":"sv","RegionSrbije":"v","StatusPosecenosti":"po","OpisLokaliteta":"Сматра се да је настао крајем 13. или у првој половини наредног века, као војно погранично утврђење угарског краља, чија је улога била да контролише један од најважнијих прелаза преко реке Саве. Почетком 14. века доспева у српски посед, да би после пада Смедерева постао резиденција и престоно место српских деспота, који су одавде, са војском и флотом шајкаша, преузели одбрану југа Угарске од Турака.","LinkKaSajtu":"https://tvrdjave.rs/kupinik/"}},{"type":"Feature","geometry":{"type":"Point","coordinates":[19.919629000261185,43.638714999938166]},"properties":{"OBJECTID":24,"Naziv":"Голубињак (Висока)","PeriodNastanka":"sv","RegionSrbije":"z","StatusPosecenosti":"usk","OpisLokaliteta":null,"LinkKaSajtu":null}},{"type":"Feature","geometry":{"type":"Point","coordinates":[22.26577906741349,43.64124980820026]},"properties":{"OBJECTID":376,"Naziv":"Равна / Timacum Minus","PeriodNastanka":"rr","RegionSrbije":"i","StatusPosecenosti":"usk","OpisLokaliteta":null,"LinkKaSajtu":null}},{"type":"Feature","geometry":{"type":"Point","coordinates":[20.16025500033645,43.10919200010036]},"properties":{"OBJECTID":317,"Naziv":"Јеринин град (Тројан)","PeriodNastanka":"rr","RegionSrbije":"z","StatusPosecenosti":"po","OpisLokaliteta":null,"LinkKaSajtu":null}},{"type":"Feature","geometry":{"type":"Point","coordinates":[20.61228299957916,42.62132800016771]},"properties":{"OBJECTID":89,"Naziv":"Јерињак (Пограђе)","PeriodNastanka":"sv","RegionSrbije":"k","StatusPosecenosti":"usk","OpisLokaliteta":null,"LinkKaSajtu":null}},{"type":"Feature","geometry":{"type":"Point","coordinates":[20.115944999770953,43.66420799999512]},"properties":{"OBJECTID":53,"Naziv":"Градина (Трешњевица)","PeriodNastanka":"sv","RegionSrbije":"z","StatusPosecenosti":"usk","OpisLokaliteta":null,"LinkKaSajtu":null}},{"type":"Feature","geometry":{"type":"Point","coordinates":[22.458280878617387,44.71078959886117]},"properties":{"OBJECTID":5772,"Naziv":"Форт Елизабет","PeriodNastanka":"nv","RegionSrbije":"i","StatusPosecenosti":"usk","OpisLokaliteta":null,"LinkKaSajtu":null}},{"type":"Feature","geometry":{"type":"Point","coordinates":[20.415445999662463,43.12820700008521]},"properties":{"OBJECTID":148,"Naziv":"Стари Рас","PeriodNastanka":"sv","RegionSrbije":"z","StatusPosecenosti":"po","OpisLokaliteta":"Ово је вишеслојни локалитет са распоном од раног бронзаног доба, па све до средњег века. Најзначајније раздобље у историји Раса наступило је средином 12. века, када ово утврђење постаје главно средиште српске средњовековне државе Рашке. Стари Рас у традицији српског народа има посебно значење. Он симболизује место одакле је владао и сазивао државне саборе велики жупан Стефан Немања, где су он и његови потомци имали своје дворове и где је радила прва ковница новца. ","LinkKaSajtu":"https://tvrdjave.rs/stari-ras/"}},{"type":"Feature","geometry":{"type":"Point","coordinates":[21.867336999596567,43.43530699983951]},"properties":{"OBJECTID":73,"Naziv":"Железник","PeriodNastanka":"sv","RegionSrbije":"j","StatusPosecenosti":"po","OpisLokaliteta":"У народу познато и као „Железна врата“, односно, „Кула“, ово утврђење је чувало пролаз из области Ниша у Сврљишку долину. Претпоставља се да га је подигао непознати властелин у другој половини 14. века, за време владавине кнеза Лазара Хребељановића  (1371—1389), као део система одбране од надолазеће турске опасности. Вероватно је, као и оближња утврђења Липовац и Копријан, страдао у нападима Турака у првој половини 15. века.","LinkKaSajtu":"https://tvrdjave.rs/zeleznik/"}},{"type":"Feature","geometry":{"type":"Point","coordinates":[19.43884800028888,44.18718900002366]},"properties":{"OBJECTID":166,"Naziv":"Баурић град","PeriodNastanka":"rr","RegionSrbije":"z","StatusPosecenosti":"usk","OpisLokaliteta":null,"LinkKaSajtu":null}},{"type":"Feature","geometry":{"type":"Point","coordinates":[21.106195000147917,43.419543999756634]},"properties":{"OBJECTID":280,"Naziv":"Градиште (Љубинци)","PeriodNastanka":"rr","RegionSrbije":"c","StatusPosecenosti":"usk","OpisLokaliteta":null,"LinkKaSajtu":null}},{"type":"Feature","geometry":{"type":"Point","coordinates":[22.582139999798656,43.28476600016973]},"properties":{"OBJECTID":150,"Naziv":"Темац","PeriodNastanka":"sv","RegionSrbije":"i","StatusPosecenosti":"usk","OpisLokaliteta":null,"LinkKaSajtu":null}},{"type":"Feature","geometry":{"type":"Point","coordinates":[20.634899000443518,42.44575499996735]},"properties":{"OBJECTID":60,"Naziv":"Градиште (Затрич)","PeriodNastanka":"sv","RegionSrbije":"k","StatusPosecenosti":"usk","OpisLokaliteta":null,"LinkKaSajtu":null}},{"type":"Feature","geometry":{"type":"Point","coordinates":[20.876169000051018,42.687704000222794]},"properties":{"OBJECTID":331,"Naziv":"Каљаја (Врбовац)","PeriodNastanka":"rr","RegionSrbije":"k","StatusPosecenosti":"usk","OpisLokaliteta":null,"LinkKaSajtu":null}},{"type":"Feature","geometry":{"type":"Point","coordinates":[22.601366000427547,42.92613700002961]},"properties":{"OBJECTID":4,"Naziv":"Асеново кале","PeriodNastanka":"sv","RegionSrbije":"j","StatusPosecenosti":"usk","OpisLokaliteta":null,"LinkKaSajtu":null}},{"type":"Feature","geometry":{"type":"Point","coordinates":[19.53519299992525,44.14310600013819]},"properties":{"OBJECTID":15,"Naziv":"Велики и Мали Град (Горња Трешњица)","PeriodNastanka":"sv","RegionSrbije":"z","StatusPosecenosti":"po","OpisLokaliteta":null,"LinkKaSajtu":null}},{"type":"Feature","geometry":{"type":"Point","coordinates":[22.048917000151334,43.10869100007898]},"properties":{"OBJECTID":265,"Naziv":"Градиште (Голема Њива)","PeriodNastanka":"rr","RegionSrbije":"j","StatusPosecenosti":"usk","OpisLokaliteta":null,"LinkKaSajtu":null}},{"type":"Feature","geometry":{"type":"Point","coordinates":[19.894351999980753,43.11014800003338]},"properties":{"OBJECTID":384,"Naziv":"Самоград (Гргаје)","PeriodNastanka":"rr","RegionSrbije":"z","StatusPosecenosti":"usk","OpisLokaliteta":null,"LinkKaSajtu":null}},{"type":"Feature","geometry":{"type":"Point","coordinates":[19.441370102195712,45.29105472376637]},"properties":{"OBJECTID":420,"Naziv":"Турски шанац","PeriodNastanka":"pr","RegionSrbije":"v","StatusPosecenosti":"usk","OpisLokaliteta":null,"LinkKaSajtu":null}},{"type":"Feature","geometry":{"type":"Point","coordinates":[22.037115000423917,43.33154600020684]},"properties":{"OBJECTID":216,"Naziv":"Градац (Малча)","PeriodNastanka":"rr","RegionSrbije":"j","StatusPosecenosti":"usk","OpisLokaliteta":null,"LinkKaSajtu":null}},{"type":"Feature","geometry":{"type":"Point","coordinates":[22.684708000412353,43.069264000292954]},"properties":{"OBJECTID":325,"Naziv":"Кале (Градиште)","PeriodNastanka":"rr","RegionSrbije":"j","StatusPosecenosti":"usk","OpisLokaliteta":null,"LinkKaSajtu":null}},{"type":"Feature","geometry":{"type":"Point","coordinates":[20.52383399994902,43.50791199988472]},"properties":{"OBJECTID":36,"Naziv":"Градачко брдо (Засад)","PeriodNastanka":"sv","RegionSrbije":"z","StatusPosecenosti":"usk","OpisLokaliteta":null,"LinkKaSajtu":null}},{"type":"Feature","geometry":{"type":"Point","coordinates":[19.727980000180704,43.36245000029479]},"properties":{"OBJECTID":116,"Naziv":"Милешевац","PeriodNastanka":"sv","RegionSrbije":"z","StatusPosecenosti":"po","OpisLokaliteta":null,"LinkKaSajtu":null}},{"type":"Feature","geometry":{"type":"Point","coordinates":[22.287826999743334,43.28920200009566]},"properties":{"OBJECTID":212,"Naziv":"Градац (Дражево)","PeriodNastanka":"rr","RegionSrbije":"j","StatusPosecenosti":"usk","OpisLokaliteta":null,"LinkKaSajtu":null}},{"type":"Feature","geometry":{"type":"Point","coordinates":[20.591296999882676,43.20867899967618]},"properties":{"OBJECTID":238,"Naziv":"Градина (Мрмоње)","PeriodNastanka":"rr","RegionSrbije":"z","StatusPosecenosti":"usk","OpisLokaliteta":null,"LinkKaSajtu":null}},{"type":"Feature","geometry":{"type":"Point","coordinates":[22.528496000374588,43.30007199972302]},"properties":{"OBJECTID":290,"Naziv":"Градиште (Рудиње)","PeriodNastanka":"rr","RegionSrbije":"j","StatusPosecenosti":"usk","OpisLokaliteta":null,"LinkKaSajtu":null}},{"type":"Feature","geometry":{"type":"Point","coordinates":[22.285036999557505,42.67808199988842]},"properties":{"OBJECTID":259,"Naziv":"Градиште (Битврђа)","PeriodNastanka":"rr","RegionSrbije":"j","StatusPosecenosti":"usk","OpisLokaliteta":null,"LinkKaSajtu":null}},{"type":"Feature","geometry":{"type":"Point","coordinates":[22.50797689825041,44.364143774106466]},"properties":{"OBJECTID":366,"Naziv":"Михајловац / Mora Vagei","PeriodNastanka":"rr","RegionSrbije":"i","StatusPosecenosti":"usk","OpisLokaliteta":null,"LinkKaSajtu":null}},{"type":"Feature","geometry":{"type":"Point","coordinates":[19.397163999877684,43.849058999967156]},"properties":{"OBJECTID":134,"Naziv":"Равна стена","PeriodNastanka":"sv","RegionSrbije":"z","StatusPosecenosti":"po","OpisLokaliteta":"Равна стена, позната и као локалитет Град, је утврђење смештено на крајњем западу Србије, у атару села Заовине, на обронцима планине Таре. Подигнута је у прелепом природном окружењу Националног парка на јединственом стеновитом монолиту испод кога тече река Бели Рзав. Претпоставља се да је саграђена у периоду касне антике, али је свакако коришћена и у средњем веку, па и касније, за време Турака, када су се на њој скривали хајдуци.","LinkKaSajtu":"https://tvrdjave.rs/ravna-stena/"}},{"type":"Feature","geometry":{"type":"Point","coordinates":[19.434042000044116,44.17844900014855]},"properties":{"OBJECTID":369,"Naziv":"Немић","PeriodNastanka":"rr","RegionSrbije":"z","StatusPosecenosti":"usk","OpisLokaliteta":null,"LinkKaSajtu":null}},{"type":"Feature","geometry":{"type":"Point","coordinates":[19.657202000354683,45.527215999994205]},"properties":{"OBJECTID":421,"Naziv":"Чарнок","PeriodNastanka":"pr","RegionSrbije":"v","StatusPosecenosti":"usk","OpisLokaliteta":null,"LinkKaSajtu":null}},{"type":"Feature","geometry":{"type":"Point","coordinates":[21.175182000045904,42.59629700000221]},"properties":{"OBJECTID":397,"Naziv":"Улпиjана / Ulpiana","PeriodNastanka":"rr","RegionSrbije":"k","StatusPosecenosti":"usk","OpisLokaliteta":null,"LinkKaSajtu":null}},{"type":"Feature","geometry":{"type":"Point","coordinates":[22.08505200015301,43.234167000298406]},"properties":{"OBJECTID":310,"Naziv":"Јеленин град (Горња Студена)","PeriodNastanka":"rr","RegionSrbije":"j","StatusPosecenosti":"usk","OpisLokaliteta":null,"LinkKaSajtu":null}},{"type":"Feature","geometry":{"type":"Point","coordinates":[21.694109000055946,43.62246999987367]},"properties":{"OBJECTID":10,"Naziv":"Бован","PeriodNastanka":"sv","RegionSrbije":"i","StatusPosecenosti":"po","OpisLokaliteta":"Средњовековно утврђење Бован или Јеринин град (моравички), омогућавала је преглед и заштиту важног војног и трговачког пута који је ишао дуж ове реке. Нема тачних података када је подигнута, али се сматра да је настала у раном средњем веку, највероватније на простору некадашњег римског каструма. Из првобитног имена града које гласи Болван, што на старословенском значи кип, може се претпос","LinkKaSajtu":"https://tvrdjave.rs/bovan/"}},{"type":"Feature","geometry":{"type":"Point","coordinates":[22.230834999916624,42.614001999700655]},"properties":{"OBJECTID":283,"Naziv":"Градиште (Ново Село)","PeriodNastanka":"rr","RegionSrbije":"j","StatusPosecenosti":"usk","OpisLokaliteta":null,"LinkKaSajtu":null}},{"type":"Feature","geometry":{"type":"Point","coordinates":[20.690002000432877,44.13962599994919]},"properties":{"OBJECTID":232,"Naziv":"Градина (Котража)","PeriodNastanka":"rr","RegionSrbije":"c","StatusPosecenosti":"usk","OpisLokaliteta":null,"LinkKaSajtu":null}},{"type":"Feature","geometry":{"type":"Point","coordinates":[22.488927999581453,43.039347999949996]},"properties":{"OBJECTID":360,"Naziv":"Мали Стол","PeriodNastanka":"rr","RegionSrbije":"j","StatusPosecenosti":"usk","OpisLokaliteta":null,"LinkKaSajtu":null}},{"type":"Feature","geometry":{"type":"Point","coordinates":[22.504656000019867,43.20667699972023]},"properties":{"OBJECTID":346,"Naziv":"Кула (Станичење)","PeriodNastanka":"rr","RegionSrbije":"j","StatusPosecenosti":"usk","OpisLokaliteta":null,"LinkKaSajtu":null}},{"type":"Feature","geometry":{"type":"Point","coordinates":[21.321796999662713,43.584120999889734]},"properties":{"OBJECTID":28,"Naziv":"Град цара Лазара","PeriodNastanka":"sv","RegionSrbije":"c","StatusPosecenosti":"usk","OpisLokaliteta":null,"LinkKaSajtu":null}},{"type":"Feature","geometry":{"type":"Point","coordinates":[21.07911600006876,43.957422000196495]},"properties":{"OBJECTID":311,"Naziv":"Јеринин град (Белица)","PeriodNastanka":"rr","RegionSrbije":"c","StatusPosecenosti":"po","OpisLokaliteta":null,"LinkKaSajtu":null}},{"type":"Feature","geometry":{"type":"Point","coordinates":[19.52360899975772,44.58839800018827]},"properties":{"OBJECTID":393,"Naziv":"Тројанов град","PeriodNastanka":"rr","RegionSrbije":"z","StatusPosecenosti":"po","OpisLokaliteta":null,"LinkKaSajtu":null}},{"type":"Feature","geometry":{"type":"Point","coordinates":[21.303863999917805,43.7063679997456]},"properties":{"OBJECTID":304,"Naziv":"Ђерђелин (Бачина)","PeriodNastanka":"rr","RegionSrbije":"c","StatusPosecenosti":"usk","OpisLokaliteta":null,"LinkKaSajtu":null}},{"type":"Feature","geometry":{"type":"Point","coordinates":[21.534920000234635,43.851241000015534]},"properties":{"OBJECTID":102,"Naziv":"Кула Орловића Павла (Лешје)","PeriodNastanka":"sv","RegionSrbije":"c","StatusPosecenosti":"usk","OpisLokaliteta":null,"LinkKaSajtu":null}},{"type":"Feature","geometry":{"type":"Point","coordinates":[19.593568999974213,44.96939399997324]},"properties":{"OBJECTID":407,"Naziv":"Ширинград (Мачванска Митровица)","PeriodNastanka":"rr","RegionSrbije":"v","StatusPosecenosti":"usk","OpisLokaliteta":null,"LinkKaSajtu":null}},{"type":"Feature","geometry":{"type":"Point","coordinates":[20.975872000135787,44.73085899996006]},"properties":{"OBJECTID":92,"Naziv":"Ковин","PeriodNastanka":"sv","RegionSrbije":"v","StatusPosecenosti":"po","OpisLokaliteta":"У питању је средњовековно утврђење саграђено у периоду између 11. и 12. века на месту ранијег римског каструма. Тврђаву су подигли Угари, како би заштитили пограничну зону краљевине од напада Бугара и Византинаца, а касније и Отоманске империје. Значај Ковина за одбрану јужне границе Угарске условио је да постане центар жупаније и развијено градско и трговачко насеље, које се често помиње у писаним изворима.","LinkKaSajtu":"https://tvrdjave.rs/kovin/"}},{"type":"Feature","geometry":{"type":"Point","coordinates":[22.484937000369808,43.336540999912984]},"properties":{"OBJECTID":298,"Naziv":"Градски врх (Шугрин)","PeriodNastanka":"rr","RegionSrbije":"j","StatusPosecenosti":"usk","OpisLokaliteta":null,"LinkKaSajtu":null}},{"type":"Feature","geometry":{"type":"Point","coordinates":[20.050993000363906,43.72527399982504]},"properties":{"OBJECTID":244,"Naziv":"Градина (Радобуђа)","PeriodNastanka":"rr","RegionSrbije":"c","StatusPosecenosti":"usk","OpisLokaliteta":null,"LinkKaSajtu":null}},{"type":"Feature","geometry":{"type":"Point","coordinates":[19.65831799989001,44.200790000203604]},"properties":{"OBJECTID":352,"Naziv":"Кулина (Ребељ)","PeriodNastanka":"rr","RegionSrbije":"z","StatusPosecenosti":"usk","OpisLokaliteta":null,"LinkKaSajtu":null}},{"type":"Feature","geometry":{"type":"Point","coordinates":[22.05508901095651,44.51656183069134]},"properties":{"OBJECTID":5773,"Naziv":"Равна / Campsa","PeriodNastanka":"rr","RegionSrbije":"i","StatusPosecenosti":"usk","OpisLokaliteta":null,"LinkKaSajtu":null}},{"type":"Feature","geometry":{"type":"Point","coordinates":[22.538323000050962,43.09584400007115]},"properties":{"OBJECTID":328,"Naziv":"Кале (Расница)","PeriodNastanka":"rr","RegionSrbije":"j","StatusPosecenosti":"usk","OpisLokaliteta":null,"LinkKaSajtu":null}},{"type":"Feature","geometry":{"type":"Point","coordinates":[22.740473190818474,43.19543541403646]},"properties":{"OBJECTID":7807,"Naziv":"Каминско Градиште (Паклештица)","PeriodNastanka":"rr","RegionSrbije":"i","StatusPosecenosti":"usk","OpisLokaliteta":null,"LinkKaSajtu":null}},{"type":"Feature","geometry":{"type":"Point","coordinates":[20.603184999823814,42.59489100030154]},"properties":{"OBJECTID":82,"Naziv":"Јеринин град (Долац)","PeriodNastanka":"sv","RegionSrbije":"k","StatusPosecenosti":"usk","OpisLokaliteta":null,"LinkKaSajtu":null}},{"type":"Feature","geometry":{"type":"Point","coordinates":[22.40687399955946,43.206052000281936]},"properties":{"OBJECTID":301,"Naziv":"Доње Градиште (Теловац)","PeriodNastanka":"rr","RegionSrbije":"j","StatusPosecenosti":"usk","OpisLokaliteta":null,"LinkKaSajtu":null}},{"type":"Feature","geometry":{"type":"Point","coordinates":[21.696331326067654,43.62634248027688]},"properties":{"OBJECTID":7404,"Naziv":"Китица","PeriodNastanka":"sv","RegionSrbije":"i","StatusPosecenosti":"usk","OpisLokaliteta":null,"LinkKaSajtu":null}},{"type":"Feature","geometry":{"type":"Point","coordinates":[22.18611699982042,43.19391400020809]},"properties":{"OBJECTID":277,"Naziv":"Градиште (Космовац)","PeriodNastanka":"rr","RegionSrbije":"j","StatusPosecenosti":"usk","OpisLokaliteta":null,"LinkKaSajtu":null}},{"type":"Feature","geometry":{"type":"Point","coordinates":[19.85452700016797,44.048949000290335]},"properties":{"OBJECTID":127,"Naziv":"Парамун","PeriodNastanka":"sv","RegionSrbije":"z","StatusPosecenosti":"usk","OpisLokaliteta":null,"LinkKaSajtu":null}},{"type":"Feature","geometry":{"type":"Point","coordinates":[20.007112000143803,43.80950899975113]},"properties":{"OBJECTID":253,"Naziv":"Градина (Шенгољ)","PeriodNastanka":"rr","RegionSrbije":"c","StatusPosecenosti":"usk","OpisLokaliteta":null,"LinkKaSajtu":null}},{"type":"Feature","geometry":{"type":"Point","coordinates":[21.836781000141677,43.563434000176365]},"properties":{"OBJECTID":108,"Naziv":"Липовац","PeriodNastanka":"sv","RegionSrbije":"j","StatusPosecenosti":"po","OpisLokaliteta":"Подигнут на крају узане речне долине, на стеновитим литицама планине Лесковик, био је један од значајнијих градова Поморавља, са повољним и лако брањивим положајем. Подно тврђаве, на пространој заравни крај извора Светостефанске реке, смештен је манастир Светог Архиђакона и првомученика Стефана, који заједно са утврђењем и оближњом испосницом, представља јединствену просторно културно-историјску целину.","LinkKaSajtu":"https://tvrdjave.rs/lipovac/"}},{"type":"Feature","geometry":{"type":"Point","coordinates":[19.832854000383247,43.98100399991641]},"properties":{"OBJECTID":200,"Naziv":"Град (Дрмановина)","PeriodNastanka":"rr","RegionSrbije":"z","StatusPosecenosti":"usk","OpisLokaliteta":null,"LinkKaSajtu":null}},{"type":"Feature","geometry":{"type":"Point","coordinates":[19.30001699962699,44.42391199993858]},"properties":{"OBJECTID":97,"Naziv":"Костајник","PeriodNastanka":"sv","RegionSrbije":"z","StatusPosecenosti":"usk","OpisLokaliteta":null,"LinkKaSajtu":null}},{"type":"Feature","geometry":{"type":"Point","coordinates":[20.448346000137718,44.823008000048034]},"properties":{"OBJECTID":7,"Naziv":"Београдска тврђава","PeriodNastanka":"sv","RegionSrbije":"c","StatusPosecenosti":"po","OpisLokaliteta":"Тврђава је подигнута на стратешки изузетно важном месту, где су се у прошлости рачвали копнени и водени путеви, који су унутрашњост Старог континента повезивали са истоком. Београдска тврђава се састоји из Горњег и Доњег града. Овај слојевит и богат споменички комплекс настајао је у распону од два миленијума, а различити освајачи су га градили, рушили, обнављали и прилагођавали својим потребама. Од палисада из првог века до османлијског утврђења (17/18. век).","LinkKaSajtu":"https://tvrdjave.rs/beogradska-tvrdjava/"}},{"type":"Feature","geometry":{"type":"Point","coordinates":[21.911530999811102,42.85021499970965]},"properties":{"OBJECTID":139,"Naziv":"Скобаљић град","PeriodNastanka":"sv","RegionSrbije":"j","StatusPosecenosti":"usk","OpisLokaliteta":null,"LinkKaSajtu":null}},{"type":"Feature","geometry":{"type":"Point","coordinates":[20.799758000149858,43.4006819998918]},"properties":{"OBJECTID":71,"Naziv":"Дубовска кула (Раковац)","PeriodNastanka":"sv","RegionSrbije":"c","StatusPosecenosti":"po","OpisLokaliteta":null,"LinkKaSajtu":null}},{"type":"Feature","geometry":{"type":"Point","coordinates":[22.103118999792216,43.12504300007126]},"properties":{"OBJECTID":269,"Naziv":"Градиште (Доње Драговље)","PeriodNastanka":"rr","RegionSrbije":"j","StatusPosecenosti":"usk","OpisLokaliteta":null,"LinkKaSajtu":null}},{"type":"Feature","geometry":{"type":"Point","coordinates":[20.461178000085066,43.680443000315755]},"properties":{"OBJECTID":52,"Naziv":"Градина (Станча)","PeriodNastanka":"sv","RegionSrbije":"c","StatusPosecenosti":"po","OpisLokaliteta":null,"LinkKaSajtu":null}},{"type":"Feature","geometry":{"type":"Point","coordinates":[22.134908898171954,44.308569789855525]},"properties":{"OBJECTID":117,"Naziv":"Милошева кула","PeriodNastanka":"sv","RegionSrbije":"i","StatusPosecenosti":"usk","OpisLokaliteta":null,"LinkKaSajtu":null}},{"type":"Feature","geometry":{"type":"Point","coordinates":[20.54220199988713,42.35752900020101]},"properties":{"OBJECTID":57,"Naziv":"Градиш","PeriodNastanka":"sv","RegionSrbije":"k","StatusPosecenosti":"usk","OpisLokaliteta":null,"LinkKaSajtu":null}},{"type":"Feature","geometry":{"type":"Point","coordinates":[21.578435999683425,43.37042899989426]},"properties":{"OBJECTID":322,"Naziv":"Кале (Вукања)","PeriodNastanka":"rr","RegionSrbije":"j","StatusPosecenosti":"usk","OpisLokaliteta":null,"LinkKaSajtu":null}},{"type":"Feature","geometry":{"type":"Point","coordinates":[21.890172999670654,44.21518599979224]},"properties":{"OBJECTID":373,"Naziv":"Потај чука","PeriodNastanka":"rr","RegionSrbije":"i","StatusPosecenosti":"usk","OpisLokaliteta":null,"LinkKaSajtu":null}},{"type":"Feature","geometry":{"type":"Point","coordinates":[19.661879999654598,44.33167600021804]},"properties":{"OBJECTID":169,"Naziv":"Бељино брдо (Драгијевица)","PeriodNastanka":"rr","RegionSrbije":"z","StatusPosecenosti":"usk","OpisLokaliteta":null,"LinkKaSajtu":null}},{"type":"Feature","geometry":{"type":"Point","coordinates":[21.54408199956406,44.37858699976846]},"properties":{"OBJECTID":111,"Naziv":"Манастир Витовница са утврђењем","PeriodNastanka":"sv","RegionSrbije":"i","StatusPosecenosti":"po","OpisLokaliteta":"Манастирски комплекс састоји се од цркве посвећене Успењу Пресвете Богородице, два конака, остатака пећинске капеле и зидова старог утврђења. Изграђен је на уздигнутом платоу на десној обали реке Витовнице, на месту где она излази из теснаца клисуре Склоп, коју формирају узвишења Фаца са северне и Урлаја и Чукара са јужне стране. Изнад манастира се уздиже окомита стена са остацима некадашњег утврђења, чија улога је вероватно била да штити улаз у клисуру и оближње мајдане.","LinkKaSajtu":"https://tvrdjave.rs/vitovnica/"}},{"type":"Feature","geometry":{"type":"Point","coordinates":[21.594824710114985,44.7412147737287]},"properties":{"OBJECTID":5783,"Naziv":"Умка - Кузмино брдо","PeriodNastanka":"rr","RegionSrbije":"i","StatusPosecenosti":"usk","OpisLokaliteta":null,"LinkKaSajtu":null}},{"type":"Feature","geometry":{"type":"Point","coordinates":[20.9563350000606,43.58275400006599]},"properties":{"OBJECTID":219,"Naziv":"Градац (Попина)","PeriodNastanka":"rr","RegionSrbije":"c","StatusPosecenosti":"usk","OpisLokaliteta":null,"LinkKaSajtu":null}},{"type":"Feature","geometry":{"type":"Point","coordinates":[21.33373300018276,42.40799499969194]},"properties":{"OBJECTID":66,"Naziv":"Градиште (Трпеза)","PeriodNastanka":"sv","RegionSrbije":"k","StatusPosecenosti":"usk","OpisLokaliteta":null,"LinkKaSajtu":null}},{"type":"Feature","geometry":{"type":"Point","coordinates":[22.31085100013837,43.21740599977325]},"properties":{"OBJECTID":380,"Naziv":"Ремезијана / Remesiana","PeriodNastanka":"rr","RegionSrbije":"j","StatusPosecenosti":"usk","OpisLokaliteta":null,"LinkKaSajtu":null}},{"type":"Feature","geometry":{"type":"Point","coordinates":[22.224869999580473,43.098945999809246]},"properties":{"OBJECTID":262,"Naziv":"Градиште (Велики Крчимир)","PeriodNastanka":"rr","RegionSrbije":"j","StatusPosecenosti":"usk","OpisLokaliteta":null,"LinkKaSajtu":null}},{"type":"Feature","geometry":{"type":"Point","coordinates":[22.25100014425928,44.475417601108525]},"properties":{"OBJECTID":365,"Naziv":"Мироч / Gerulata","PeriodNastanka":"rr","RegionSrbije":"i","StatusPosecenosti":"usk","OpisLokaliteta":null,"LinkKaSajtu":null}},{"type":"Feature","geometry":{"type":"Point","coordinates":[22.453866000355767,43.09675299970618]},"properties":{"OBJECTID":63,"Naziv":"Градиште (Радошевац)","PeriodNastanka":"sv","RegionSrbije":"j","StatusPosecenosti":"usk","OpisLokaliteta":null,"LinkKaSajtu":null}},{"type":"Feature","geometry":{"type":"Point","coordinates":[21.59691099975164,43.406902999793644]},"properties":{"OBJECTID":286,"Naziv":"Градиште (Породин)","PeriodNastanka":"rr","RegionSrbije":"j","StatusPosecenosti":"usk","OpisLokaliteta":null,"LinkKaSajtu":null}},{"type":"Feature","geometry":{"type":"Point","coordinates":[22.261155000268282,43.27868899975776]},"properties":{"OBJECTID":208,"Naziv":"Градац (Врандол)","PeriodNastanka":"rr","RegionSrbije":"j","StatusPosecenosti":"usk","OpisLokaliteta":null,"LinkKaSajtu":null}},{"type":"Feature","geometry":{"type":"Point","coordinates":[20.190639000262216,43.79860599992266]},"properties":{"OBJECTID":109,"Naziv":"Лишка Ћава","PeriodNastanka":"sv","RegionSrbije":"c","StatusPosecenosti":"usk","OpisLokaliteta":null,"LinkKaSajtu":null}},{"type":"Feature","geometry":{"type":"Point","coordinates":[21.67844500008994,44.66118599977964]},"properties":{"OBJECTID":23,"Naziv":"Голубац","PeriodNastanka":"sv","RegionSrbije":"i","StatusPosecenosti":"po","OpisLokaliteta":"Саграђена у средњем веку као погранично војно утврђење, представљала је својеврсну „капију” на такозваним „Железним вратима“ Дунава, која је и с релативно малобројном војном посадом у потпуности могла да контролише једну од најважнијих природних саобраћајница у овом делу Старог континента. Због свог изузетно важног стратешког положаја, Голубац је имао бурну историју, често прелазећи из руке у руку тадашњих пограничних сила, најпре Угарске и Србије, а потом и Отоманског царства.","LinkKaSajtu":"https://tvrdjave.rs/golubac/"}},{"type":"Feature","geometry":{"type":"Point","coordinates":[20.726694999753068,43.27776800005959]},"properties":{"OBJECTID":235,"Naziv":"Градина (Лисина)","PeriodNastanka":"rr","RegionSrbije":"z","StatusPosecenosti":"usk","OpisLokaliteta":null,"LinkKaSajtu":null}},{"type":"Feature","geometry":{"type":"Point","coordinates":[20.453882000128445,42.95108300001476]},"properties":{"OBJECTID":394,"Naziv":"Тупи крш (Избег)","PeriodNastanka":"rr","RegionSrbije":"z","StatusPosecenosti":"usk","OpisLokaliteta":null,"LinkKaSajtu":null}},{"type":"Feature","geometry":{"type":"Point","coordinates":[21.646842999623285,43.07442099967781]},"properties":{"OBJECTID":307,"Naziv":"Златно кале","PeriodNastanka":"rr","RegionSrbije":"j","StatusPosecenosti":"usk","OpisLokaliteta":null,"LinkKaSajtu":null}},{"type":"Feature","geometry":{"type":"Point","coordinates":[21.49693400003046,43.9727969997964]},"properties":{"OBJECTID":113,"Naziv":"Манастир Раваница","PeriodNastanka":"sv","RegionSrbije":"c","StatusPosecenosti":"po","OpisLokaliteta":"Манастирски комплекс са црквом Вазнесења, моћним утврђењем, трпезаријом и келијама, подигао је кнез Лазар Хребељановић у осмој деценији 14. века. Утврђење је било неправилне кружне основе са седам пиргова, повезаних бедемима. Након Лазареве погибије на Косову Пољу 1389. године и преноса његових моштију у Раваницу, манастир постаје место ходочашћа и центар из којег се ширио култ светог кнеза и косовских мученика. ","LinkKaSajtu":"https://tvrdjave.rs/manastir-ravanica/"}},{"type":"Feature","geometry":{"type":"Point","coordinates":[21.6904450001841,43.36787100025956]},"properties":{"OBJECTID":256,"Naziv":"Градиште (Азбресница)","PeriodNastanka":"rr","RegionSrbije":"j","StatusPosecenosti":"usk","OpisLokaliteta":null,"LinkKaSajtu":null}},{"type":"Feature","geometry":{"type":"Point","coordinates":[20.67412400020666,43.80839400004433]},"properties":{"OBJECTID":179,"Naziv":"Велика Градина (Милочај)","PeriodNastanka":"rr","RegionSrbije":"c","StatusPosecenosti":"usk","OpisLokaliteta":null,"LinkKaSajtu":null}},{"type":"Feature","geometry":{"type":"Point","coordinates":[21.417074000342627,42.61507499984101]},"properties":{"OBJECTID":122,"Naziv":"Ново Брдо","PeriodNastanka":"sv","RegionSrbije":"k","StatusPosecenosti":"usk","OpisLokaliteta":null,"LinkKaSajtu":null}},{"type":"Feature","geometry":{"type":"Point","coordinates":[20.65077799959634,43.3335439997317]},"properties":{"OBJECTID":240,"Naziv":"Градина (Павлица)","PeriodNastanka":"rr","RegionSrbije":"z","StatusPosecenosti":"po","OpisLokaliteta":null,"LinkKaSajtu":null}},{"type":"Feature","geometry":{"type":"Point","coordinates":[21.516895000428192,43.41764200019882]},"properties":{"OBJECTID":403,"Naziv":"Чукар (Бољевац)","PeriodNastanka":"rr","RegionSrbije":"j","StatusPosecenosti":"usk","OpisLokaliteta":null,"LinkKaSajtu":null}},{"type":"Feature","geometry":{"type":"Point","coordinates":[20.39217000027066,45.85445100004702]},"properties":{"OBJECTID":418,"Naziv":"Ђурицин град","PeriodNastanka":"pr","RegionSrbije":"v","StatusPosecenosti":"usk","OpisLokaliteta":null,"LinkKaSajtu":null}},{"type":"Feature","geometry":{"type":"Point","coordinates":[20.66691399956543,42.94637100017175]},"properties":{"OBJECTID":40,"Naziv":"Градина (Газиводе)","PeriodNastanka":"sv","RegionSrbije":"k","StatusPosecenosti":"usk","OpisLokaliteta":null,"LinkKaSajtu":null}},{"type":"Feature","geometry":{"type":"Point","coordinates":[22.355375000065777,43.022722000111564]},"properties":{"OBJECTID":355,"Naziv":"Кулиште (Грнчар)","PeriodNastanka":"rr","RegionSrbije":"j","StatusPosecenosti":"usk","OpisLokaliteta":null,"LinkKaSajtu":null}},{"type":"Feature","geometry":{"type":"Point","coordinates":[22.25542500010879,43.361974999969874]},"properties":{"OBJECTID":32,"Naziv":"Градац (Гулијан)","PeriodNastanka":"sv","RegionSrbije":"i","StatusPosecenosti":"usk","OpisLokaliteta":null,"LinkKaSajtu":null}},{"type":"Feature","geometry":{"type":"Point","coordinates":[19.586648999761234,43.98877000003037]},"properties":{"OBJECTID":349,"Naziv":"Кулина (Вишесава)","PeriodNastanka":"rr","RegionSrbije":"z","StatusPosecenosti":"usk","OpisLokaliteta":null,"LinkKaSajtu":null}},{"type":"Feature","geometry":{"type":"Point","coordinates":[20.547995999620735,43.173229000247446]},"properties":{"OBJECTID":241,"Naziv":"Градина (Постење)","PeriodNastanka":"rr","RegionSrbije":"z","StatusPosecenosti":"usk","OpisLokaliteta":null,"LinkKaSajtu":null}},{"type":"Feature","geometry":{"type":"Point","coordinates":[20.80944699973399,43.051108999867466]},"properties":{"OBJECTID":194,"Naziv":"Галич / Municipium DD","PeriodNastanka":"rr","RegionSrbije":"k","StatusPosecenosti":"usk","OpisLokaliteta":null,"LinkKaSajtu":null}},{"type":"Feature","geometry":{"type":"Point","coordinates":[20.001211000280094,46.13797699975948]},"properties":{"OBJECTID":410,"Naziv":"Вашкапу","PeriodNastanka":"pr","RegionSrbije":"v","StatusPosecenosti":"usk","OpisLokaliteta":null,"LinkKaSajtu":null}},{"type":"Feature","geometry":{"type":"Point","coordinates":[20.46889499999116,43.53144300002674]},"properties":{"OBJECTID":50,"Naziv":"Градина (Савово)","PeriodNastanka":"sv","RegionSrbije":"z","StatusPosecenosti":"usk","OpisLokaliteta":null,"LinkKaSajtu":null}},{"type":"Feature","geometry":{"type":"Point","coordinates":[22.18585999990248,43.89949999991497]},"properties":{"OBJECTID":195,"Naziv":"Гамзиград / Felix Romuliana","PeriodNastanka":"rr","RegionSrbije":"i","StatusPosecenosti":"po","OpisLokaliteta":null,"LinkKaSajtu":null}},{"type":"Feature","geometry":{"type":"Point","coordinates":[21.163359000402075,42.784629999796444]},"properties":{"OBJECTID":353,"Naziv":"Кулина (Тенеш До)","PeriodNastanka":"rr","RegionSrbije":"k","StatusPosecenosti":"usk","OpisLokaliteta":null,"LinkKaSajtu":null}},{"type":"Feature","geometry":{"type":"Point","coordinates":[20.402383999561334,43.488485999726905]},"properties":{"OBJECTID":83,"Naziv":"Јеринин град (Придворица)","PeriodNastanka":"sv","RegionSrbije":"z","StatusPosecenosti":"usk","OpisLokaliteta":null,"LinkKaSajtu":null}},{"type":"Feature","geometry":{"type":"Point","coordinates":[22.47442199988193,42.97859300014486]},"properties":{"OBJECTID":329,"Naziv":"Кале (Стрелац)","PeriodNastanka":"rr","RegionSrbije":"j","StatusPosecenosti":"usk","OpisLokaliteta":null,"LinkKaSajtu":null}},{"type":"Feature","geometry":{"type":"Point","coordinates":[19.457044999624443,44.29961899998031]},"properties":{"OBJECTID":128,"Naziv":"Петрина стена","PeriodNastanka":"sv","RegionSrbije":"z","StatusPosecenosti":"usk","OpisLokaliteta":null,"LinkKaSajtu":null}},{"type":"Feature","geometry":{"type":"Point","coordinates":[19.270363000345515,44.42642500003468]},"properties":{"OBJECTID":170,"Naziv":"Биљег (Горња Борина)","PeriodNastanka":"rr","RegionSrbije":"z","StatusPosecenosti":"usk","OpisLokaliteta":null,"LinkKaSajtu":null}},{"type":"Feature","geometry":{"type":"Point","coordinates":[21.052637000039276,44.70764499994354]},"properties":{"OBJECTID":302,"Naziv":"Дубравица / Margum","PeriodNastanka":"rr","RegionSrbije":"c","StatusPosecenosti":"usk","OpisLokaliteta":null,"LinkKaSajtu":null}},{"type":"Feature","geometry":{"type":"Point","coordinates":[22.035484000329443,43.176264999938034]},"properties":{"OBJECTID":278,"Naziv":"Градиште (Краставче)","PeriodNastanka":"rr","RegionSrbije":"j","StatusPosecenosti":"usk","OpisLokaliteta":null,"LinkKaSajtu":null}},{"type":"Feature","geometry":{"type":"Point","coordinates":[21.339895999987284,44.81750899973202]},"properties":{"OBJECTID":357,"Naziv":"Ледерата","PeriodNastanka":"rr","RegionSrbije":"i","StatusPosecenosti":"po","OpisLokaliteta":"Саграђено је крајем 1. века н. е, у оквирима старијег келтског утврђења, на каменито-песковитом платоу који се скоро вертикално уздиже изнад реке. Ледерата је била један од највећих ауксилијарних (помоћних) кастела на овом делу Дунавског лимеса. Њен изузетно повољан стратешки положај на месту где моћни Дунав постаје миран и питом, условио је основну функцију утврђења – заштиту прелаза преко реке.","LinkKaSajtu":"https://tvrdjave.rs/lederata/"}},{"type":"Feature","geometry":{"type":"Point","coordinates":[22.362796703975068,43.51793783715993]},"properties":{"OBJECTID":7805,"Naziv":"Град (Градиште)","PeriodNastanka":"rr","RegionSrbije":"i","StatusPosecenosti":"usk","OpisLokaliteta":null,"LinkKaSajtu":null}},{"type":"Feature","geometry":{"type":"Point","coordinates":[19.66149300004033,43.804552999765356]},"properties":{"OBJECTID":254,"Naziv":"Градина (Шљивовица)","PeriodNastanka":"rr","RegionSrbije":"z","StatusPosecenosti":"usk","OpisLokaliteta":null,"LinkKaSajtu":null}},{"type":"Feature","geometry":{"type":"Point","coordinates":[19.93700999963706,43.78389099968133]},"properties":{"OBJECTID":229,"Naziv":"Градина (Дрежник)","PeriodNastanka":"rr","RegionSrbije":"c","StatusPosecenosti":"usk","OpisLokaliteta":null,"LinkKaSajtu":null}},{"type":"Feature","geometry":{"type":"Point","coordinates":[20.761821000349524,42.19948199977137]},"properties":{"OBJECTID":18,"Naziv":"Вишеград (Бистрички)","PeriodNastanka":"sv","RegionSrbije":"k","StatusPosecenosti":"usk","OpisLokaliteta":null,"LinkKaSajtu":null}},{"type":"Feature","geometry":{"type":"Point","coordinates":[20.69841399992486,43.853655000282096]},"properties":{"OBJECTID":203,"Naziv":"Град (Пајсијевић)","PeriodNastanka":"rr","RegionSrbije":"c","StatusPosecenosti":"usk","OpisLokaliteta":null,"LinkKaSajtu":null}},{"type":"Feature","geometry":{"type":"Point","coordinates":[21.811846905669782,44.48710668712399]},"properties":{"OBJECTID":339,"Naziv":"Краку лу Јордан (Бродица)","PeriodNastanka":"rr","RegionSrbije":"i","StatusPosecenosti":"po","OpisLokaliteta":null,"LinkKaSajtu":null}},{"type":"Feature","geometry":{"type":"Point","coordinates":[21.04465499981929,43.37738599996555]},"properties":{"OBJECTID":58,"Naziv":"Градиште (Брус)","PeriodNastanka":"sv","RegionSrbije":"c","StatusPosecenosti":"usk","OpisLokaliteta":null,"LinkKaSajtu":null}},{"type":"Feature","geometry":{"type":"Point","coordinates":[22.5800369997011,44.29233999986135]},"properties":{"OBJECTID":374,"Naziv":"Прахово / Aquae","PeriodNastanka":"rr","RegionSrbije":"i","StatusPosecenosti":"usk","OpisLokaliteta":null,"LinkKaSajtu":null}},{"type":"Feature","geometry":{"type":"Point","coordinates":[20.989723000432445,42.23531699981303]},"properties":{"OBJECTID":69,"Naziv":"Грчки град (Врбештица)","PeriodNastanka":"sv","RegionSrbije":"k","StatusPosecenosti":"usk","OpisLokaliteta":null,"LinkKaSajtu":null}},{"type":"Feature","geometry":{"type":"Point","coordinates":[19.828479999958617,43.851834999783016]},"properties":{"OBJECTID":155,"Naziv":"Ужички град","PeriodNastanka":"sv","RegionSrbije":"c","StatusPosecenosti":"po","OpisLokaliteta":null,"LinkKaSajtu":null}},{"type":"Feature","geometry":{"type":"Point","coordinates":[20.310426999694997,43.82965499975272]},"properties":{"OBJECTID":56,"Naziv":"Градине (Јелица)","PeriodNastanka":"sv","RegionSrbije":"c","StatusPosecenosti":"po","OpisLokaliteta":null,"LinkKaSajtu":null}},{"type":"Feature","geometry":{"type":"Point","coordinates":[21.220608000146726,43.39187300008039]},"properties":{"OBJECTID":272,"Naziv":"Градиште (Златари)","PeriodNastanka":"rr","RegionSrbije":"c","StatusPosecenosti":"usk","OpisLokaliteta":null,"LinkKaSajtu":null}},{"type":"Feature","geometry":{"type":"Point","coordinates":[21.767201192106214,44.65351398010913]},"properties":{"OBJECTID":5778,"Naziv":"Брњица","PeriodNastanka":"rr","RegionSrbije":"i","StatusPosecenosti":"usk","OpisLokaliteta":null,"LinkKaSajtu":null}},{"type":"Feature","geometry":{"type":"Point","coordinates":[21.326995000442945,44.51532799970272]},"properties":{"OBJECTID":213,"Naziv":"Градац (Калиште)","PeriodNastanka":"rr","RegionSrbije":"c","StatusPosecenosti":"usk","OpisLokaliteta":null,"LinkKaSajtu":null}},{"type":"Feature","geometry":{"type":"Point","coordinates":[22.66918030092608,44.61301189709415]},"properties":{"OBJECTID":338,"Naziv":"Понтес (Костол)","PeriodNastanka":"rr","RegionSrbije":"i","StatusPosecenosti":"po","OpisLokaliteta":null,"LinkKaSajtu":null}},{"type":"Feature","geometry":{"type":"Point","coordinates":[22.729768999741893,43.027553000142746]},"properties":{"OBJECTID":323,"Naziv":"Кале (Гојин Дол)","PeriodNastanka":"rr","RegionSrbije":"j","StatusPosecenosti":"usk","OpisLokaliteta":null,"LinkKaSajtu":null}},{"type":"Feature","geometry":{"type":"Point","coordinates":[22.283963999679845,43.53654099995268]},"properties":{"OBJECTID":164,"Naziv":"Бараница","PeriodNastanka":"rr","RegionSrbije":"i","StatusPosecenosti":"usk","OpisLokaliteta":null,"LinkKaSajtu":null}},{"type":"Feature","geometry":{"type":"Point","coordinates":[19.703549999822094,44.76411200031185]},"properties":{"OBJECTID":160,"Naziv":"Шабачка тврђава","PeriodNastanka":"sv","RegionSrbije":"c","StatusPosecenosti":"po","OpisLokaliteta":"Тврђаву су подигли Турци у другој половини 15. века у сврху одбране Мачве од напада угарске војске, користећи је, осим тога, као базу за упаде у северне крајеве и контролу саобраћаја Савом. Будући да се налазила на позицији где су се у прошлости укрштали путеви за Босну, Београд, Срем и Подриње, Шабачка тврђава је често прелазила из руке Турака у руке Угара и Аустријанаца и обратно, да би Србима коначно припала 1876. године.","LinkKaSajtu":"https://tvrdjave.rs/sabacka-tvrdjava/"}},{"type":"Feature","geometry":{"type":"Point","coordinates":[20.01030900003541,45.16951199981761]},"properties":{"OBJECTID":367,"Naziv":"Михаљевачка шума / Ad Herculae","PeriodNastanka":"rr","RegionSrbije":"v","StatusPosecenosti":"usk","OpisLokaliteta":null,"LinkKaSajtu":null}},{"type":"Feature","geometry":{"type":"Point","coordinates":[20.12116000026963,43.8117069998311]},"properties":{"OBJECTID":236,"Naziv":"Градина (Лопаш)","PeriodNastanka":"rr","RegionSrbije":"c","StatusPosecenosti":"usk","OpisLokaliteta":null,"LinkKaSajtu":null}},{"type":"Feature","geometry":{"type":"Point","coordinates":[21.72542100009439,42.49793799994812]},"properties":{"OBJECTID":263,"Naziv":"Градиште (Велики Трновац)","PeriodNastanka":"rr","RegionSrbije":"j","StatusPosecenosti":"usk","OpisLokaliteta":null,"LinkKaSajtu":null}},{"type":"Feature","geometry":{"type":"Point","coordinates":[20.91329099971657,43.264112999858106]},"properties":{"OBJECTID":210,"Naziv":"Градац (Горње Левиће)","PeriodNastanka":"rr","RegionSrbije":"z","StatusPosecenosti":"usk","OpisLokaliteta":null,"LinkKaSajtu":null}},{"type":"Feature","geometry":{"type":"Point","coordinates":[20.389245000365634,43.474855999933524]},"properties":{"OBJECTID":154,"Naziv":"Ћелије (Придворица)","PeriodNastanka":"sv","RegionSrbije":"z","StatusPosecenosti":"usk","OpisLokaliteta":null,"LinkKaSajtu":null}},{"type":"Feature","geometry":{"type":"Point","coordinates":[20.68307200017414,43.219782000278975]},"properties":{"OBJECTID":182,"Naziv":"Велики крш (Тусниће)","PeriodNastanka":"rr","RegionSrbije":"z","StatusPosecenosti":"usk","OpisLokaliteta":null,"LinkKaSajtu":null}},{"type":"Feature","geometry":{"type":"Point","coordinates":[22.177040999806422,43.31919900000913]},"properties":{"OBJECTID":402,"Naziv":"Чука (Градиште)","PeriodNastanka":"rr","RegionSrbije":"j","StatusPosecenosti":"po","OpisLokaliteta":"Ово утврђење из доба цара Јустинијана, подигнуто у атару данашњег белопаланачког села Градиште, имало је улогу надзора улаза у Сићевачку клисуру, као и заштите регионалног пута који је у античко време водио њеним десним ободом. Нажалост, данас је од овог кастела остало веома мало видљивих трагова, док је траса старог пута запуштена и зарасла у коров.","LinkKaSajtu":"https://tvrdjave.rs/cuka-gradiste/"}},{"type":"Feature","geometry":{"type":"Point","coordinates":[22.377799000411205,44.035528999820336]},"properties":{"OBJECTID":267,"Naziv":"Градиште (Градсково)","PeriodNastanka":"rr","RegionSrbije":"i","StatusPosecenosti":"po","OpisLokaliteta":null,"LinkKaSajtu":null}},{"type":"Feature","geometry":{"type":"Point","coordinates":[22.673700000004978,43.00204199978843]},"properties":{"OBJECTID":257,"Naziv":"Градиште (Бањски Дол)","PeriodNastanka":"rr","RegionSrbije":"j","StatusPosecenosti":"usk","OpisLokaliteta":null,"LinkKaSajtu":null}},{"type":"Feature","geometry":{"type":"Point","coordinates":[22.657328000034326,44.227918999939526]},"properties":{"OBJECTID":395,"Naziv":"Ћетаће (Радујевац)","PeriodNastanka":"rr","RegionSrbije":"i","StatusPosecenosti":"usk","OpisLokaliteta":null,"LinkKaSajtu":null}},{"type":"Feature","geometry":{"type":"Point","coordinates":[20.501776000199804,43.523659000130564]},"properties":{"OBJECTID":44,"Naziv":"Градина (Ђаково)","PeriodNastanka":"sv","RegionSrbije":"z","StatusPosecenosti":"usk","OpisLokaliteta":null,"LinkKaSajtu":null}},{"type":"Feature","geometry":{"type":"Point","coordinates":[21.46929099988671,44.10062499974141]},"properties":{"OBJECTID":112,"Naziv":"Манастир Манасија","PeriodNastanka":"sv","RegionSrbije":"c","StatusPosecenosti":"po","OpisLokaliteta":"Манастирски комплекс подигнут је почетком 15. века, а чине га црква посвећена Светој Тројици, велика трпезарија и моћна тврђава са 11 кула, која представља најизразитије утврђење једног српског средњовековног манастира. Познат је и као седиште „Ресавске школе“, чувене преписивачке радионице у којој су се окупљали учени монаси, писци и преводиоци, због чега је представљао симбол духовности и просвећености и после пада Деспотовине.","LinkKaSajtu":"https://tvrdjave.rs/manastir-manasija/"}},{"type":"Feature","geometry":{"type":"Point","coordinates":[20.96748200038512,42.82219700002903]},"properties":{"OBJECTID":99,"Naziv":"Кула Војиновића","PeriodNastanka":"sv","RegionSrbije":"k","StatusPosecenosti":"usk","OpisLokaliteta":null,"LinkKaSajtu":null}},{"type":"Feature","geometry":{"type":"Point","coordinates":[20.51797099972013,43.13965899987808]},"properties":{"OBJECTID":123,"Naziv":"Новопазарска тврђава","PeriodNastanka":"sv","RegionSrbije":"z","StatusPosecenosti":"usk","OpisLokaliteta":null,"LinkKaSajtu":null}},{"type":"Feature","geometry":{"type":"Point","coordinates":[21.263952000066396,44.95101099973721]},"properties":{"OBJECTID":419,"Naziv":"Жидовар","PeriodNastanka":"pr","RegionSrbije":"v","StatusPosecenosti":"usk","OpisLokaliteta":null,"LinkKaSajtu":null}},{"type":"Feature","geometry":{"type":"Point","coordinates":[22.121315000201207,43.066191999943044]},"properties":{"OBJECTID":404,"Naziv":"Чукар (Ступница)","PeriodNastanka":"rr","RegionSrbije":"j","StatusPosecenosti":"usk","OpisLokaliteta":null,"LinkKaSajtu":null}},{"type":"Feature","geometry":{"type":"Point","coordinates":[20.449203999930198,43.27701800019221]},"properties":{"OBJECTID":344,"Naziv":"Кула (Калудра)","PeriodNastanka":"rr","RegionSrbije":"z","StatusPosecenosti":"usk","OpisLokaliteta":null,"LinkKaSajtu":null}},{"type":"Feature","geometry":{"type":"Point","coordinates":[19.74380499980517,44.187374000122055]},"properties":{"OBJECTID":189,"Naziv":"Вито (Брезовице)","PeriodNastanka":"rr","RegionSrbije":"z","StatusPosecenosti":"usk","OpisLokaliteta":null,"LinkKaSajtu":null}},{"type":"Feature","geometry":{"type":"Point","coordinates":[21.33730063328251,44.825565827994986]},"properties":{"OBJECTID":6193,"Naziv":"Сапаја","PeriodNastanka":"rr","RegionSrbije":"i","StatusPosecenosti":"usk","OpisLokaliteta":null,"LinkKaSajtu":null}},{"type":"Feature","geometry":{"type":"Point","coordinates":[20.561148999958462,43.02635300024756]},"properties":{"OBJECTID":81,"Naziv":"Јелеч","PeriodNastanka":"sv","RegionSrbije":"z","StatusPosecenosti":"po","OpisLokaliteta":"Познат и као Јеринин град, саграђен je на 1262 мнв као изразито стратешко утврђење, које је својим положајем доминирало читавом околином. Први сигуран помен Јелеча је из друге половине 13. века, али је као утврђење вероватно постојао много раније. Упамћен је по томе што је на његовим стрмоглавим литицама српски краљ Драгутин доживео незгоду, након чега је абдицирао у корист свог брата Милутина. У османлијске руке град пада крајем 14. века, када постаје центар вилајета.","LinkKaSajtu":"https://tvrdjave.rs/jelec/"}},{"type":"Feature","geometry":{"type":"Point","coordinates":[22.098440999593972,42.98129299984763]},"properties":{"OBJECTID":33,"Naziv":"Градац (Конопница)","PeriodNastanka":"sv","RegionSrbije":"j","StatusPosecenosti":"usk","OpisLokaliteta":null,"LinkKaSajtu":null}},{"type":"Feature","geometry":{"type":"Point","coordinates":[21.980466999655476,43.06061100000311]},"properties":{"OBJECTID":413,"Naziv":"Градац (Злокућане)","PeriodNastanka":"pr","RegionSrbije":"j","StatusPosecenosti":"usk","OpisLokaliteta":null,"LinkKaSajtu":null}},{"type":"Feature","geometry":{"type":"Point","coordinates":[20.651120999728004,44.73921999979766]},"properties":{"OBJECTID":382,"Naziv":"Ритопек / Tricornium","PeriodNastanka":"rr","RegionSrbije":"c","StatusPosecenosti":"po","OpisLokaliteta":null,"LinkKaSajtu":null}},{"type":"Feature","geometry":{"type":"Point","coordinates":[21.36900899966872,42.29286600015603]},"properties":{"OBJECTID":296,"Naziv":"Градиште-Каљаја (Бинач)","PeriodNastanka":"rr","RegionSrbije":"k","StatusPosecenosti":"usk","OpisLokaliteta":null,"LinkKaSajtu":null}},{"type":"Feature","geometry":{"type":"Point","coordinates":[22.0540670003527,43.2832349997505]},"properties":{"OBJECTID":350,"Naziv":"Кулина (Јелашница)","PeriodNastanka":"rr","RegionSrbije":"j","StatusPosecenosti":"usk","OpisLokaliteta":null,"LinkKaSajtu":null}},{"type":"Feature","geometry":{"type":"Point","coordinates":[22.04531199983075,42.580041000234786]},"properties":{"OBJECTID":275,"Naziv":"Градиште (Корбевац)","PeriodNastanka":"rr","RegionSrbije":"j","StatusPosecenosti":"usk","OpisLokaliteta":null,"LinkKaSajtu":null}},{"type":"Feature","geometry":{"type":"Point","coordinates":[20.67347999977609,42.62069700032351]},"properties":{"OBJECTID":162,"Naziv":"Манастир Добра Вода са утврђењем","PeriodNastanka":"sv","RegionSrbije":"k","StatusPosecenosti":"usk","OpisLokaliteta":null,"LinkKaSajtu":null}},{"type":"Feature","geometry":{"type":"Point","coordinates":[21.81738299998364,43.71545900007669]},"properties":{"OBJECTID":20,"Naziv":"Врмџа","PeriodNastanka":"sv","RegionSrbije":"i","StatusPosecenosti":"po","OpisLokaliteta":"У селу Врмџа надомак Сокобање, налази се импозантна стена необичног облика са остацима некадашње истоимене тврђаве, знане још и као Латин или Латински град. Позиционирана на скоро подједнакој удаљеностих од оближњих утврда Сокограда и Бовна, средњовековна тврђава Врмџа имала је изванредан положај са кога се у потпуности могла контролисати читава Сокобањска котлина.","LinkKaSajtu":"https://tvrdjave.rs/vrmdza/"}},{"type":"Feature","geometry":{"type":"Point","coordinates":[19.986835000276898,44.63894899992259]},"properties":{"OBJECTID":299,"Naziv":"Градуштина (Бељин)","PeriodNastanka":"rr","RegionSrbije":"c","StatusPosecenosti":"usk","OpisLokaliteta":null,"LinkKaSajtu":null}},{"type":"Feature","geometry":{"type":"Point","coordinates":[21.43552799959613,42.764028000053386]},"properties":{"OBJECTID":226,"Naziv":"Градина (Губавце)","PeriodNastanka":"rr","RegionSrbije":"j","StatusPosecenosti":"usk","OpisLokaliteta":null,"LinkKaSajtu":null}},{"type":"Feature","geometry":{"type":"Point","coordinates":[20.62099500044341,43.52453100004423]},"properties":{"OBJECTID":250,"Naziv":"Градина (Церје)","PeriodNastanka":"rr","RegionSrbije":"c","StatusPosecenosti":"usk","OpisLokaliteta":null,"LinkKaSajtu":null}},{"type":"Feature","geometry":{"type":"Point","coordinates":[20.787333999733185,42.90419900010408]},"properties":{"OBJECTID":54,"Naziv":"Градина (Чабра)","PeriodNastanka":"sv","RegionSrbije":"k","StatusPosecenosti":"usk","OpisLokaliteta":null,"LinkKaSajtu":null}},{"type":"Feature","geometry":{"type":"Point","coordinates":[20.63155199986575,43.08224199989087]},"properties":{"OBJECTID":47,"Naziv":"Градина (Меденовац)","PeriodNastanka":"sv","RegionSrbije":"z","StatusPosecenosti":"usk","OpisLokaliteta":null,"LinkKaSajtu":null}},{"type":"Feature","geometry":{"type":"Point","coordinates":[20.050564000018483,43.20517600027048]},"properties":{"OBJECTID":176,"Naziv":"Велика Градина (Врсјенице)","PeriodNastanka":"rr","RegionSrbije":"z","StatusPosecenosti":"po","OpisLokaliteta":null,"LinkKaSajtu":null}},{"type":"Feature","geometry":{"type":"Point","coordinates":[20.684186999884595,42.91249800025073]},"properties":{"OBJECTID":26,"Naziv":"Град (Зубин Поток)","PeriodNastanka":"sv","RegionSrbije":"k","StatusPosecenosti":"usk","OpisLokaliteta":null,"LinkKaSajtu":null}},{"type":"Feature","geometry":{"type":"Point","coordinates":[21.303005000300388,43.057632000304565]},"properties":{"OBJECTID":12,"Naziv":"Бранкова кула","PeriodNastanka":"sv","RegionSrbije":"j","StatusPosecenosti":"usk","OpisLokaliteta":null,"LinkKaSajtu":null}},{"type":"Feature","geometry":{"type":"Point","coordinates":[21.52099399959491,42.540497000201555]},"properties":{"OBJECTID":132,"Naziv":"Прилепац","PeriodNastanka":"sv","RegionSrbije":"k","StatusPosecenosti":"usk","OpisLokaliteta":null,"LinkKaSajtu":null}},{"type":"Feature","geometry":{"type":"Point","coordinates":[21.255906000272297,42.22827900012034]},"properties":{"OBJECTID":90,"Naziv":"Каљаја (Качаник)","PeriodNastanka":"sv","RegionSrbije":"k","StatusPosecenosti":"usk","OpisLokaliteta":null,"LinkKaSajtu":null}},{"type":"Feature","geometry":{"type":"Point","coordinates":[22.02248099977955,43.67696699973907]},"properties":{"OBJECTID":281,"Naziv":"Градиште (Милушинац)","PeriodNastanka":"rr","RegionSrbije":"i","StatusPosecenosti":"usk","OpisLokaliteta":null,"LinkKaSajtu":null}},{"type":"Feature","geometry":{"type":"Point","coordinates":[19.613255999837268,45.231562999727615]},"properties":{"OBJECTID":167,"Naziv":"Бегеч / Castellum Onagrinum","PeriodNastanka":"rr","RegionSrbije":"v","StatusPosecenosti":"usk","OpisLokaliteta":null,"LinkKaSajtu":null}},{"type":"Feature","geometry":{"type":"Point","coordinates":[22.63376700023719,42.991621000281896]},"properties":{"OBJECTID":320,"Naziv":"Кале (Власи)","PeriodNastanka":"rr","RegionSrbije":"j","StatusPosecenosti":"usk","OpisLokaliteta":null,"LinkKaSajtu":null}},{"type":"Feature","geometry":{"type":"Point","coordinates":[20.847715999795362,42.9045609997688]},"properties":{"OBJECTID":77,"Naziv":"Звечан","PeriodNastanka":"sv","RegionSrbije":"k","StatusPosecenosti":"usk","OpisLokaliteta":null,"LinkKaSajtu":null}},{"type":"Feature","geometry":{"type":"Point","coordinates":[20.51619499986073,43.20824100013562]},"properties":{"OBJECTID":388,"Naziv":"Соколовица (Скуково)","PeriodNastanka":"rr","RegionSrbije":"z","StatusPosecenosti":"usk","OpisLokaliteta":null,"LinkKaSajtu":null}},{"type":"Feature","geometry":{"type":"Point","coordinates":[20.068984999660046,44.33308099971037]},"properties":{"OBJECTID":140,"Naziv":"Словац","PeriodNastanka":"sv","RegionSrbije":"c","StatusPosecenosti":"po","OpisLokaliteta":null,"LinkKaSajtu":null}},{"type":"Feature","geometry":{"type":"Point","coordinates":[21.16516100020077,43.51276699975804]},"properties":{"OBJECTID":61,"Naziv":"Градиште (Мрмош)","PeriodNastanka":"sv","RegionSrbije":"c","StatusPosecenosti":"usk","OpisLokaliteta":null,"LinkKaSajtu":null}},{"type":"Feature","geometry":{"type":"Point","coordinates":[21.369320000013346,43.93410100003538]},"properties":{"OBJECTID":377,"Naziv":"Равно / Horreum Margi","PeriodNastanka":"rr","RegionSrbije":"c","StatusPosecenosti":"usk","OpisLokaliteta":null,"LinkKaSajtu":null}},{"type":"Feature","geometry":{"type":"Point","coordinates":[19.428731000184257,44.270101000196384]},"properties":{"OBJECTID":142,"Naziv":"Соко Град (дрински)","PeriodNastanka":"sv","RegionSrbije":"z","StatusPosecenosti":"po","OpisLokaliteta":"Подигнута је на маркантној стени изнад клисуре Соколске реке, која свој ток усеца кроз југозападне обронке Соколских планина. Вероватно названа по соколовима који су се некада ту гнездили, ова утврда позната је по томе што је господаре мењала искључиво мировним споразумима. Због свог изузетног положаја сматрана је неосвојивом, па је у турско доба са правом носила епитет „Султанове невесте“.","LinkKaSajtu":"https://tvrdjave.rs/soko-grad-drinski/"}},{"type":"Feature","geometry":{"type":"Point","coordinates":[19.735415000054505,43.27870499982883]},"properties":{"OBJECTID":38,"Naziv":"Градина (Водице)","PeriodNastanka":"sv","RegionSrbije":"z","StatusPosecenosti":"po","OpisLokaliteta":null,"LinkKaSajtu":null}},{"type":"Feature","geometry":{"type":"Point","coordinates":[22.066813000086356,42.89366799975208]},"properties":{"OBJECTID":326,"Naziv":"Кале (Грделица)","PeriodNastanka":"rr","RegionSrbije":"j","StatusPosecenosti":"usk","OpisLokaliteta":null,"LinkKaSajtu":null}},{"type":"Feature","geometry":{"type":"Point","coordinates":[22.289086485382377,43.93869276621912]},"properties":{"OBJECTID":5781,"Naziv":"Влашко брдо","PeriodNastanka":"nv","RegionSrbije":"i","StatusPosecenosti":"usk","OpisLokaliteta":null,"LinkKaSajtu":null}},{"type":"Feature","geometry":{"type":"Point","coordinates":[21.989425525183147,43.33655972306272]},"properties":{"OBJECTID":209,"Naziv":"Градац (Горња Врежина)","PeriodNastanka":"rr","RegionSrbije":"j","StatusPosecenosti":"po","OpisLokaliteta":null,"LinkKaSajtu":null}},{"type":"Feature","geometry":{"type":"Point","coordinates":[21.42685900018621,43.462824999842546]},"properties":{"OBJECTID":217,"Naziv":"Градац (Петина)","PeriodNastanka":"rr","RegionSrbije":"c","StatusPosecenosti":"usk","OpisLokaliteta":null,"LinkKaSajtu":null}},{"type":"Feature","geometry":{"type":"Point","coordinates":[21.66654100025526,44.29445899974746]},"properties":{"OBJECTID":185,"Naziv":"Велико шетаће (Осаница)","PeriodNastanka":"rr","RegionSrbije":"i","StatusPosecenosti":"usk","OpisLokaliteta":null,"LinkKaSajtu":null}},{"type":"Feature","geometry":{"type":"Point","coordinates":[21.99415382744406,44.62682890101054]},"properties":{"OBJECTID":5775,"Naziv":"Босман","PeriodNastanka":"rr","RegionSrbije":"i","StatusPosecenosti":"usk","OpisLokaliteta":null,"LinkKaSajtu":null}},{"type":"Feature","geometry":{"type":"Point","coordinates":[22.3267939997636,43.13293599999712]},"properties":{"OBJECTID":341,"Naziv":"Кула (Бежиште)","PeriodNastanka":"rr","RegionSrbije":"j","StatusPosecenosti":"usk","OpisLokaliteta":null,"LinkKaSajtu":null}},{"type":"Feature","geometry":{"type":"Point","coordinates":[20.84569899991149,43.88972800023516]},"properties":{"OBJECTID":159,"Naziv":"Честин","PeriodNastanka":"sv","RegionSrbije":"c","StatusPosecenosti":"usk","OpisLokaliteta":null,"LinkKaSajtu":null}},{"type":"Feature","geometry":{"type":"Point","coordinates":[20.329685000110924,43.20035800028648]},"properties":{"OBJECTID":239,"Naziv":"Градина (Осаоница)","PeriodNastanka":"rr","RegionSrbije":"z","StatusPosecenosti":"usk","OpisLokaliteta":null,"LinkKaSajtu":null}},{"type":"Feature","geometry":{"type":"Point","coordinates":[21.213398000403828,43.815299999955755]},"properties":{"OBJECTID":316,"Naziv":"Јеринин град (Секурич)","PeriodNastanka":"rr","RegionSrbije":"c","StatusPosecenosti":"usk","OpisLokaliteta":null,"LinkKaSajtu":null}},{"type":"Feature","geometry":{"type":"Point","coordinates":[21.632937999798276,44.2538679997241]},"properties":{"OBJECTID":35,"Naziv":"Градац у Рибарској клисури","PeriodNastanka":"sv","RegionSrbije":"i","StatusPosecenosti":"po","OpisLokaliteta":"Утврђење Градац налази се источно од Крепољина на маркантном узвишењу у централном делу Рибарске клисуре, на месту где река Млава прави оштру окуку пробијајући се око кршевитих литица Ђуле. Повољан положај за контролу пута, који је долином Млаве водио у рудоносне крајеве источне Србије, одређивао је стратешки значај овог утврђења, а конфигурација терена је утицала на његов неправилан облик прилагођен литицама које су га штитиле са три стране.","LinkKaSajtu":"https://tvrdjave.rs/gradac-u-ribarskoj-klisuri/"}},{"type":"Feature","geometry":{"type":"Point","coordinates":[21.62753099967897,42.31382999977752]},"properties":{"OBJECTID":363,"Naziv":"Марково кале (Прешево)","PeriodNastanka":"rr","RegionSrbije":"j","StatusPosecenosti":"usk","OpisLokaliteta":null,"LinkKaSajtu":null}},{"type":"Feature","geometry":{"type":"Point","coordinates":[21.94579100021916,43.167282000286654]},"properties":{"OBJECTID":284,"Naziv":"Градиште (Ново Село)","PeriodNastanka":"rr","RegionSrbije":"j","StatusPosecenosti":"usk","OpisLokaliteta":null,"LinkKaSajtu":null}},{"type":"Feature","geometry":{"type":"Point","coordinates":[20.210520000294004,44.39085500007823]},"properties":{"OBJECTID":370,"Naziv":"Остењак (Јабучје)","PeriodNastanka":"rr","RegionSrbije":"c","StatusPosecenosti":"usk","OpisLokaliteta":null,"LinkKaSajtu":null}},{"type":"Feature","geometry":{"type":"Point","coordinates":[21.330224000121625,44.8128090002054]},"properties":{"OBJECTID":135,"Naziv":"Рам","PeriodNastanka":"sv","RegionSrbije":"i","StatusPosecenosti":"po","OpisLokaliteta":"Подигнута је на стеновитом узвишењу које се са северозападне стране стрмо спушта ка Дунаву, одакле ce могла контролисати пловидба и прелаз преко реке. Саградио ју је турски султан Бајазит II 1483. године, одмах након завршетка обнове оближњег града Кулича. Грађена је као једно од првих савремених артиљеријских утврђења на тлу Србије, са намером да се оснажи одбрана границе Османског царства од угарских упада на потезу између Смедерева и Голупца. ","LinkKaSajtu":"https://tvrdjave.rs/ram/"}},{"type":"Feature","geometry":{"type":"Point","coordinates":[19.23869099955864,43.50436300009905]},"properties":{"OBJECTID":74,"Naziv":"Жидовска градина (Кукуровићи)","PeriodNastanka":"sv","RegionSrbije":"z","StatusPosecenosti":"po","OpisLokaliteta":null,"LinkKaSajtu":null}},{"type":"Feature","geometry":{"type":"Point","coordinates":[21.365318000032676,43.4381499999557]},"properties":{"OBJECTID":206,"Naziv":"Градац (Буци)","PeriodNastanka":"rr","RegionSrbije":"c","StatusPosecenosti":"usk","OpisLokaliteta":null,"LinkKaSajtu":null}},{"type":"Feature","geometry":{"type":"Point","coordinates":[21.71456300037318,43.55271600004429]},"properties":{"OBJECTID":260,"Naziv":"Градиште (Вакуп)","PeriodNastanka":"rr","RegionSrbije":"j","StatusPosecenosti":"usk","OpisLokaliteta":null,"LinkKaSajtu":null}},{"type":"Feature","geometry":{"type":"Point","coordinates":[22.526521796230877,44.164543437120045]},"properties":{"OBJECTID":368,"Naziv":"Мокрањске стене / Petres","PeriodNastanka":"rr","RegionSrbije":"i","StatusPosecenosti":"usk","OpisLokaliteta":null,"LinkKaSajtu":null}},{"type":"Feature","geometry":{"type":"Point","coordinates":[22.303125999836322,44.638627999803965]},"properties":{"OBJECTID":398,"Naziv":"Хајдучка воденица","PeriodNastanka":"rr","RegionSrbije":"i","StatusPosecenosti":"usk","OpisLokaliteta":null,"LinkKaSajtu":null}},{"type":"Feature","geometry":{"type":"Point","coordinates":[19.946709000165246,43.70877200025738]},"properties":{"OBJECTID":233,"Naziv":"Градина (Крушчица)","PeriodNastanka":"rr","RegionSrbije":"c","StatusPosecenosti":"usk","OpisLokaliteta":null,"LinkKaSajtu":null}},{"type":"Feature","geometry":{"type":"Point","coordinates":[20.550569999896478,44.074545000010595]},"properties":{"OBJECTID":224,"Naziv":"Градина (Горња Црнућа)","PeriodNastanka":"rr","RegionSrbije":"c","StatusPosecenosti":"po","OpisLokaliteta":null,"LinkKaSajtu":null}},{"type":"Feature","geometry":{"type":"Point","coordinates":[20.60320599974023,43.96465800019347]},"properties":{"OBJECTID":11,"Naziv":"Борач","PeriodNastanka":"sv","RegionSrbije":"c","StatusPosecenosti":"po","OpisLokaliteta":" Свој највећи успон Борач доживљава у време кнеза Лазара и деспота Стефана Лазаревића, када представља једно од најзначајнијих утврђења Деспотовине у коме се налазило седиште такозване „борачке власти“. О његовој тадашњој важности и величини говори податак да је као метропола био уцртан на млетачкој мапи из 15. века. Испод града, у подножју литица Борачког крша, налази се црква из 14. века и изузетно добро очувано старо гробље.","LinkKaSajtu":"https://tvrdjave.rs/borac/"}},{"type":"Feature","geometry":{"type":"Point","coordinates":[21.25880199986503,42.21466100016255]},"properties":{"OBJECTID":192,"Naziv":"Врањак (Ланиште)","PeriodNastanka":"rr","RegionSrbije":"k","StatusPosecenosti":"usk","OpisLokaliteta":null,"LinkKaSajtu":null}},{"type":"Feature","geometry":{"type":"Point","coordinates":[20.125579999826734,43.00690700017873]},"properties":{"OBJECTID":305,"Naziv":"Ђурђевица (Ђерекаре)","PeriodNastanka":"rr","RegionSrbije":"z","StatusPosecenosti":"usk","OpisLokaliteta":null,"LinkKaSajtu":null}},{"type":"Feature","geometry":{"type":"Point","coordinates":[21.870731999854915,43.43076400000572]},"properties":{"OBJECTID":293,"Naziv":"Градиште (Церје)","PeriodNastanka":"rr","RegionSrbije":"j","StatusPosecenosti":"usk","OpisLokaliteta":null,"LinkKaSajtu":null}},{"type":"Feature","geometry":{"type":"Point","coordinates":[19.871864000061244,44.235390999720465]},"properties":{"OBJECTID":347,"Naziv":"Кула осматрачница (Ћелијско брдо)","PeriodNastanka":"rr","RegionSrbije":"z","StatusPosecenosti":"usk","OpisLokaliteta":null,"LinkKaSajtu":null}},{"type":"Feature","geometry":{"type":"Point","coordinates":[20.33826700038055,42.99535699998668]},"properties":{"OBJECTID":416,"Naziv":"Градац (Тутин)","PeriodNastanka":"pr","RegionSrbije":"z","StatusPosecenosti":"usk","OpisLokaliteta":null,"LinkKaSajtu":null}},{"type":"Feature","geometry":{"type":"Point","coordinates":[19.857862999976753,44.221330000244265]},"properties":{"OBJECTID":312,"Naziv":"Јеринин град (Бранговић)","PeriodNastanka":"rr","RegionSrbije":"z","StatusPosecenosti":"po","OpisLokaliteta":null,"LinkKaSajtu":null}},{"type":"Feature","geometry":{"type":"Point","coordinates":[22.544289000212018,44.65375699993903]},"properties":{"OBJECTID":332,"Naziv":"Дијана / Diana (Караташ)","PeriodNastanka":"rr","RegionSrbije":"i","StatusPosecenosti":"po","OpisLokaliteta":null,"LinkKaSajtu":null}},{"type":"Feature","geometry":{"type":"Point","coordinates":[20.97757799967503,42.70981300019124]},"properties":{"OBJECTID":247,"Naziv":"Градина (Стровце)","PeriodNastanka":"rr","RegionSrbije":"k","StatusPosecenosti":"usk","OpisLokaliteta":null,"LinkKaSajtu":null}},{"type":"Feature","geometry":{"type":"Point","coordinates":[21.948817000406514,43.31004999970353]},"properties":{"OBJECTID":364,"Naziv":"Медиjана / Mediana","PeriodNastanka":"rr","RegionSrbije":"j","StatusPosecenosti":"po","OpisLokaliteta":null,"LinkKaSajtu":null}},{"type":"Feature","geometry":{"type":"Point","coordinates":[19.217678999922857,45.006757999800186]},"properties":{"OBJECTID":120,"Naziv":"Моровић","PeriodNastanka":"sv","RegionSrbije":"v","StatusPosecenosti":"usk","OpisLokaliteta":null,"LinkKaSajtu":null}},{"type":"Feature","geometry":{"type":"Point","coordinates":[21.844945999761446,43.22145899991238]},"properties":{"OBJECTID":96,"Naziv":"Копријан","PeriodNastanka":"sv","RegionSrbije":"j","StatusPosecenosti":"po","OpisLokaliteta":"Подигнут је за време кнеза Лазара, на темељима римског и византијског утврђења. Са платоа тврђаве се пружа величанствен поглед на теснац кроз који протиче Јужна Морава, што објашњава стратешки значај фортификације са које је контролисан некадашњи путни правац који је од Ниша водио даље ка југу. Из уклесаног натписа на каменом надвратном блоку, који је пронађен у неискоришћеном грађевинском материјалу који су Турци донели у Нишку тврђаву, зна се да га је сазидао логотет Ненад 1372.","LinkKaSajtu":"https://tvrdjave.rs/koprijan/"}},{"type":"Feature","geometry":{"type":"Point","coordinates":[21.561483999754643,42.593280000137234]},"properties":{"OBJECTID":300,"Naziv":"Дардана / Dardana","PeriodNastanka":"rr","RegionSrbije":"k","StatusPosecenosti":"usk","OpisLokaliteta":null,"LinkKaSajtu":null}},{"type":"Feature","geometry":{"type":"Point","coordinates":[19.562508999830836,43.84093400028074]},"properties":{"OBJECTID":381,"Naziv":"Римски логор (Кремна)","PeriodNastanka":"rr","RegionSrbije":"z","StatusPosecenosti":"usk","OpisLokaliteta":null,"LinkKaSajtu":null}},{"type":"Feature","geometry":{"type":"Point","coordinates":[20.39598899995322,43.23794999984801]},"properties":{"OBJECTID":252,"Naziv":"Градина (Шароње)","PeriodNastanka":"rr","RegionSrbije":"z","StatusPosecenosti":"usk","OpisLokaliteta":null,"LinkKaSajtu":null}},{"type":"Feature","geometry":{"type":"Point","coordinates":[20.799522000148297,42.25126600010038]},"properties":{"OBJECTID":276,"Naziv":"Градиште (Кориша)","PeriodNastanka":"rr","RegionSrbije":"k","StatusPosecenosti":"usk","OpisLokaliteta":null,"LinkKaSajtu":null}},{"type":"Feature","geometry":{"type":"Point","coordinates":[20.9994220000623,43.79724300018514]},"properties":{"OBJECTID":201,"Naziv":"Град (Жупањевац)","PeriodNastanka":"rr","RegionSrbije":"c","StatusPosecenosti":"usk","OpisLokaliteta":null,"LinkKaSajtu":null}},{"type":"Feature","geometry":{"type":"Point","coordinates":[19.92870600010012,43.97584699988403]},"properties":{"OBJECTID":79,"Naziv":"Злоступ","PeriodNastanka":"sv","RegionSrbije":"z","StatusPosecenosti":"usk","OpisLokaliteta":null,"LinkKaSajtu":null}},{"type":"Feature","geometry":{"type":"Point","coordinates":[20.693006999805554,43.24276400014435]},"properties":{"OBJECTID":227,"Naziv":"Градина (Доња Рудница)","PeriodNastanka":"rr","RegionSrbije":"z","StatusPosecenosti":"usk","OpisLokaliteta":null,"LinkKaSajtu":null}},{"type":"Feature","geometry":{"type":"Point","coordinates":[19.87315200002402,43.72552199982071]},"properties":{"OBJECTID":48,"Naziv":"Градина (Равни)","PeriodNastanka":"sv","RegionSrbije":"z","StatusPosecenosti":"usk","OpisLokaliteta":null,"LinkKaSajtu":null}},{"type":"Feature","geometry":{"type":"Point","coordinates":[20.528297000062118,44.098003000285715]},"properties":{"OBJECTID":55,"Naziv":"Градине (Ђуревци)","PeriodNastanka":"sv","RegionSrbije":"c","StatusPosecenosti":"usk","OpisLokaliteta":null,"LinkKaSajtu":null}},{"type":"Feature","geometry":{"type":"Point","coordinates":[19.221814999797825,45.392999000103806]},"properties":{"OBJECTID":5,"Naziv":"Бач","PeriodNastanka":"sv","RegionSrbije":"v","StatusPosecenosti":"po","OpisLokaliteta":"Тврђава Бач је најзначајније и најбоље очувано средњовековно утврђење на подручју Војводине. Трђава је подигнута на некадашњем острву смештеном између реке Мостонге и једног од њених рукаваца. Осим што се убрајао међу најзначајнија утврђења Угарске, славни град Бач био је познат и као један од центара хуманизма и ренесансе у овом делу Европе.","LinkKaSajtu":"https://tvrdjave.rs/bac/"}},{"type":"Feature","geometry":{"type":"Point","coordinates":[20.527911000272756,42.96713200023754]},"properties":{"OBJECTID":14,"Naziv":"Брњаци","PeriodNastanka":"sv","RegionSrbije":"k","StatusPosecenosti":"usk","OpisLokaliteta":null,"LinkKaSajtu":null}},{"type":"Feature","geometry":{"type":"Point","coordinates":[20.614041999720154,44.1247179997319]},"properties":{"OBJECTID":146,"Naziv":"Сребрница","PeriodNastanka":"sv","RegionSrbije":"c","StatusPosecenosti":"usk","OpisLokaliteta":null,"LinkKaSajtu":null}},{"type":"Feature","geometry":{"type":"Point","coordinates":[19.39181299983487,44.45724899985387]},"properties":{"OBJECTID":177,"Naziv":"Велика градина (Дворска)","PeriodNastanka":"rr","RegionSrbije":"z","StatusPosecenosti":"usk","OpisLokaliteta":null,"LinkKaSajtu":null}},{"type":"Feature","geometry":{"type":"Point","coordinates":[22.25529700006227,43.23638700027374]},"properties":{"OBJECTID":389,"Naziv":"Стража (Вргудинац)","PeriodNastanka":"rr","RegionSrbije":"j","StatusPosecenosti":"usk","OpisLokaliteta":null,"LinkKaSajtu":null}},{"type":"Feature","geometry":{"type":"Point","coordinates":[22.000385000395514,42.54096299989243]},"properties":{"OBJECTID":321,"Naziv":"Кале (Врањска Бања)","PeriodNastanka":"rr","RegionSrbije":"j","StatusPosecenosti":"usk","OpisLokaliteta":null,"LinkKaSajtu":null}},{"type":"Feature","geometry":{"type":"Point","coordinates":[21.52317049984902,44.76786166713026]},"properties":{"OBJECTID":5782,"Naziv":"Пинкум / Pincum (Велико Градиште)","PeriodNastanka":"rr","RegionSrbije":"i","StatusPosecenosti":"usk","OpisLokaliteta":null,"LinkKaSajtu":null}},{"type":"Feature","geometry":{"type":"Point","coordinates":[20.102834999989252,43.23507300024985]},"properties":{"OBJECTID":41,"Naziv":"Градина (Градац)","PeriodNastanka":"sv","RegionSrbije":"z","StatusPosecenosti":"po","OpisLokaliteta":null,"LinkKaSajtu":null}},{"type":"Feature","geometry":{"type":"Point","coordinates":[21.536292999687902,44.27430500030554]},"properties":{"OBJECTID":87,"Naziv":"Јеринина кула","PeriodNastanka":"sv","RegionSrbije":"i","StatusPosecenosti":"po","OpisLokaliteta":"Средњовековни град Ждрело, у питању је читав комплекс утврђења, кула стражара и сакралних објеката, који захвата шире подручје клисуре, простирући се са обе стране реке и то претежно по стрмим и готово неприступачним литицама планинских масива Вукана и Јежевца. Крајем 13. века, овај град је био седиште бугарских великаша Дрмана и Куделина, који су одавде владали областима Браничева и Кучева, све док их српски краљеви Драгутин и Милутин нису покорили и припојили ове крајеве Србији.","LinkKaSajtu":"https://tvrdjave.rs/zdrelo/"}},{"type":"Feature","geometry":{"type":"Point","coordinates":[21.812667999975442,44.19186700011533]},"properties":{"OBJECTID":372,"Naziv":"Подкрш (Жагубица)","PeriodNastanka":"rr","RegionSrbije":"i","StatusPosecenosti":"usk","OpisLokaliteta":null,"LinkKaSajtu":null}},{"type":"Feature","geometry":{"type":"Point","coordinates":[21.007232999679736,42.225403000132566]},"properties":{"OBJECTID":67,"Naziv":"Градиште-Чајлије (Брезовица)","PeriodNastanka":"sv","RegionSrbije":"k","StatusPosecenosti":"usk","OpisLokaliteta":null,"LinkKaSajtu":null}},{"type":"Feature","geometry":{"type":"Point","coordinates":[21.045191000294817,43.52372099975186]},"properties":{"OBJECTID":220,"Naziv":"Градац (Риђевштица)","PeriodNastanka":"rr","RegionSrbije":"c","StatusPosecenosti":"usk","OpisLokaliteta":null,"LinkKaSajtu":null}},{"type":"Feature","geometry":{"type":"Point","coordinates":[20.622196000367556,43.071081999990255]},"properties":{"OBJECTID":161,"Naziv":"Шанац","PeriodNastanka":"sv","RegionSrbije":"z","StatusPosecenosti":"usk","OpisLokaliteta":null,"LinkKaSajtu":null}},{"type":"Feature","geometry":{"type":"Point","coordinates":[21.827345000277546,42.5494129997487]},"properties":{"OBJECTID":270,"Naziv":"Градиште (Дубница)","PeriodNastanka":"rr","RegionSrbije":"j","StatusPosecenosti":"usk","OpisLokaliteta":null,"LinkKaSajtu":null}},{"type":"Feature","geometry":{"type":"Point","coordinates":[21.02924811924717,44.714621825160364]},"properties":{"OBJECTID":104,"Naziv":"Кулич","PeriodNastanka":"sv","RegionSrbije":"c","StatusPosecenosti":"po","OpisLokaliteta":null,"LinkKaSajtu":null}},{"type":"Feature","geometry":{"type":"Point","coordinates":[20.84535599977983,43.408384000123505]},"properties":{"OBJECTID":64,"Naziv":"Градиште (Рокци)","PeriodNastanka":"sv","RegionSrbije":"c","StatusPosecenosti":"usk","OpisLokaliteta":null,"LinkKaSajtu":null}},{"type":"Feature","geometry":{"type":"Point","coordinates":[20.97335099956346,43.63769800006535]},"properties":{"OBJECTID":25,"Naziv":"Грабовац","PeriodNastanka":"sv","RegionSrbije":"c","StatusPosecenosti":"po","OpisLokaliteta":"Претпоставља се да је настало у периоду ране Византије, тачније у време Јустинијанове обнове, а коришћено је и у средњем веку. Грабовац спада у највеће тврђаве Западног Поморавља, чија је улога била да контролише пут који је долином реке водио ка престоном Крушевцу. Вероватно је његов значај за српски народ био највећи непосредно након Косовског боја, када се овде налазила војска која је штитила оближњи манастир Љубостињу, одакле је кнегиња Милица управљала државом.","LinkKaSajtu":"https://tvrdjave.rs/grabovac/"}},{"type":"Feature","geometry":{"type":"Point","coordinates":[21.01298299993071,43.488331000319995]},"properties":{"OBJECTID":288,"Naziv":"Градиште (Пуховац)","PeriodNastanka":"rr","RegionSrbije":"c","StatusPosecenosti":"usk","OpisLokaliteta":null,"LinkKaSajtu":null}},{"type":"Feature","geometry":{"type":"Point","coordinates":[21.295666999612674,43.13506500011472]},"properties":{"OBJECTID":114,"Naziv":"Марина кула","PeriodNastanka":"sv","RegionSrbije":"j","StatusPosecenosti":"usk","OpisLokaliteta":null,"LinkKaSajtu":null}},{"type":"Feature","geometry":{"type":"Point","coordinates":[19.335679999625544,44.632505000267955]},"properties":{"OBJECTID":186,"Naziv":"Видин град","PeriodNastanka":"rr","RegionSrbije":"z","StatusPosecenosti":"usk","OpisLokaliteta":null,"LinkKaSajtu":null}},{"type":"Feature","geometry":{"type":"Point","coordinates":[21.95916812213543,44.63074848696287]},"properties":{"OBJECTID":5776,"Naziv":"Салдум","PeriodNastanka":"rr","RegionSrbije":"i","StatusPosecenosti":"usk","OpisLokaliteta":null,"LinkKaSajtu":null}},{"type":"Feature","geometry":{"type":"Point","coordinates":[22.326965000366148,43.142158000069564]},"properties":{"OBJECTID":342,"Naziv":"Кула (Горња Коритница)","PeriodNastanka":"rr","RegionSrbije":"j","StatusPosecenosti":"usk","OpisLokaliteta":null,"LinkKaSajtu":null}},{"type":"Feature","geometry":{"type":"Point","coordinates":[20.23128000003469,43.28685900022661]},"properties":{"OBJECTID":406,"Naziv":"Шарски крш","PeriodNastanka":"rr","RegionSrbije":"z","StatusPosecenosti":"po","OpisLokaliteta":null,"LinkKaSajtu":null}},{"type":"Feature","geometry":{"type":"Point","coordinates":[21.89306199959067,43.634968999832246]},"properties":{"OBJECTID":143,"Naziv":"Сокоград","PeriodNastanka":"sv","RegionSrbije":"i","StatusPosecenosti":"po","OpisLokaliteta":"То је некада био чувени град соколова, који се и данас често могу видети како надлећу његове зидине подигнуте на стрмом и скоро неприступачном узвишењу, на месту где се шумовити обронци планине Девице нагло сурвавају у дубине кањона. Успон уз литице некада неосвојивог Сокограда прави је доживљај за све који желе да разгледају његове археолошке остатке и уживају у величанственом погледу који се одатле пружа.","LinkKaSajtu":"https://tvrdjave.rs/sokograd/"}},{"type":"Feature","geometry":{"type":"Point","coordinates":[19.39155599991693,43.51027699973026]},"properties":{"OBJECTID":133,"Naziv":"Равански град","PeriodNastanka":"sv","RegionSrbije":"z","StatusPosecenosti":"po","OpisLokaliteta":null,"LinkKaSajtu":null}},{"type":"Feature","geometry":{"type":"Point","coordinates":[21.850690999989535,43.62607299991542]},"properties":{"OBJECTID":392,"Naziv":"Татумиров град","PeriodNastanka":"rr","RegionSrbije":"i","StatusPosecenosti":"usk","OpisLokaliteta":null,"LinkKaSajtu":null}},{"type":"Feature","geometry":{"type":"Point","coordinates":[20.859776000163954,42.553965000052536]},"properties":{"OBJECTID":234,"Naziv":"Градина (Лапушник)","PeriodNastanka":"rr","RegionSrbije":"k","StatusPosecenosti":"usk","OpisLokaliteta":null,"LinkKaSajtu":null}},{"type":"Feature","geometry":{"type":"Point","coordinates":[22.69638100026835,44.60064300010148]},"properties":{"OBJECTID":335,"Naziv":"Конопиште (Мала Врбица)","PeriodNastanka":"rr","RegionSrbije":"i","StatusPosecenosti":"usk","OpisLokaliteta":null,"LinkKaSajtu":null}},{"type":"Feature","geometry":{"type":"Point","coordinates":[20.4097439999904,44.84833500013026]},"properties":{"OBJECTID":78,"Naziv":"Земунска тврђава","PeriodNastanka":"sv","RegionSrbije":"v","StatusPosecenosti":"po","OpisLokaliteta":"Београдске тврђаве и ушћа Саве у Дунав, водиле су се бројне битке и смењивали различити освајачи, народи и културе. Прво утврђење овде граде Келти, затим Римљани, док данашњи остаци зидина потичу из средњег века. Од некадашњег већег утврђења очувала се само четвороугаона цитадела, у чијем средишту је 1896. године подигнута Миленијумска кула, у народу познатија као Кула Сибињанин Јанка.","LinkKaSajtu":"https://tvrdjave.rs/zemunska-tvrdjava/"}},{"type":"Feature","geometry":{"type":"Point","coordinates":[20.317926000041204,43.01788999988816]},"properties":{"OBJECTID":308,"Naziv":"Злоступ (Островица)","PeriodNastanka":"rr","RegionSrbije":"z","StatusPosecenosti":"usk","OpisLokaliteta":null,"LinkKaSajtu":null}},{"type":"Feature","geometry":{"type":"Point","coordinates":[20.638590000079528,43.27283099976226]},"properties":{"OBJECTID":231,"Naziv":"Градина (Кончулић)","PeriodNastanka":"rr","RegionSrbije":"z","StatusPosecenosti":"po","OpisLokaliteta":null,"LinkKaSajtu":null}},{"type":"Feature","geometry":{"type":"Point","coordinates":[21.529597999605823,43.92077199992247]},"properties":{"OBJECTID":130,"Naziv":"Петрус","PeriodNastanka":"sv","RegionSrbije":"c","StatusPosecenosti":"po","OpisLokaliteta":"У 14. веку то је био војни и  административни центар, као и највећи утврђени град средњег Поморавља и по њему се читав тај крај назива Петрушка област, односно Пустош Петрус. Претпоставља се да је име добио по великом каменом мегалиту величине 8 пута 6 метара, у народу познатом као Крстата стена, који је смештен на централном градском платоу и са три стране окружен стрмим литицама кањона.","LinkKaSajtu":"https://tvrdjave.rs/petrus/"}},{"type":"Feature","geometry":{"type":"Point","coordinates":[20.371269999889602,43.128018999951365]},"properties":{"OBJECTID":319,"Naziv":"Јужац","PeriodNastanka":"rr","RegionSrbije":"z","StatusPosecenosti":"po","OpisLokaliteta":"По предању, на Јушцу су били „двори Југ Богдана“, па је по њему названо и читаво брдо. То је вишеслојно археолошко налазиште које је било у употреби од праисторије све до средњег века. У доба касне антике, највероватније током 4. века, овде је саграђена тврђава, чија је улога била да контролише долину Рашке. Утврђење је страдало крајем 6. или почетком 7. века и од тада више није обнављано. ","LinkKaSajtu":"https://tvrdjave.rs/juzac/"}},{"type":"Feature","geometry":{"type":"Point","coordinates":[20.848489000097356,43.73218899976838]},"properties":{"OBJECTID":294,"Naziv":"Градиште (Чукојевац)","PeriodNastanka":"rr","RegionSrbije":"c","StatusPosecenosti":"usk","OpisLokaliteta":null,"LinkKaSajtu":null}},{"type":"Feature","geometry":{"type":"Point","coordinates":[20.542374000314577,43.25998700020034]},"properties":{"OBJECTID":180,"Naziv":"Велика градина (Носољин)","PeriodNastanka":"rr","RegionSrbije":"z","StatusPosecenosti":"usk","OpisLokaliteta":null,"LinkKaSajtu":null}},{"type":"Feature","geometry":{"type":"Point","coordinates":[21.895349999636178,43.32334000017462]},"properties":{"OBJECTID":121,"Naziv":"Нишка тврђава","PeriodNastanka":"sv","RegionSrbije":"j","StatusPosecenosti":"usk","OpisLokaliteta":null,"LinkKaSajtu":null}},{"type":"Feature","geometry":{"type":"Point","coordinates":[21.231766000341903,43.85006499988171]},"properties":{"OBJECTID":314,"Naziv":"Јеринин град (Драгошевац)","PeriodNastanka":"rr","RegionSrbije":"c","StatusPosecenosti":"po","OpisLokaliteta":null,"LinkKaSajtu":null}},{"type":"Feature","geometry":{"type":"Point","coordinates":[21.03268099966439,44.15255899970481]},"properties":{"OBJECTID":88,"Naziv":"Јеринино брдо (Градац)","PeriodNastanka":"sv","RegionSrbije":"c","StatusPosecenosti":"po","OpisLokaliteta":null,"LinkKaSajtu":null}},{"type":"Feature","geometry":{"type":"Point","coordinates":[20.907496999983,44.23984999976533]},"properties":{"OBJECTID":417,"Naziv":"Градиште (Вишевац)","PeriodNastanka":"pr","RegionSrbije":"c","StatusPosecenosti":"usk","OpisLokaliteta":null,"LinkKaSajtu":null}},{"type":"Feature","geometry":{"type":"Point","coordinates":[19.210280999858973,44.464782999818176]},"properties":{"OBJECTID":356,"Naziv":"Кулиште (Зајача)","PeriodNastanka":"rr","RegionSrbije":"z","StatusPosecenosti":"usk","OpisLokaliteta":null,"LinkKaSajtu":null}},{"type":"Feature","geometry":{"type":"Point","coordinates":[19.68685599963616,43.62967699991161]},"properties":{"OBJECTID":42,"Naziv":"Градина (Доброселица)","PeriodNastanka":"sv","RegionSrbije":"z","StatusPosecenosti":"usk","OpisLokaliteta":null,"LinkKaSajtu":null}},{"type":"Feature","geometry":{"type":"Point","coordinates":[21.756492000108423,43.26545600022364]},"properties":{"OBJECTID":348,"Naziv":"Кулина (Балајнац)","PeriodNastanka":"rr","RegionSrbije":"j","StatusPosecenosti":"usk","OpisLokaliteta":null,"LinkKaSajtu":null}},{"type":"Feature","geometry":{"type":"Point","coordinates":[20.116888999777164,43.81467999977044]},"properties":{"OBJECTID":242,"Naziv":"Градина (Прилипац)","PeriodNastanka":"rr","RegionSrbije":"c","StatusPosecenosti":"usk","OpisLokaliteta":null,"LinkKaSajtu":null}},{"type":"Feature","geometry":{"type":"Point","coordinates":[20.43113700029096,45.724277999889786]},"properties":{"OBJECTID":411,"Naziv":"Галад град","PeriodNastanka":"pr","RegionSrbije":"v","StatusPosecenosti":"usk","OpisLokaliteta":null,"LinkKaSajtu":null}},{"type":"Feature","geometry":{"type":"Point","coordinates":[22.418374999886332,43.204488000052876]},"properties":{"OBJECTID":198,"Naziv":"Горње Градиште (Теловац)","PeriodNastanka":"rr","RegionSrbije":"j","StatusPosecenosti":"usk","OpisLokaliteta":null,"LinkKaSajtu":null}},{"type":"Feature","geometry":{"type":"Point","coordinates":[20.940769999828785,43.45513299979152]},"properties":{"OBJECTID":95,"Naziv":"Козник","PeriodNastanka":"sv","RegionSrbije":"c","StatusPosecenosti":"po","OpisLokaliteta":"Познат као тврђава са једним од географски најистакнутијих положаја у Србији, Козник се, такође, убраја међу најочуванија и свакако најлепша остварења српског средњовековног одбрамбеног градитељства. Тачно време настанка града није познато, али се претпоставља да је саграђен у другој половини 14. века, у време појачане опасности од напада Османлија, као седиште неког од моћних српских великаша. У народу је остало предање да га је основала „Проклета Јерина“, а да га је саградио неимар Најдан.","LinkKaSajtu":"https://tvrdjave.rs/koznik/"}},{"type":"Feature","geometry":{"type":"Point","coordinates":[20.519746999579564,43.93444100008085]},"properties":{"OBJECTID":144,"Naziv":"Соколица","PeriodNastanka":"sv","RegionSrbije":"c","StatusPosecenosti":"po","OpisLokaliteta":null,"LinkKaSajtu":null}},{"type":"Feature","geometry":{"type":"Point","coordinates":[19.45633599979486,44.36620100031499]},"properties":{"OBJECTID":84,"Naziv":"Јеринин град (Толисавац)","PeriodNastanka":"sv","RegionSrbije":"z","StatusPosecenosti":"usk","OpisLokaliteta":null,"LinkKaSajtu":null}},{"type":"Feature","geometry":{"type":"Point","coordinates":[19.784510000050048,43.15028399991517]},"properties":{"OBJECTID":173,"Naziv":"Вакуфска градина","PeriodNastanka":"rr","RegionSrbije":"z","StatusPosecenosti":"usk","OpisLokaliteta":null,"LinkKaSajtu":null}},{"type":"Feature","geometry":{"type":"Point","coordinates":[20.111375000426047,43.14549299972687]},"properties":{"OBJECTID":248,"Naziv":"Градина (Тузиње)","PeriodNastanka":"rr","RegionSrbije":"z","StatusPosecenosti":"usk","OpisLokaliteta":null,"LinkKaSajtu":null}},{"type":"Feature","geometry":{"type":"Point","coordinates":[20.99800600005297,42.57831900014464]},"properties":{"OBJECTID":223,"Naziv":"Градина (Ариљача)","PeriodNastanka":"rr","RegionSrbije":"k","StatusPosecenosti":"usk","OpisLokaliteta":null,"LinkKaSajtu":null}},{"type":"Feature","geometry":{"type":"Point","coordinates":[20.774502999610743,43.05904300024473]},"properties":{"OBJECTID":31,"Naziv":"Градац (Гркаје)","PeriodNastanka":"sv","RegionSrbije":"k","StatusPosecenosti":"usk","OpisLokaliteta":null,"LinkKaSajtu":null}},{"type":"Feature","geometry":{"type":"Point","coordinates":[21.523418000082856,44.271754999831096]},"properties":{"OBJECTID":101,"Naziv":"Кула мотриља на Јежевцу","PeriodNastanka":"sv","RegionSrbije":"i","StatusPosecenosti":"po","OpisLokaliteta":"Средњовековни град Ждрело, у питању је читав комплекс утврђења, кула стражара и сакралних објеката, који захвата шире подручје клисуре, простирући се са обе стране реке и то претежно по стрмим и готово неприступачним литицама планинских масива Вукана и Јежевца. Крајем 13. века, овај град је био седиште бугарских великаша Дрмана и Куделина, који су одавде владали областима Браничева и Кучева, све док их српски краљеви Драгутин и Милутин нису покорили и припојили ове крајеве Србији.","LinkKaSajtu":"https://tvrdjave.rs/zdrelo/"}},{"type":"Feature","geometry":{"type":"Point","coordinates":[21.627873999810635,43.42686899979378]},"properties":{"OBJECTID":279,"Naziv":"Градиште (Кулина)","PeriodNastanka":"rr","RegionSrbije":"j","StatusPosecenosti":"usk","OpisLokaliteta":null,"LinkKaSajtu":null}},{"type":"Feature","geometry":{"type":"Point","coordinates":[21.222260234617888,44.7346279107847]},"properties":{"OBJECTID":187,"Naziv":"Виминацијум / Viminacium","PeriodNastanka":"rr","RegionSrbije":"i","StatusPosecenosti":"po","OpisLokaliteta":"Убраја се међу најзначајнија и најбогатија археолошка налазишта из римског периода на тлу Србије. Као главни град провинције Горње Мезије, представљао је важан војни, административни, привредни и културни центар. Био је то велики град са свим царским обележјима које садрже познати антички локалитети. Његови остаци су вековима остали скривен под слојевима браничевских ораница, баш као Помпеји под пепелом Везува. Због те аналогије, добио је надимак \"Балкански Помпеји\"","LinkKaSajtu":"https://tvrdjave.rs/viminacijum/"}},{"type":"Feature","geometry":{"type":"Point","coordinates":[20.999379000404602,43.12363399979473]},"properties":{"OBJECTID":21,"Naziv":"Врхлаб","PeriodNastanka":"sv","RegionSrbije":"k","StatusPosecenosti":"usk","OpisLokaliteta":null,"LinkKaSajtu":null}},{"type":"Feature","geometry":{"type":"Point","coordinates":[19.32310600031937,44.32136099971189]},"properties":{"OBJECTID":255,"Naziv":"Градине (Рујевац)","PeriodNastanka":"rr","RegionSrbije":"z","StatusPosecenosti":"usk","OpisLokaliteta":null,"LinkKaSajtu":null}},{"type":"Feature","geometry":{"type":"Point","coordinates":[22.18662106788256,44.46978698618265]},"properties":{"OBJECTID":29,"Naziv":"Градац","PeriodNastanka":"rr","RegionSrbije":"i","StatusPosecenosti":"po","OpisLokaliteta":null,"LinkKaSajtu":null}},{"type":"Feature","geometry":{"type":"Point","coordinates":[21.048603000271566,42.832737000119906]},"properties":{"OBJECTID":51,"Naziv":"Градина (Самодрежа)","PeriodNastanka":"sv","RegionSrbije":"k","StatusPosecenosti":"usk","OpisLokaliteta":null,"LinkKaSajtu":null}},{"type":"Feature","geometry":{"type":"Point","coordinates":[20.664166999935635,43.28453200019622]},"properties":{"OBJECTID":230,"Naziv":"Градина (Казновиће)","PeriodNastanka":"rr","RegionSrbije":"z","StatusPosecenosti":"usk","OpisLokaliteta":null,"LinkKaSajtu":null}},{"type":"Feature","geometry":{"type":"Point","coordinates":[22.094579000253745,43.4740730000217]},"properties":{"OBJECTID":137,"Naziv":"Сврљишка тврђава","PeriodNastanka":"sv","RegionSrbije":"i","StatusPosecenosti":"po","OpisLokaliteta":null,"LinkKaSajtu":null}},{"type":"Feature","geometry":{"type":"Point","coordinates":[21.029462999856406,43.75448100001963]},"properties":{"OBJECTID":204,"Naziv":"Град (Превешт)","PeriodNastanka":"rr","RegionSrbije":"c","StatusPosecenosti":"usk","OpisLokaliteta":null,"LinkKaSajtu":null}},{"type":"Feature","geometry":{"type":"Point","coordinates":[21.404398000030895,43.67031600012581]},"properties":{"OBJECTID":147,"Naziv":"Сталаћ","PeriodNastanka":"sv","RegionSrbije":"c","StatusPosecenosti":"po","OpisLokaliteta":"Подигнут је на врху доминантног седластог узвишења које припада крајњем северном огранку Мојсињских планина. Град је настао још у античко доба, али је крајем 14. века, за време кнеза Лазара, на овом месту сазидано ново утврђење у циљу заштите престоног Крушевца и контроле улаза у Западно-моравску долину. Свега неколико деценија касније, током похода турског султана Мусе на Србију, Сталаћ је запоседнут и разорен и од тада више није обнављан. Од утврђења су до данас опстали само остаци донжона.","LinkKaSajtu":"https://tvrdjave.rs/stalac/"}},{"type":"Feature","geometry":{"type":"Point","coordinates":[21.755613509744315,43.65755805087919]},"properties":{"OBJECTID":7405,"Naziv":"Градиште (Трубаревац)","PeriodNastanka":"rr","RegionSrbije":"i","StatusPosecenosti":"usk","OpisLokaliteta":null,"LinkKaSajtu":null}},{"type":"Feature","geometry":{"type":"Point","coordinates":[22.64745180232478,44.548880514116156]},"properties":{"OBJECTID":5770,"Naziv":"Караула (Вајуга)","PeriodNastanka":"rr","RegionSrbije":"i","StatusPosecenosti":"po","OpisLokaliteta":null,"LinkKaSajtu":null}},{"type":"Feature","geometry":{"type":"Point","coordinates":[19.97737199975027,44.139502999756736]},"properties":{"OBJECTID":6,"Naziv":"Бела стена","PeriodNastanka":"sv","RegionSrbije":"c","StatusPosecenosti":"usk","OpisLokaliteta":null,"LinkKaSajtu":null}},{"type":"Feature","geometry":{"type":"Point","coordinates":[20.04679800003941,44.23173200003795]},"properties":{"OBJECTID":17,"Naziv":"Велимирови двори","PeriodNastanka":"sv","RegionSrbije":"z","StatusPosecenosti":"po","OpisLokaliteta":null,"LinkKaSajtu":null}},{"type":"Feature","geometry":{"type":"Point","coordinates":[20.599274000079784,44.27311799990094]},"properties":{"OBJECTID":70,"Naziv":"Дворине","PeriodNastanka":"sv","RegionSrbije":"c","StatusPosecenosti":"po","OpisLokaliteta":null,"LinkKaSajtu":null}},{"type":"Feature","geometry":{"type":"Point","coordinates":[20.309193000158874,45.20738000005389]},"properties":{"OBJECTID":151,"Naziv":"Тител (Стари град)","PeriodNastanka":"sv","RegionSrbije":"v","StatusPosecenosti":"usk","OpisLokaliteta":null,"LinkKaSajtu":null}},{"type":"Feature","geometry":{"type":"Point","coordinates":[19.610080999686947,44.96659700029221]},"properties":{"OBJECTID":386,"Naziv":"Сирмијум / Sirmium","PeriodNastanka":"rr","RegionSrbije":"v","StatusPosecenosti":"usk","OpisLokaliteta":null,"LinkKaSajtu":null}},{"type":"Feature","geometry":{"type":"Point","coordinates":[22.665439000125737,42.91479200006322]},"properties":{"OBJECTID":273,"Naziv":"Градиште (Искровци)","PeriodNastanka":"rr","RegionSrbije":"j","StatusPosecenosti":"usk","OpisLokaliteta":null,"LinkKaSajtu":null}},{"type":"Feature","geometry":{"type":"Point","coordinates":[22.002654000174413,43.107734999687295]},"properties":{"OBJECTID":266,"Naziv":"Градиште (Горња Локошница)","PeriodNastanka":"rr","RegionSrbije":"j","StatusPosecenosti":"usk","OpisLokaliteta":null,"LinkKaSajtu":null}},{"type":"Feature","geometry":{"type":"Point","coordinates":[19.16664168777282,44.51215285730845]},"properties":{"OBJECTID":334,"Naziv":"Ковиљкин град","PeriodNastanka":"rr","RegionSrbije":"z","StatusPosecenosti":"usk","OpisLokaliteta":null,"LinkKaSajtu":null}},{"type":"Feature","geometry":{"type":"Point","coordinates":[19.97559099986796,44.973087000218236]},"properties":{"OBJECTID":165,"Naziv":"Басијана / Basiana","PeriodNastanka":"rr","RegionSrbije":"v","StatusPosecenosti":"usk","OpisLokaliteta":null,"LinkKaSajtu":null}},{"type":"Feature","geometry":{"type":"Point","coordinates":[21.80290499987318,43.08677900003996]},"properties":{"OBJECTID":324,"Naziv":"Кале (Горње Бријање)","PeriodNastanka":"rr","RegionSrbije":"j","StatusPosecenosti":"usk","OpisLokaliteta":null,"LinkKaSajtu":null}},{"type":"Feature","geometry":{"type":"Point","coordinates":[21.708640521791036,44.655292249045864]},"properties":{"OBJECTID":5779,"Naziv":"Ливадица","PeriodNastanka":"rr","RegionSrbije":"i","StatusPosecenosti":"usk","OpisLokaliteta":null,"LinkKaSajtu":null}},{"type":"Feature","geometry":{"type":"Point","coordinates":[22.135305000415006,42.9256660000836]},"properties":{"OBJECTID":211,"Naziv":"Градац (Градиште)","PeriodNastanka":"rr","RegionSrbije":"j","StatusPosecenosti":"usk","OpisLokaliteta":null,"LinkKaSajtu":null}},{"type":"Feature","geometry":{"type":"Point","coordinates":[21.411966999798995,43.6566639999408]},"properties":{"OBJECTID":396,"Naziv":"Укоса  (Град Сталаћ)","PeriodNastanka":"rr","RegionSrbije":"j","StatusPosecenosti":"usk","OpisLokaliteta":null,"LinkKaSajtu":null}},{"type":"Feature","geometry":{"type":"Point","coordinates":[20.460388999889574,44.16895000026989]},"properties":{"OBJECTID":125,"Naziv":"Острвица","PeriodNastanka":"sv","RegionSrbije":"c","StatusPosecenosti":"po","OpisLokaliteta":null,"LinkKaSajtu":null}},{"type":"Feature","geometry":{"type":"Point","coordinates":[21.20284100008316,44.10740199983046]},"properties":{"OBJECTID":313,"Naziv":"Јеринин град (Војска)","PeriodNastanka":"rr","RegionSrbije":"c","StatusPosecenosti":"usk","OpisLokaliteta":null,"LinkKaSajtu":null}},{"type":"Feature","geometry":{"type":"Point","coordinates":[22.22997700012414,44.02442199983613]},"properties":{"OBJECTID":379,"Naziv":"Рготски камен","PeriodNastanka":"rr","RegionSrbije":"i","StatusPosecenosti":"po","OpisLokaliteta":"Због великих рудних богатстава овог краја, као и због свог стратешког и лако одбрањивог положаја, ово ремек дело природе је било насељено од давнина, а и данас се овде могу уочити остаци некадашњег римског каструма. Наиме, на Рготском камену се некада налазио утврђени занатско-трговачки центар, за који се претпоставља да је егзистирао од краја 3. до средине 5. века, тачније до најезде Хуна 441. године.","LinkKaSajtu":"https://tvrdjave.rs/rgotski-kamen/"}},{"type":"Feature","geometry":{"type":"Point","coordinates":[21.838175659773093,44.64929165403746]},"properties":{"OBJECTID":400,"Naziv":"Чезава / Novae","PeriodNastanka":"rr","RegionSrbije":"i","StatusPosecenosti":"po","OpisLokaliteta":null,"LinkKaSajtu":null}},{"type":"Feature","geometry":{"type":"Point","coordinates":[22.170281000325293,42.93053599984511]},"properties":{"OBJECTID":183,"Naziv":"Велики Морич (Самарница)","PeriodNastanka":"rr","RegionSrbije":"j","StatusPosecenosti":"usk","OpisLokaliteta":null,"LinkKaSajtu":null}},{"type":"Feature","geometry":{"type":"Point","coordinates":[21.49466500025153,43.62153799985866]},"properties":{"OBJECTID":85,"Naziv":"Јеринин град (Трубарево)","PeriodNastanka":"sv","RegionSrbije":"c","StatusPosecenosti":"po","OpisLokaliteta":null,"LinkKaSajtu":null}},{"type":"Feature","geometry":{"type":"Point","coordinates":[21.026362000224246,43.80867599993772]},"properties":{"OBJECTID":76,"Naziv":"Жупањевац","PeriodNastanka":"sv","RegionSrbije":"c","StatusPosecenosti":"po","OpisLokaliteta":"Средњовековни град Жупањевац, познат још и као Жупањевачки град или Доњи град, је утврђење које првобитно имало функцију стражарског кастела на улазу у речни кланац да би временом прерасло у властеоски стан, а онда и у манастир.","LinkKaSajtu":"https://tvrdjave.rs/zupanjevac/"}},{"type":"Feature","geometry":{"type":"Point","coordinates":[22.30447800027154,43.215372999844995]},"properties":{"OBJECTID":361,"Naziv":"Мало Курило","PeriodNastanka":"rr","RegionSrbije":"j","StatusPosecenosti":"usk","OpisLokaliteta":null,"LinkKaSajtu":null}},{"type":"Feature","geometry":{"type":"Point","coordinates":[21.53174400025941,43.621785999716046]},"properties":{"OBJECTID":287,"Naziv":"Градиште (Прасковче)","PeriodNastanka":"rr","RegionSrbije":"j","StatusPosecenosti":"po","OpisLokaliteta":null,"LinkKaSajtu":null}},{"type":"Feature","geometry":{"type":"Point","coordinates":[21.67040299959552,42.95273200004117]},"properties":{"OBJECTID":399,"Naziv":"Царичин град / Justiniana Prima","PeriodNastanka":"rr","RegionSrbije":"j","StatusPosecenosti":"po","OpisLokaliteta":null,"LinkKaSajtu":null}},{"type":"Feature","geometry":{"type":"Point","coordinates":[20.31711099990642,43.193662999933]},"properties":{"OBJECTID":345,"Naziv":"Кула (Рогатац)","PeriodNastanka":"rr","RegionSrbije":"z","StatusPosecenosti":"usk","OpisLokaliteta":null,"LinkKaSajtu":null}},{"type":"Feature","geometry":{"type":"Point","coordinates":[20.802418999565965,43.40178899969559]},"properties":{"OBJECTID":27,"Naziv":"Град (Раковац)","PeriodNastanka":"sv","RegionSrbije":"c","StatusPosecenosti":"usk","OpisLokaliteta":null,"LinkKaSajtu":null}},{"type":"Feature","geometry":{"type":"Point","coordinates":[20.131545000162852,43.3874909998327]},"properties":{"OBJECTID":45,"Naziv":"Градина (Ерчеге)","PeriodNastanka":"sv","RegionSrbije":"z","StatusPosecenosti":"usk","OpisLokaliteta":null,"LinkKaSajtu":null}},{"type":"Feature","geometry":{"type":"Point","coordinates":[19.11492299988651,44.371999000287005]},"properties":{"OBJECTID":124,"Naziv":"Орловине","PeriodNastanka":"sv","RegionSrbije":"z","StatusPosecenosti":"usk","OpisLokaliteta":null,"LinkKaSajtu":null}},{"type":"Feature","geometry":{"type":"Point","coordinates":[20.239735000082696,43.06224099968207]},"properties":{"OBJECTID":297,"Naziv":"Градови (Шароње)","PeriodNastanka":"rr","RegionSrbije":"z","StatusPosecenosti":"usk","OpisLokaliteta":null,"LinkKaSajtu":null}},{"type":"Feature","geometry":{"type":"Point","coordinates":[21.578341999972082,43.22667799984794]},"properties":{"OBJECTID":158,"Naziv":"Хисар (Прокупље)","PeriodNastanka":"sv","RegionSrbije":"j","StatusPosecenosti":"po","OpisLokaliteta":"Подигнута је крајем 14. века на остацима из античког периода, а у циљу заштите ове области од најезде Османлија. Утврђење се састоји из цитаделе овалне основе на највишем платоу, од које се спуштају два концентрична бедема формирајући два подграђа, у којима су црква Св. Прокопија из 10. века и Латинска црква из 14. века. Као истурено упориште на обали реке Топлице налази се најбоље очувана Југ Богданова кула.","LinkKaSajtu":"https://tvrdjave.rs/hisar-prokuplje/"}},{"type":"Feature","geometry":{"type":"Point","coordinates":[21.746792999580272,43.70377799996964]},"properties":{"OBJECTID":291,"Naziv":"Градиште (Рујевица)","PeriodNastanka":"rr","RegionSrbije":"i","StatusPosecenosti":"usk","OpisLokaliteta":null,"LinkKaSajtu":null}},{"type":"Feature","geometry":{"type":"Point","coordinates":[21.233138999795205,44.02904999974393]},"properties":{"OBJECTID":414,"Naziv":"Градац (Ново Ланиште)","PeriodNastanka":"pr","RegionSrbije":"c","StatusPosecenosti":"usk","OpisLokaliteta":null,"LinkKaSajtu":null}},{"type":"Feature","geometry":{"type":"Point","coordinates":[19.385891000054745,44.49102600010532]},"properties":{"OBJECTID":408,"Naziv":"Шурички градац (Шурице)","PeriodNastanka":"rr","RegionSrbije":"z","StatusPosecenosti":"usk","OpisLokaliteta":null,"LinkKaSajtu":null}},{"type":"Feature","geometry":{"type":"Point","coordinates":[20.22201099967683,43.09706600022141]},"properties":{"OBJECTID":245,"Naziv":"Градина (Рамошево)","PeriodNastanka":"rr","RegionSrbije":"z","StatusPosecenosti":"usk","OpisLokaliteta":null,"LinkKaSajtu":null}},{"type":"Feature","geometry":{"type":"Point","coordinates":[22.087669000086485,43.35867500019985]},"properties":{"OBJECTID":190,"Naziv":"Вишеград (Ореовац)","PeriodNastanka":"rr","RegionSrbije":"j","StatusPosecenosti":"usk","OpisLokaliteta":null,"LinkKaSajtu":null}},{"type":"Feature","geometry":{"type":"Point","coordinates":[20.402490999691473,43.73656099992242]},"properties":{"OBJECTID":37,"Naziv":"Градина (Властељице)","PeriodNastanka":"sv","RegionSrbije":"c","StatusPosecenosti":"usk","OpisLokaliteta":null,"LinkKaSajtu":null}},{"type":"Feature","geometry":{"type":"Point","coordinates":[21.2824060002182,43.81780799971562]},"properties":{"OBJECTID":118,"Naziv":"Момчилов град  (Поточац)","PeriodNastanka":"sv","RegionSrbije":"c","StatusPosecenosti":"usk","OpisLokaliteta":null,"LinkKaSajtu":null}}]}